Name,Image,Outdoor Image,Icon,Source,Droppable,Buy Price (Bells),Buy Price (Medals),Sell Price (Re-Tail),Sell Price (Nooklings),Sell Price (Leila),Placeable in House,HHA Base Points,Color 1,Color 2,When HHA Lucky,Fashion,Equip Type,Clothing Type,Consumable,Plant,Notes,Name (English EU),Name (Japanese),Name (Spanish NA),Name (Spanish EU),Name (French NA),Name (French EU),Name (German),Name (Italian),Name (Korean),Version Added,Hex ID (1.0),Hex ID (1.4),Model Filename,New To Series,Name (GCN),Name (WW),Name (CF),Name (NH),Name (HHD),Name (PC)
apple,,,,Fruit Tree,Yes,-,-,500,400,25,No,0,red,-,-,-,-,-,Yes,No,,-,リンゴ,manzana,manzana,pomme,pomme,Apfel,mela,사과,1.0,2001,2001,int_fru_apple,No,apple,apple,apple,apple,apple,apple
orange,,,,Fruit Tree,Yes,-,-,500,400,25,No,0,orange,-,-,-,-,-,Yes,No,,-,オレンジ,naranja,naranja,orange,orange,Orange,arancia,오렌지,1.0,2002,2002,int_fru_orange,No,orange,orange,orange,orange,orange,orange
pear,,,,Fruit Tree,Yes,-,-,500,400,25,No,0,green,-,-,-,-,-,Yes,No,,-,ナシ,pera,pera,poire,poire,Birne,pera,배,1.0,2003,2003,int_fru_pear,No,pear,pear,pear,pear,pear,pear
peach,,,,Fruit Tree,Yes,-,-,500,400,25,No,0,pink,-,-,-,-,-,Yes,No,,-,モモ,melocotón,melocotón,pêche,pêche,Pfirsich,pesca,복숭아,1.0,2004,2004,int_fru_peach,No,peach,peach,peach,peach,peach,peach
cherry,,,,Fruit Tree,Yes,-,-,500,400,25,No,0,red,-,-,-,-,-,Yes,No,,-,さくらんぼ,cereza,cereza,cerise,cerise,Kirsche,ciliegia,체리,1.0,2005,2005,int_fru_cherry,No,cherry,cherry,cherry,cherry,cherry,cherry
coconut,,,,Tortimer Island,Yes,-,-,250,200,12,No,0,-,-,-,-,-,-,Yes,No,Can only grow on beach sand,-,ヤシのみ,coco,coco,noix de coco,noix de coco,Kokosnuss,noce di cocco,야자열매,1.0,2006,2006,int_fru_coconut,No,coconut,coconut,coconut,coconut,coconut,coconut
durian,,,,Tortimer Island,Yes,-,-,250,200,12,No,0,green,-,-,-,-,-,Yes,No,,-,ドリアン,durián,durián,durian,durian,Durianfrucht,durian,두리안,1.0,2007,2007,int_fru_durian,,,,,-,,-
lemon,,,,Tortimer Island,Yes,-,-,250,200,12,No,0,yellow,-,-,-,-,-,Yes,No,,-,レモン,limón,limón,citron,citron,Zitrone,limone,레몬,1.0,2008,2008,int_fru_lemon,,,,,-,,lemon
lychee,,,,Tortimer Island,Yes,-,-,250,200,12,No,0,black,-,-,-,-,-,Yes,No,,-,ライチ,lichi,lichi,litchi,litchi,Litschi,litchi,리치,1.0,2009,2009,int_fru_lychee,,,,,-,,lychee
mango,,,,Tortimer Island,Yes,-,-,250,200,12,No,0,orange,-,-,-,-,-,Yes,No,,-,マンゴー,mango,mango,mangue,mangue,Mango,mango,망고,1.0,200A,200A,int_fru_mango,,,,,-,,-
persimmon,,,,Garden Shop,Yes,1000,-,250,200,12,No,0,orange,-,-,-,-,-,Yes,No,,-,かき,caqui,caqui,kaki,kaki,Persimone,cachi,감,1.0,200B,200B,int_fru_persimmon,,,,,-,,-
banana,,,,Tortimer Island,Yes,-,-,250,200,12,No,0,yellow,-,-,-,-,-,Yes,No,Can only grow on beach sand,-,バナナ,plátano,plátano,banane,banane,Banane,banana,바나나,1.0,200C,200C,int_fru_banana,,,,,-,,-
bamboo shoot,,,,Garden Shop,Yes,3000,-,750,600,-,No,0,-,-,-,-,-,-,Yes,No,,-,たけのこ,brote de bambú,brote de bambú,pousse de bambou,pousse de bambou,Bambussprosse,germoglio di bambù,죽순,1.0,200D,200D,int_fru_banbooshoot,,,,,bamboo shoot,,-
perfect apple,,,,Perfect apple tree / Leif Weeding Minigame,Yes,-,-,3000,2400,150,No,0,-,-,-,-,-,-,Yes,No,Player blushes in pleasure after eating,-,おいしいリンゴ,manzana deliciosa,manzana deliciosa,pomme parfaite,pomme parfaite,1a-Apfel,mela perfetta,맛있는 사과,1.0,200E,200E,int_fru_apple_d,,,,,-,,perfect apple
perfect orange,,,,Perfect orange tree / Leif Weeding Minigame,Yes,-,-,3000,2400,150,No,0,-,-,-,-,-,-,Yes,No,Player blushes in pleasure after eating,-,おいしいオレンジ,naranja deliciosa,naranja deliciosa,orange parfaite,orange parfaite,1a-Orange,arancia perfetta,맛있는 오렌지,1.0,200F,200F,int_fru_orange_d,,,,,-,,perfect orange
perfect pear,,,,Perfect pear tree / Leif Weeding Minigame,Yes,-,-,3000,2400,150,No,0,-,-,-,-,-,-,Yes,No,Player blushes in pleasure after eating,-,おいしいナシ,pera deliciosa,pera deliciosa,poire parfaite,poire parfaite,1a-Birne,pera perfetta,맛있는 배,1.0,2010,2010,int_fru_pear_d,,,,,-,,perfect pear
perfect peach,,,,Perfect peach tree / Leif Weeding Minigame,Yes,-,-,3000,2400,150,No,0,-,-,-,-,-,-,Yes,No,Player blushes in pleasure after eating,-,おいしいモモ,melocotón delicioso,melocotón delicioso,pêche parfaite,pêche parfaite,1a-Pfirsich,pesca perfetta,맛있는 복숭아,1.0,2011,2011,int_fru_peach_d,,,,,-,,perfect peach
perfect cherry,,,,Perfect cherry tree / Leif Weeding Minigame,Yes,-,-,3000,2400,150,No,0,-,-,-,-,-,-,Yes,No,Player blushes in pleasure after eating,-,おいしいさくらんぼ,cereza deliciosa,cereza deliciosa,cerise parfaite,cerise parfaite,1a-Kirsche,ciliegia perfetta,맛있는 체리,1.0,2012,2012,int_fru_cherry_d,,,,,-,,perfect cherry
rotten apple,,,,Perfect apple tree (Final harvest),Yes,-,-,-400,-,-,No,0,-,-,-,-,-,-,No,No,Can spawn ants,-,むしくいリンゴ,manzana podrida,manzana pocha,pomme pourrie,pomme pourrie,Wurm-Apfel,mela bacata,벌레 먹은 사과,1.0,2013,2013,-,,,,,-,,-
rotten orange,,,,Perfect orange tree (Final harvest),Yes,-,-,-400,-,-,No,0,-,-,-,-,-,-,No,No,Can spawn ants,-,むしくいオレンジ,naranja podrida,naranja pocha,orange pourrie,orange pourrie,Wurm-Orange,arancia bacata,벌레 먹은 오렌지,1.0,2014,2014,-,,,,,-,,-
rotten pear,,,,Perfect pear tree (Final harvest),Yes,-,-,-400,-,-,No,0,-,-,-,-,-,-,No,No,Can spawn ants,-,むしくいナシ,pera podrida,pera pocha,poire pourrie,poire pourrie,Wurm-Birne,pera bacata,벌레 먹은 배,1.0,2015,2015,-,,,,,-,,-
rotten peach,,,,Perfect peach tree (Final harvest),Yes,-,-,-400,-,-,No,0,-,-,-,-,-,-,No,No,Can spawn ants,-,むしくいモモ,melocotón podrido,melocotón pocho,pêche pourrie,pêche pourrie,Wurm-Pfirsich,pesca bacata,벌레 먹은 복숭아,1.0,2016,2016,-,,,,,-,,-
rotten cherry,,,,Perfect cherry tree (Final harvest),Yes,-,-,-400,-,-,No,0,-,-,-,-,-,-,No,No,Can spawn ants,-,むしくいさくらんぼ,cereza podrida,cereza pocha,cerise pourrie,cerise pourrie,Wurm-Kirsche,ciliegia bacata,벌레 먹은 체리,1.0,2017,2017,-,,,,,-,,-
apples,,,,Fruit,Yes,-,-,500,400,25,Yes,0,-,-,-,-,-,-,No,No,,-,リンゴのやま,cesta de manzanas,cesta de manzanas,lot de pommes,lot de pommes,Apfelkorb,cesto mele,사과 더미,1.0,2018,2018,int_fru_apple,,,,,-,,
oranges,,,,Fruit,Yes,-,-,500,400,25,Yes,0,-,-,-,-,-,-,No,No,,-,オレンジのやま,cesta de naranjas,cesta de naranjas,lot d'oranges,lot d'oranges,Orangenkorb,cesto arance,오렌지 더미,1.0,2019,2019,int_fru_orange,,,,,-,,
pears,,,,Fruit,Yes,-,-,500,400,25,Yes,0,-,-,-,-,-,-,No,No,,-,ナシのやま,cesta de peras,cesta de peras,lot de poires,lot de poires,Birnenkorb,cesto pere,배 더미,1.0,201A,201A,int_fru_pear,,,,,-,,
peaches,,,,Fruit,Yes,-,-,500,400,25,Yes,0,-,-,-,-,-,-,No,No,,-,モモのやま,cesta de melocotones,cesta de melocotones,lot de pêches,lot de pêches,Pfirsichkorb,cesto pesche,복숭아 더미,1.0,201B,201B,int_fru_peach,,,,,-,,
cherries,,,,Fruit,Yes,-,-,500,400,25,Yes,0,-,-,-,-,-,-,No,No,,-,さくらんぼのやま,cesta de cerezas,cesta de cerezas,lot de cerises,lot de cerises,Kirschenkorb,cesto ciliegie,체리 더미,1.0,201C,201C,int_fru_cherry,,,,,-,,
coconuts,,,,Fruit,Yes,-,-,250,200,12,Yes,0,-,-,-,-,-,-,No,No,,-,ヤシのみのやま,cesta de cocos,cesta de cocos,lot de noix de coco,lot de noix de coco,Kokosnusskorb,cesto noci di cocco,야자열매 더미,1.0,201D,201D,int_fru_coconut,,,,,-,,
durians,,,,Fruit,Yes,-,-,250,200,12,Yes,0,-,-,-,-,-,-,No,No,,-,ドリアンのやま,cesta de durianes,cesta de durianes,lot de durians,lot de durians,Durianfruchtkorb,cesto durian,두리안 더미,1.0,201E,201E,int_fru_durian,,,,,-,,
lemons,,,,Fruit,Yes,-,-,250,200,12,Yes,0,-,-,-,-,-,-,No,No,,-,レモンのやま,cesta de limones,cesta de limones,lot de citrons,lot de citrons,Zitronenkorb,cesto limoni,레몬 더미,1.0,201F,201F,int_fru_lemon,,,,,-,,
lychees,,,,Fruit,Yes,-,-,250,200,12,Yes,0,-,-,-,-,-,-,No,No,,-,ライチのやま,cesta de lichis,cesta de lichis,lot de litchis,lot de litchis,Litschikorb,cesto litchi,리치 더미,1.0,2020,2020,int_fru_lychee,,,,,-,,
mangoes,,,,Fruit,Yes,-,-,250,200,12,Yes,0,-,-,-,-,-,-,No,No,,-,マンゴーのやま,cesta de mangos,cesta de mangos,lot de mangues,lot de mangues,Mangokorb,cesto manghi,망고 더미,1.0,2021,2021,int_fru_mango,,,,,-,,
persimmons,,,,Fruit,Yes,-,-,250,200,12,Yes,0,-,-,-,-,-,-,No,No,,-,かきのやま,cesta de caquis,cesta de caquis,lot de kakis,lot de kakis,Persimonenkorb,cesto cachi,감 더미,1.0,2022,2022,int_fru_persimmon,,,,,-,,
bananas,,,,Fruit,Yes,-,-,250,200,12,Yes,0,-,-,-,-,-,-,No,No,,-,バナナのやま,cesta de plátanos,cesta de plátanos,lot de bananes,lot de bananes,Bananenkorb,cesto banane,바나나 더미,1.0,2023,2023,int_fru_banana,,,,,-,,
bamboo shoots,,,,Fruit,Yes,-,-,750,600,-,Yes,0,-,-,-,-,-,-,No,No,,-,たけのこのやま,cesta brotes bambú,cesta brotes bambú,lot pousses bambou,lot pousses bambou,Bambussprossenkorb,cesto bambù,죽순 더미,1.0,2024,2024,int_fru_banbooshoot,,,,,-,,
perfect apples,,,,Fruit,Yes,-,-,3000,2400,150,Yes,0,-,-,-,-,-,-,No,No,,-,おいしいリンゴのやま,cesta manz. delic.,cesta manz. delic.,lot pommes parfaites,lot pommes parfaites,1a-Apfelkorb,cesto mele perfette,맛있는 사과 더미,1.0,2025,2025,int_fru_apple_d,,,,,-,,
perfect oranges,,,,Fruit,Yes,-,-,3000,2400,150,Yes,0,-,-,-,-,-,-,No,No,,-,おいしいオレンジのやま,cesta naranj. delic.,cesta naranj. delic.,lot orang. parfaites,lot orang. parfaites,1a-Orangenkorb,cesto arance perf.,맛있는 오렌지 더미,1.0,2026,2026,int_fru_orange_d,,,,,-,,
perfect pears,,,,Fruit,Yes,-,-,3000,2400,150,Yes,0,-,-,-,-,-,-,No,No,,-,おいしいナシのやま,cesta peras delic.,cesta peras delic.,lot poires parfaites,lot poires parfaites,1a-Birnenkorb,cesto pere perfette,맛있는 배 더미,1.0,2027,2027,int_fru_pear_d,,,,,-,,
perfect peaches,,,,Fruit,Yes,-,-,3000,2400,150,Yes,0,-,-,-,-,-,-,No,No,,-,おいしいモモのやま,cesta meloc. delic.,cesta meloc. delic.,lot pêches parfaites,lot pêches parfaites,1a-Pfirsichkorb,cesto pesche perf.,맛있는 복숭아 더미,1.0,2028,2028,int_fru_peach_d,,,,,-,,
perfect cherries,,,,Fruit,Yes,-,-,3000,2400,150,Yes,0,-,-,-,-,-,-,No,No,,-,おいしいさくらんぼのやま,cesta cerezas delic.,cesta cerezas delic.,lot ceris. parfaites,lot ceris. parfaites,1a-Kirschenkorb,cesto ciliegie perf.,맛있는 체리 더미,1.0,2029,2029,int_fru_cherry_d,,,,,-,,
fossil,,,,Buried,Yes,-,-,100,-,-,No,0,-,-,-,-,-,-,No,No,,-,かせき,fósil,fósil,fossile,fossile,Fossil,fossile,화석,1.0,202A,202A,-,,,,,fossil,,-
fertilizer,,,,Garden Shop,Yes,1600,-,400,320,-,No,0,-,-,-,-,-,-,No,No,,-,ひりょう,fertilizante,fertilizante,engrais,engrais,Dünger,fertilizzante,비료,1.0,202B,202B,-,,,,,fertilizer,,fertilizer
sapling,,,,Garden Shop,Yes,60,-,15,12,-,No,0,-,-,-,-,-,-,No,No,Spawns sapling when planted,-,きのなえ,árbol joven,árbol joven,arbrisseau,arbrisseau,Bäumchen,germoglio,나무 묘목,1.0,202C,202C,-,,,,,sapling,,-
cedar sapling,,,,Garden Shop,Yes,60,-,15,12,-,No,0,-,-,-,-,-,-,No,No,Spawns sapling when planted,-,しんようじゅのなえ,cedro joven,cedro joven,jeune cèdre,jeune cèdre,Zedernbäumchen,germoglio di cedro,침엽수 묘목,1.0,202D,202D,-,,,,,cedar sapling,,-
holly start,,,,Garden Shop,Yes,120,-,30,24,-,No,0,-,-,-,-,-,-,No,No,Spawns bush start when planted,holly shoot,ヒイラギのなえ,acebo joven,acebo joven,pousse de houx,pousse de houx,Stechpalme,giovane agrifoglio,호랑가시나무 묘목,1.0,202E,202E,-,,,,,holly start,,-
pink-azalea start,,,,Garden Shop,Yes,120,-,30,24,-,No,0,-,-,-,-,-,-,No,No,Spawns bush start when planted,pink azalea shoot,ピンクのツツジのなえ,azalea rosa joven,azalea rosa joven,pousse d'azalée rose,pousse d'azalée rose,Heckenazalee,azalea rosa,핑크색 진달래 묘목,1.0,202F,202F,-,,,,,pink-azalea start,,-
white-azalea start,,,,Garden Shop,Yes,120,-,30,24,-,No,0,-,-,-,-,-,-,No,No,Spawns bush start when planted,white azalea shoot,しろいツツジのなえ,azalea blanca joven,azalea blanca joven,pous. azalée blanche,pous. azalée blanche,Gartenazalee,azalea bianca,하얀 진달래 묘목,1.0,2030,2030,-,,,,,white-azalea start,,-
blue-hydrangea start,,,,Garden Shop,Yes,120,-,30,24,-,No,0,-,-,-,-,-,-,No,No,Spawns bush start when planted,blue hydrangea shoot,あおいアジサイのなえ,hortensia azul joven,hortensia azul joven,pous. hortensia bleu,pous. hortensia bleu,Seehortensie,ortensia blu,파란 수국 묘목,1.0,2031,2031,-,,,,,blue-hydrangea start,,-
pink-hydrangea start,,,,Garden Shop,Yes,120,-,30,24,-,No,0,-,-,-,-,-,-,No,No,Spawns bush start when planted,pink hydrangea shoot,ピンクのアジサイのなえ,hortensia rosa joven,hortensia rosa joven,pous. hortensia rose,pous. hortensia rose,Abendhortensie,ortensia rosa,핑크색 수국 묘목,1.0,2032,2032,-,,,,,pink-hydrangea start,,-
red-hibiscus start,,,,Souvenir Shop,Yes,250,5,62,49,3,No,99,-,-,-,-,-,-,No,No,Spawns bush start when planted,red hibiscus shoot,あかいハイビスカスのなえ,hibisco rojo joven,hibisco rojo joven,pous. hibiscus rouge,pous. hibiscus rouge,Bluthibiskus,ibisco rosso,빨간 히비스커스 묘목,1.0,2033,2033,-,,,,,red-hibiscus start,,-
y.-hibiscus start,,,,Souvenir Shop,Yes,250,5,62,49,3,No,99,-,-,-,-,-,-,No,No,Spawns bush start when planted,y. hibiscus shoot,きいろハイビスカスのなえ,hibisco amar. joven,hibisco amar. joven,pous. hibiscus jaune,pous. hibiscus jaune,Sommerhibiskus,ibisco giallo,노란 히비스커스 묘목,1.0,2034,2034,-,,,,,yellow-hibiscus start,,-
sweet-olive start,,,,Garden Shop,Yes,120,-,30,24,-,No,0,-,-,-,-,-,-,No,No,Spawns bush start when planted,sweet olive shoot,キンモクセイのなえ,olivo oloroso joven,olivo oloroso joven,pousse d'osmanthus,pousse d'osmanthus,Duftblütenbusch,osmanto odoroso,금목서 묘목,1.0,2035,2035,-,,,,,-,,-
present,,,,Mail,No,-,-,-,-,-,No,0,-,-,-,-,-,-,No,No,,-,プレゼント,regalo,regalo,cadeau,cadeau,Geschenk,regalo,선물,1.0,2036,2036,-,,,,,present,,present
To <Villager>,,,,Villager Favor,No,-,-,-,-,-,No,0,-,-,-,-,-,-,No,No,,-,-,-,-,-,-,-,-,-,1.0,2037,2037,-,,,,,-,,-
red-tulip bag,,,,Garden Shop,Yes,80,-,20,16,-,No,0,-,-,-,-,-,-,No,No,,-,あかいチューリップ,tulipán rojo,tulipán rojo,sac tulipes rouges,sac tulipes rouges,Papageitulpe,tulipano rosso,빨간 튤립,1.0,2038,2038,-,,,,,red-tulip bag,,-
white-tulip bag,,,,Garden Shop,Yes,80,-,20,16,-,No,0,-,-,-,-,-,-,No,No,,-,しろいチューリップ,tulipán blanco,tulipán blanco,sac tulipes blanches,sac tulipes blanches,Triumphtulpe,tulipano bianco,하얀 튤립,1.0,2039,2039,-,,,,,white-tulip bag,,-
yellow-tulip bag,,,,Garden Shop,Yes,80,-,20,16,-,No,0,-,-,-,-,-,-,No,No,,-,きいろいチューリップ,tulipán amarillo,tulipán amarillo,sac tulipes jaunes,sac tulipes jaunes,Viridifloratulpe,tulipano giallo,노란 튤립,1.0,203A,203A,-,,,,,yellow-tulip bag,,-
pink-tulip bag,,,,Leif Weeding Minigame,Yes,160,-,40,32,-,No,0,-,-,-,-,-,-,No,No,,-,ピンクのチューリップ,tulipán rosa,tulipán rosa,sac de tulipes roses,sac de tulipes roses,Grengjer-Tulpe,tulipano rosa,핑크색 튤립,1.0,203B,203B,-,,,,,-,,-
purple-tulip bag,,,,Leif Weeding Minigame,Yes,160,-,40,32,-,No,0,-,-,-,-,-,-,No,No,,-,むらさきチューリップ,tulipán violeta,tulipán violeta,sac tulipes mauves,sac tulipes mauves,Wildtulpe,tulipano viola,보라색 튤립,1.0,203C,203C,-,,,,,-,,-
black-tulip bag,,,,Leif Weeding Minigame,Yes,160,-,40,32,-,No,0,-,-,-,-,-,-,No,No,,-,くろいチューリップ,tulipán negro,tulipán negro,sac tulipes noires,sac tulipes noires,Römertulpe,tulipano nero,검정 튤립,1.0,203D,203D,-,,,,,-,,-
orange-tulip bag,,,,Leif Weeding Minigame,Yes,160,-,40,32,-,No,0,-,-,-,-,-,-,No,No,,-,オレンジチューリップ,tulipán naranja,tulipán naranja,sac tulipes orange,sac tulipes orange,Flachlandtulpe,tulipano arancione,오렌지색 튤립,1.0,203E,203E,-,,,,,-,,-
white-pansy bag,,,,Garden Shop,Yes,80,-,20,16,-,No,0,-,-,-,-,-,-,No,No,,-,しろいパンジー,viola blanca,viola blanca,sac pensées blanches,sac pensées blanches,Pfingstveilchen,viola bianca,하얀 팬지,1.0,203F,203F,-,,,,,white-pansy bag,,-
yellow-pansy bag,,,,Garden Shop,Yes,80,-,20,16,-,No,0,-,-,-,-,-,-,No,No,,-,きいろいパンジー,viola amarilla,viola amarilla,sac pensées jaunes,sac pensées jaunes,Hornveilchen,viola gialla,노란 팬지,1.0,2040,2040,-,,,,,yellow-pansy bag,,-
red-pansy bag,,,,Garden Shop,Yes,80,-,20,16,-,No,0,-,-,-,-,-,-,No,No,,-,あかいパンジー,viola roja,viola roja,sac pensées rouges,sac pensées rouges,Alpenveilchen,viola rossa,빨간 팬지,1.0,2041,2041,-,,,,,red-pansy bag,,-
purple-pansy bag,,,,Leif Weeding Minigame,Yes,160,-,40,32,-,No,0,-,-,-,-,-,-,No,No,,-,むらさきのパンジー,viola violeta,viola violeta,sac pensées mauves,sac pensées mauves,Hainveilchen,viola viola,보라색 팬지,1.0,2042,2042,-,,,,,-,,-
orange-pansy bag,,,,Leif Weeding Minigame,Yes,160,-,40,32,-,No,0,-,-,-,-,-,-,No,No,,-,あかきいろパンジー,viola roja/amarilla,viola roja/amarilla,sac pensées orange,sac pensées orange,Stiefmütterchen,viola arancione,2색 팬지,1.0,2043,2043,-,,,,,-,,-
blue-pansy bag,,,,Leif Weeding Minigame,Yes,160,-,40,32,-,No,0,-,-,-,-,-,-,No,No,,-,あおいパンジー,viola azul,viola azul,sac pensées bleues,sac pensées bleues,Duftveilchen,viola blu,파란 팬지,1.0,2044,2044,-,,,,,-,,-
white-cosmos bag,,,,Garden Shop,Yes,80,-,20,16,-,No,0,-,-,-,-,-,-,No,No,,-,しろいコスモス,cosmos blanco,cosmos blanco,sac de cosmos blancs,sac de cosmos blancs,Gartenprimel,cosmea bianca,하얀 코스모스,1.0,2045,2045,-,,,,,white-cosmos bag,,-
red-cosmos bag,,,,Garden Shop,Yes,80,-,20,16,-,No,0,-,-,-,-,-,-,No,No,,-,あかいコスモス,cosmos rojo,cosmos rojo,sac de cosmos rouges,sac de cosmos rouges,Kissenprimel,cosmea rossa,빨간 코스모스,1.0,2046,2046,-,,,,,red-cosmos bag,,-
sun-cosmos bag,,,,Garden Shop,Yes,80,-,20,16,-,No,0,-,-,-,-,-,-,No,No,,-,きいろいコスモス,cosmos amarillo,cosmos amarillo,sac de cosmos jaunes,sac de cosmos jaunes,Aurikel,cosmea gialla,노란 코스모스,1.0,2047,2047,-,,,,,yellow-cosmos bag,,-
pink-cosmos bag,,,,Leif Weeding Minigame,Yes,160,-,40,32,-,No,0,-,-,-,-,-,-,No,No,,-,ピンクのコスモス,cosmos rosa,cosmos rosa,sac de cosmos roses,sac de cosmos roses,Sumpfprimel,cosmea rosa,핑크색 코스모스,1.0,2048,2048,-,,,,,-,,-
orange-cosmos bag,,,,Leif Weeding Minigame,Yes,160,-,40,32,-,No,0,-,-,-,-,-,-,No,No,,-,オレンジのコスモス,cosmos naranja,cosmos naranja,sac de cosmos orange,sac de cosmos orange,Zwergprimel,cosmea arancione,오렌지색 코스모스,1.0,2049,2049,-,,,,,-,,-
black-cosmos bag,,,,Leif Weeding Minigame,Yes,160,-,40,32,-,No,0,-,-,-,-,-,-,No,No,,-,くろいコスモス,cosmos negro,cosmos negro,sac de cosmos noirs,sac de cosmos noirs,Kugelprimel,cosmea nera,검정 코스모스,1.0,204A,204A,-,,,,,-,,-
red-rose bag,,,,Garden Shop,Yes,80,-,20,16,-,No,0,-,-,-,-,-,-,No,No,,-,あかいバラ,rosa roja,rosa roja,sac de roses rouges,sac de roses rouges,Liebesrose,rosa rossa,빨간 장미,1.0,204B,204B,-,,,,,red-rose bag,,-
white-rose bag,,,,Garden Shop,Yes,80,-,20,16,-,No,0,-,-,-,-,-,-,No,No,,-,しろいバラ,rosa blanca,rosa blanca,sac roses blanches,sac roses blanches,Unschuldsrose,rosa bianca,하얀 장미,1.0,204C,204C,-,,,,,white-rose bag,,-
yellow-rose bag,,,,Garden Shop,Yes,80,-,20,16,-,No,0,-,-,-,-,-,-,No,No,,-,きいろいバラ,rosa amarilla,rosa amarilla,sac de roses jaunes,sac de roses jaunes,Bernsteinrose,rosa gialla,노란 장미,1.0,204D,204D,-,,,,,yellow-rose bag,,-
pink-rose bag,,,,Leif Weeding Minigame,Yes,160,-,40,32,-,No,0,-,-,-,-,-,-,No,No,,-,ピンクのバラ,rosa rosada,rosa rosada,sac de roses roses,sac de roses roses,Pinkrose,rosa rosa,핑크색 장미,1.0,204E,204E,-,,,,,-,,-
orange-rose bag,,,,Leif Weeding Minigame,Yes,160,-,40,32,-,No,0,-,-,-,-,-,-,No,No,,-,オレンジのバラ,rosa naranja,rosa naranja,sac de roses orange,sac de roses orange,Sonnenrose,rosa arancione,오렌지색 장미,1.0,204F,204F,-,,,,,-,,-
purple-rose bag,,,,Leif Weeding Minigame,Yes,160,-,40,32,-,No,0,-,-,-,-,-,-,No,No,,-,むらさきのバラ,rosa malva,rosa malva,sac de roses mauves,sac de roses mauves,Lilarose,rosa viola,보라색 장미,1.0,2050,2050,-,,,,,-,,-
black-rose bag,,,,Leif Weeding Minigame,Yes,240,-,60,48,-,No,0,-,-,-,-,-,-,No,No,,-,くろいバラ,rosa negra,rosa negra,sac de roses noires,sac de roses noires,Schwarzrose,rosa nera,검정 장미,1.0,2051,2051,-,,,,,-,,-
blue-rose bag,,,,Leif Weeding Minigame,Yes,240,-,60,48,-,No,0,-,-,-,-,-,-,No,No,,-,あおいバラ,rosa azul,rosa azul,sac de roses bleues,sac de roses bleues,Blaurose,rosa blu,파란 장미,1.0,2052,2052,-,,,,,-,,-
gold-rose bag,,,,Leif Weeding Minigame,Yes,240,-,60,48,-,No,0,-,-,-,-,-,-,No,No,,-,きんのバラ,rosa dorada,rosa dorada,sac de roses dorées,sac de roses dorées,Goldrose,rosa d'oro,금장미,1.0,2053,2053,-,,,,,-,,-
red-carnation bag,,,,Leif Weeding Minigame,Yes,240,-,60,48,-,No,0,-,-,-,-,-,-,No,No,,-,あかいカーネーション,clavel rojo,clavel rojo,sac d'œillets rouges,sac d'œillets rouges,Bartnelke,garofano rosso,빨간 카네이션,1.0,2054,2054,-,,,,,-,,-
pink-carnation bag,,,,Leif Weeding Minigame,Yes,240,-,60,48,-,No,0,-,-,-,-,-,-,No,No,,-,ピンクカーネーション,clavel rosa,clavel rosa,sac d'œillets roses,sac d'œillets roses,Heidenelke,garofano rosa,핑크색 카네이션,1.0,2055,2055,-,,,,,-,,-
white-carnation bag,,,,Leif Weeding Minigame,Yes,240,-,60,48,-,No,0,-,-,-,-,-,-,No,No,,-,しろいカーネーション,clavel blanco,clavel blanco,sac d'œillets blancs,sac d'œillets blancs,Federnelke,garofano bianco,하얀 카네이션,1.0,2056,2056,-,,,,,-,,-
white-lily bag,,,,Garden Shop,Yes,80,-,20,16,-,No,0,-,-,-,-,-,-,No,No,,-,しろいユリ,lirio blanco,lirio blanco,sac de lys blancs,sac de lys blancs,Osterlilie,giglio bianco,하얀 백합,1.0,2057,2057,-,,,,,white-lily bag,,-
yellow-lily bag,,,,Garden Shop,Yes,80,-,20,16,-,No,0,-,-,-,-,-,-,No,No,,-,きいろいユリ,lirio amarillo,lirio amarillo,sac de lys jaunes,sac de lys jaunes,Pyrenäenlilie,giglio giallo,노란 백합,1.0,2058,2058,-,,,,,yellow-lily bag,,-
red-lily bag,,,,Garden Shop,Yes,80,-,20,16,-,No,0,-,-,-,-,-,-,No,No,,-,あかいユリ,lirio rojo,lirio rojo,sac de lys rouges,sac de lys rouges,Rotlilie,giglio rosso,빨간 백합,1.0,2059,2059,-,,,,,red-lily bag,,-
orange-lily bag,,,,Leif Weeding Minigame,Yes,160,-,40,32,-,No,0,-,-,-,-,-,-,No,No,,-,オレンジのユリ,lirio naranja,lirio naranja,sac de lys orange,sac de lys orange,Feuerlilie,giglio arancione,오렌지색 백합,1.0,205A,205A,-,,,,,-,,-
pink-lily bag,,,,Leif Weeding Minigame,Yes,160,-,40,32,-,No,0,-,-,-,-,-,-,No,No,,-,ピンクのユリ,lirio rosa,lirio rosa,sac de lys roses,sac de lys roses,Türkenbundlilie,giglio rosa,핑크색 백합,1.0,205B,205B,-,,,,,-,,-
black-lily bag,,,,Leif Weeding Minigame,Yes,160,-,40,32,-,No,0,-,-,-,-,-,-,No,No,,-,くろいユリ,lirio negro,lirio negro,sac de lys noirs,sac de lys noirs,Dunkellilie,giglio nero,검정 백합,1.0,205C,205C,-,,,,,-,,-
purple-violet bag,,,,Garden Shop,Yes,80,-,20,16,-,No,0,-,-,-,-,-,-,No,No,,-,むらさきのスミレ,violeta morada,violeta morada,sac violettes mauves,sac violettes mauves,Waldveilchen,violetta viola,보라색 제비꽃,1.0,205D,205D,-,,,,,-,,-
blue-violet bag,,,,Leif Weeding Minigame,Yes,160,-,40,32,-,No,0,-,-,-,-,-,-,No,No,,-,あおいスミレ,violeta azul,violeta azul,sac violettes bleues,sac violettes bleues,Blauveilchen,violetta blu,파란 제비꽃,1.0,205E,205E,-,,,,,-,,-
white-violet bag,,,,Garden Shop,Yes,80,-,20,16,-,No,0,-,-,-,-,-,-,No,No,,-,しろいスミレ,violeta blanca,violeta blanca,sac violet. blanches,sac violet. blanches,Grabenveilchen,violetta bianca,하얀 제비꽃,1.0,205F,205F,-,,,,,-,,-
yellow-violet bag,,,,Garden Shop,Yes,80,-,20,16,-,No,0,-,-,-,-,-,-,No,No,,-,きいろいスミレ,violeta amarilla,violeta amarilla,sac violettes jaunes,sac violettes jaunes,Galmeiveilchen,violetta gialla,노란 제비꽃,1.0,2060,2060,-,,,,,-,,-
wrapping paper,,,,Nooklings,Yes,160,-,40,32,-,No,0,-,-,-,-,-,-,No,No,"Player can ""wrap"" other items",-,ラッピングペーパー,papel de regalo,papel de regalo,papier cadeau,papier cadeau,Geschenkpapier,carta da regalo,포장지,1.0,2084,2089,-,,,,,,,-
medicine,,,,Nooklings,Yes,400,-,100,80,-,No,0,-,-,-,-,-,-,Yes,No,,-,おくすり,medicina,medicina,remède,remède,Medizin,medicina,약,1.0,2085,208A,-,,,,,medicine,,-
chocolate heart,,,,Villagers,Yes,-,-,100,80,-,No,0,-,-,Feb 1-28,-,-,-,Yes,No,Player blushes in pleasure after eating,-,ハートのチョコレート,chococorazón,chococorazón,cœur choco,cœur choco,Schokoladenherz,ciocco-cuore,하트 초콜릿,1.0,2086,208B,-,,,,,,,-
pearl-oyster shell,,,,Beach,Yes,-,-,1200,960,25,Yes,3,-,-,-,-,-,-,No,No,,-,アコヤガイのかいがら,concha ostra perlera,concha ostra perlera,coq. huître perlière,coq. huître perlière,Perlmuschelschale,conch. ostrica pinc.,진주조개 껍데기,1.0,2087,208C,int_shl_akoya,,,,,-,,pearl-oyster shell
conch shell,,,,Beach,Yes,-,-,350,280,25,Yes,3,-,-,-,-,-,-,No,No,,-,ホラガイのかいがら,concha de neptunea,concha de neptunea,coquille de conque,coquille de conque,Tritonshorn,conchiglia strombo,소라고둥 껍데기,1.0,2088,208D,int_shl_hora,,,,,conch shell,,conch shell
giant-clam shell,,,,Beach,Yes,-,-,450,360,25,Yes,3,-,-,-,-,-,-,No,No,,-,シャコガイのかいがら,concha alm. gigante,concha alm. gigante,coq. bénitier géant,coq. bénitier géant,Riesenmuschelschale,conch. vongola gig.,거거 껍데기,1.0,2089,208E,int_shl_syako,,,,,giant-clam shell,,-
coral,,,,Beach,Yes,-,-,250,200,25,Yes,3,-,-,-,-,-,-,No,No,,-,サンゴ,coral,coral,branche de corail,branche de corail,Koralle,corallo,산호,1.0,208A,208F,int_shl_sango,,,,,coral,,coral
venus-comb shell,,,,Beach,Yes,-,-,150,120,25,Yes,3,-,-,-,-,-,-,No,No,,-,ホネガイのかいがら,concha peine Venus,concha peine Venus,coq. peigne de vénus,coq. peigne de vénus,Stachelschneckenhaus,pettine di Venere,뮤렉스조개 껍데기,1.0,208B,2090,int_shl_hone,,,,,venus-comb shell,,venus-comb shell
scallop shell,,,,Beach,Yes,-,-,600,480,12,Yes,3,-,-,-,-,-,-,No,No,,-,ホタテガイのかいがら,concha de vieira,concha de vieira,coquille de pétoncle,coquille de pétoncle,Kammmuschelschale,conchiglia capasanta,가리비 껍데기,1.0,208C,2091,int_shl_hotate,,,,,-,,scallop shell
sea-snail shell,,,,Beach,Yes,-,-,90,72,12,Yes,3,-,-,-,-,-,-,No,No,,-,エビスガイのかいがら,concha caracol mar,concha caracol mar,coq. escargot de mer,coq. escargot de mer,Kreiselschneckenhaus,conch. chiocciola,방석고둥 껍데기,1.0,208D,2092,int_shl_ebisu,,,,,sea-snail shell,,-
cowrie shell,,,,Beach,Yes,-,-,30,24,12,Yes,3,-,-,-,-,-,-,No,No,,-,タカラガイのかいがら,concha de cauri,concha de cauri,coq. de porcelaine,coq. de porcelaine,Kaurischneckenhaus,conchiglia ciprea,자패 껍데기,1.0,208E,2093,int_shl_takara,,,,,cowrie shell,,-
sand dollar,,,,Beach,Yes,-,-,60,48,12,Yes,3,-,-,-,-,-,-,No,No,,-,サンドダラー,dólar de arena,dólar de arena,clypéastre,clypéastre,Sanddollar,dollaro sabbioso,연잎성게,1.0,208F,2094,int_shl_sanddollar,,,,,sand dollar,,-
oyster shell,,,,Beach,Yes,-,-,450,360,12,Yes,3,-,-,-,-,-,-,No,No,,-,オイスターのかいがら,concha de ostra,concha de ostra,coquille d'huître,coquille d'huître,Austernschale,conchiglia ostrica,굴 껍데기,1.0,2090,2095,int_shl_kaki,,,,,-,,oyster shell
candy,,,,Nooklings,Yes,400,-,100,80,-,No,0,yellow,-,-,-,-,-,Yes,No,Can spawn ants,-,アメ,chuche,chuche,bonbon,bonbon,Bonbon,dolcetto,사탕,1.0,2091,2096,-,,,,,candy,,-
lollipop,,,,Villagers,Yes,-,-,100,80,-,No,0,-,-,-,-,-,-,Yes,No,Can spawn ants,-,ロリポップ,piruleta,piruleta,sucette,sucette,Lolli,lecca-lecca,롤리팝,1.0,2092,2097,-,,,,,lollipop,,-
elegant mushroom,,,,Near patterned tree stumps,Yes,-,-,10000,8000,-,No,0,-,-,Nov 1-30,-,-,-,Yes,No,Player blushes in pleasure after eating,-,りっぱなキノコ,champiñón elegante,champiñón elegante,champignon élégant,champignon élégant,Elegantpilz,fungo elegante,멋진 버섯,1.0,2093,2098,-,,,,,elegant mushroom,,-
round mushroom,,,,Near patterned tree stumps,Yes,-,-,200,160,-,No,0,-,-,-,-,-,-,Yes,No,Player blushes in pleasure after eating,-,まるいキノコ,champiñón redondo,champiñón redondo,champignon rond,champignon rond,Rundpilz,fungo tondo,둥근 버섯,1.0,2094,2099,-,,,,,round mushroom,,-
skinny mushroom,,,,Near patterned tree stumps,Yes,-,-,300,240,-,No,0,-,-,-,-,-,-,Yes,No,Player blushes in pleasure after eating,-,ほそいキノコ,champiñón fino,champiñón fino,champignon maigre,champignon maigre,Dürrpilz,fungo fino,가는 버섯,1.0,2095,209A,-,,,,,skinny mushroom,,-
flat mushroom,,,,Near patterned tree stumps,Yes,-,-,200,160,-,No,0,-,-,-,-,-,-,Yes,No,Player blushes in pleasure after eating,-,ひらたいキノコ,champiñón plano,champiñón plano,champignon plat,champignon plat,Flachpilz,fungo piatto,넓은 버섯,1.0,2096,209B,-,,,,,flat mushroom,,-
rare mushroom,,,,Buried near patterned tree stumps,Yes,-,-,16000,12800,-,No,0,-,-,Nov 1-30,-,-,-,Yes,No,Player blushes in pleasure after eating,-,めずらしいキノコ,champiñón raro,champiñón raro,champignon rare,champignon rare,Seltenpilz,fungo raro,희귀 버섯,1.0,2097,209C,-,,,,,rare mushroom,,-
famous mushroom,,,,Near patterned tree stumps,Yes,-,-,16000,12800,-,No,0,-,-,-,-,-,-,Yes,No,Player temporarily grows in size in reference to Super Mario,-,ゆうめいなキノコ,champiñón especial,champiñón especial,champignon célèbre,champignon célèbre,Berühmtpilz,fungo celebre,유명한 버섯,1.0,2098,209D,-,,,,,-,,-
beehive,,,,Bee Tree,Yes,-,-,500,400,-,No,0,-,-,-,-,-,-,No,No,,-,ハチのす,panal,panal,rayon de miel,rayon de miel,Honigwabe,alveare,벌집,1.0,2099,209E,-,,,,,wasp nest,,-
pitfall seed,,,,Buried,Yes,-,-,10,8,-,No,0,-,-,-,-,-,-,No,No,,-,おとしあなのタネ,trampa,trampa,piège,piège,Falle,trappola,함정 씨앗,1.0,209A,209F,-,,,,,pitfall seed,,-
tricky pitfall seed,,,,Police Station,Yes,-,-,20,16,-,No,0,-,-,-,-,-,-,No,No,,-,ズルいおとしあなのタネ,trampa disimulada,trampa disimulada,piège discret,piège discret,Superfalle,trappola insidiosa,감쪽같은 함정 씨앗,1.0,209B,20A0,-,,,,,-,,-
gold nugget,,,,Ore Rock,Yes,-,-,4000,3200,-,No,0,-,-,-,-,-,-,No,No,,-,きんこうせき,oro,oro,pépite d'or,pépite d'or,Golderz,minerale d'oro,금광석,1.0,209C,20A1,-,,,,,gold nugget,,-
silver nugget,,,,Ore Rock,Yes,-,-,3000,2400,-,No,0,-,-,-,-,-,-,No,No,,-,ぎんこうせき,plata,plata,pépite d'argent,pépite d'argent,Silbererz,minerale d'argento,은광석,1.0,209D,20A2,-,,,,,-,,-
ruby,,,,Ore Rock,Yes,-,-,2000,1600,-,No,0,-,-,-,-,-,-,No,No,,-,ルビー,rubí,rubí,rubis,rubis,Rubin,rubino,루비,1.0,209E,20A3,-,,,,,-,,-
sapphire,,,,Ore Rock,Yes,-,-,2000,1600,-,No,0,-,-,-,-,-,-,No,No,,-,サファイア,zafiro,zafiro,saphir,saphir,Saphir,zaffiro,사파이어,1.0,209F,20A4,-,,,,,-,,-
emerald,,,,Ore Rock,Yes,-,-,2000,1600,-,No,0,-,-,-,-,-,-,No,No,,-,エメラルド,esmeralda,esmeralda,émeraude,émeraude,Smaragd,smeraldo,에메랄드,1.0,20A0,20A5,-,,,,,-,,-
amethyst,,,,Ore Rock,Yes,-,-,2000,1600,-,No,0,-,-,-,-,-,-,No,No,,-,アメジスト,amatista,amatista,améthyste,améthyste,Amethyst,ametista,자수정,1.0,20A1,20A6,-,Yes,,,,-,,-
butter,,,,Villagers,Yes,-,-,100,80,-,No,0,-,-,-,-,-,-,No,No,,-,バター,mantequilla,mantequilla,plaquette de beurre,plaquette de beurre,Butter,burro,버터,1.0,20A2,20A7,-,,,,,-,,-
milk,,,,Villagers,Yes,-,-,100,80,-,No,0,-,-,-,-,-,-,No,No,,-,ミルク,leche,leche,bouteille de lait,bouteille de lait,Milch,latte,밀크,1.0,20A3,20A8,-,,,,,-,,-
vinegar,,,,Villagers,Yes,-,-,100,80,-,No,0,-,-,-,-,-,-,No,No,,-,ビネガー,vinagre,vinagre,bouteille vinaigre,bouteille vinaigre,Essig,aceto,비니거,1.0,20A4,20A9,-,,,,,-,,-
flour,,,,Villagers,Yes,-,-,100,80,-,No,0,-,-,-,-,-,-,No,No,,-,こむぎこ,harina,harina,paquet de farine,paquet de farine,Mehl,farina,밀가루,1.0,20A5,20AA,-,,,,,flour,,-
sugar,,,,Villagers,Yes,-,-,100,80,-,No,0,-,-,-,-,-,-,No,No,,-,さとう,azúcar,azúcar,pot de sucre,pot de sucre,Zucker,zucchero,설탕,1.0,20A6,20AB,-,,,,,sugar,,-
100 Bells,,,,Selling Items,Yes,-,-,-,-,-,No,0,-,-,-,-,-,-,No,No,,-,100ベル,bolsa de 100,bolsa de 100,pièce de 100,pièce de 100,100-Sterni-Münze,moneta da 100 s,100벨,1.0,20A7,20AC,-,No,,,,,,-
"1,000 Bells",,,,Selling Items,Yes,-,-,-,-,-,No,0,-,-,-,-,-,-,No,No,,-,1000ベル,bolsa de 1000,bolsa de 1000,pièce de 1 000,pièce de 1 000,1000-Sterni-Münze,moneta da 1000 s,1000벨,1.0,20B0,20B5,-,No,,,,,,-
"30,000 Bells",,,,Selling Items,Yes,-,-,-,-,-,No,0,-,-,-,-,-,-,No,No,,-,10000ベル,bolsa de 30 000,bolsa de 30 000,pièce de 30 000,pièce de 30 000,30000-Sterni-Münze,moneta da 30000 s,30000벨,1.0,20CD,20D2,-,No,,,,,,-
"99,000 Bells",,,,Selling Items,Yes,-,-,-,-,-,No,0,-,-,-,-,-,-,No,No,,-,99000ベル,bolsa de 99 000,bolsa de 99 000,pièce de 99 000,pièce de 99 000,99000-Sterni-Münze,moneta da 99000 s,99000벨,1.0,2112,2117,-,No,,,,,,-
earth egg,,,,Buried,Yes,-,-,5,-,-,No,0,-,-,-,-,-,-,Yes,No,,-,じめんのたまご,huevo terrestre,huevo terrestre,œuf terrestre,œuf terrestre,Erd-Glücksei,uovo terrestre,땅 달걀,1.0,2113,2118,-,,,,,earth egg,,-
tree egg,,,,Shaking Trees,Yes,-,-,5,-,-,No,0,-,-,-,-,-,-,Yes,No,,-,きのたまご,huevo arbóreo,huevo arbóreo,œuf végétal,œuf végétal,Baum-Glücksei,uovo arboreo,나무 달걀,1.0,2114,2119,-,,,,,leaf egg,,-
stone egg,,,,Hitting Rocks,Yes,-,-,5,-,-,No,0,-,-,-,-,-,-,Yes,No,,-,いわのたまご,huevo rupestre,huevo rupestre,œuf minéral,œuf minéral,Fels-Glücksei,uovo roccioso,바위 달걀,1.0,2115,211A,-,,,,,stone egg,,-
sky egg,,,,Balloons,Yes,-,-,5,-,-,No,0,-,-,-,-,-,-,Yes,No,,-,そらとぶたまご,huevo celeste,huevo celeste,œuf aérien,œuf aérien,Luft-Glücksei,uovo celeste,하늘 달걀,1.0,2116,211B,-,,,,,sky egg,,-
winning ticket,,,,Bunny Day egg,Yes,-,-,-,-,-,No,0,-,-,-,-,-,-,No,No,Give to Zipper for Bunny Day items,-,アタリのけん,bono premio,bono premio,ticket surprise,ticket surprise,Gewinn-Coupon,buono premio,당첨권,1.0,2117,211C,-,,,,,-,,-
grand-prize ticket,,,,Bunny Day egg,Yes,-,-,-,-,-,No,0,-,-,-,-,-,-,No,No,Give to Zipper for Zipper's pic,-,オオアタリのけん,bono superpremio,bono superpremio,top-ticket surprise,top-ticket surprise,Hauptgewinn-Coupon,buono superpremio,대박 당첨권,1.0,2118,211D,-,,,,,-,,-
10 turnips,,,,Joan,Yes,Varies,-,Varies,-,-,No,0,-,-,-,-,-,-,No,No,,-,10カブ,manojo 10 nabos,manojo 10 nabos,lot de 10 navets,lot de 10 navets,10 Rüben,mazzo di 10 rape,10무,1.0,227B,2283,-,No,,,,turnips,,-
spoiled turnips,,,,Turnips,Yes,-,-,-400,-,-,No,0,-,-,-,-,-,-,No,No,Can spawn ants or flies,-,くさったカブ,manojo pasado,manojo pasado,lot navets pourris,lot navets pourris,Rüben (verdorben),mazzo di rape marce,썩은 무,1.0,2285,228D,-,,,,,spoiled turnips,,-
snowflake,,,,Catch with Net,No,-,-,500,-,-,No,0,-,-,-,-,-,-,No,No,Is an insect internally; Can be shown off or tossed,-,ゆきのけっしょう,copo de nieve,copo de nieve,flocon de neige,flocon de neige,Schneeflocke,fiocco di neve,눈의 결정,1.0,22CE,22D6,-,,,,,snowflake,,-
red feather,,,,Catch with Net,Yes,-,-,80,-,-,Yes,0,red,red,Mar 1-31,cute,Hat,Accessory,No,No,,-,あかいはね,pluma roja,pluma roja,plume rouge,plume rouge,Rubinfeder,piuma rossa,빨간 깃털,1.0,22CF,22D7,cap_feather_red,,,,,red feather,,-
blue feather,,,,Catch with Net,Yes,-,-,60,-,-,Yes,0,blue,blue,Mar 1-31,cute,Hat,Accessory,No,No,,-,あおいはね,pluma azul,pluma azul,plume bleue,plume bleue,Azurfeder,piuma blu,파란 깃털,1.0,22D0,22D8,cap_feather_blu,,,,,blue feather,,-
green feather,,,,Catch with Net,Yes,-,-,50,-,-,Yes,0,green,green,Mar 1-31,cute,Hat,Accessory,No,No,,-,みどりのはね,pluma verde,pluma verde,plume verte,plume verte,Smaragdfeder,piuma verde,초록 깃털,1.0,22D1,22D9,cap_feather_grn,,,,,green feather,,-
yellow feather,,,,Catch with Net,Yes,-,-,70,-,-,Yes,0,yellow,yellow,Mar 1-31,cute,Hat,Accessory,No,No,,-,きいろいはね,pluma amarilla,pluma amarilla,plume jaune,plume jaune,Bernsteinfeder,piuma gialla,노란 깃털,1.0,22D2,22DA,cap_feather_ylw,,,,,-,,-
purple feather,,,,Catch with Net,Yes,-,-,90,-,-,Yes,0,purple,purple,Mar 1-31,cute,Hat,Accessory,No,No,,-,むらさきのはね,pluma morada,pluma morada,plume violette,plume violette,Lilafeder,piuma viola,보라색 깃털,1.0,22D3,22DB,cap_feather_ppl,,,,,purple feather,,-
white feather,,,,Catch with Net,Yes,-,-,100,-,-,Yes,0,white,white,Mar 1-31,cute,Hat,Accessory,No,No,,-,しろいはね,pluma blanca,pluma blanca,plume blanche,plume blanche,Schneefeder,piuma bianca,하얀 깃털,1.0,22D4,22DC,cap_feather_wht,,,,,-,,-
pink feather,,,,Catch with Net,Yes,-,-,110,-,-,Yes,0,pink,pink,Mar 1-31,cute,Hat,Accessory,No,No,,-,ピンクのはね,pluma rosa,pluma rosa,plume rose,plume rose,Flamingofeder,piuma rosa,핑크 깃털,1.0,22D5,22DD,cap_feather_pnk,,,,,-,,-
rainbow feather,,,,Catch with Net,Yes,-,-,110,-,-,Yes,0,colorful,colorful,Mar 1-31,cute,Hat,Accessory,No,No,,-,にじいろのはね,pluma arcoíris,pluma arcoíris,plume irisée,plume irisée,Regenbogenfeder,piuma arcobaleno,무지개 깃털,1.0,22D6,22DE,cap_feather_rainbow,,,,,rainbow feather,,-
empty can,,,,Fishing,Yes,-,-,-80,-,1,No,0,-,-,-,-,-,-,No,No,Can spawn flies,-,あきカン,chatarra,chatarra,boîte vide,boîte vide,Dose,lattina vuota,빈 통조림 캔,1.0,231F,2329,-,No,,,,empty can,,-
boot,,,,Fishing,Yes,-,-,-80,-,1,No,0,-,-,-,-,-,-,No,No,Can spawn flies,-,ながぐつ,bota,bota,godasse,godasse,Stiefel,scarpone,장화,1.0,2320,232A,-,No,,,,boot,,-
old tire,,,,Fishing,Yes,-,-,-80,-,1,No,0,-,-,-,-,-,-,No,No,Can spawn flies,-,タイヤ,neumático,neumático,vieux pneu,vieux pneu,Reifen,copertone,타이어,1.0,2321,232B,-,No,,,,old tire,,-
water egg,,,,Fishing,Yes,-,-,5,-,-,No,0,-,-,-,-,-,-,Yes,No,,-,サカナのたまご,huevo acuático,huevo acuático,œuf aquatique,œuf aquatique,Wasser-Glücksei,uovo acquatico,물속 달걀,1.0,2322,232C,-,Yes,,,,water egg,,-
deep-sea egg,,,,Diving,Yes,-,-,5,-,-,No,0,-,-,-,-,-,-,Yes,No,,-,かいていのたまご,huevo marítimo,huevo marítimo,œuf marin,œuf marin,Tiefsee-Glücksei,uovo marino,해저 달걀,1.0,2341,234B,-,Yes,,,,-,,-
red tulips,,,,Flower Bag,No,-,-,40,32,2,Yes,3,red,red,-,cute,Hat,Accessory,No,Yes,,-,あかいチューリップ,tulipán rojo,tulipán rojo,tulipe rouge,tulipe rouge,Papageitulpe,tulipano rosso,빨간 튤립,1.0,2885,292F,flw_tulip_rd,,,,,red tulips,,red tulips
white tulips,,,,Flower Bag,No,-,-,40,32,2,Yes,3,white,white,-,cute,Hat,Accessory,No,Yes,,-,しろいチューリップ,tulipán blanco,tulipán blanco,tulipe blanche,tulipe blanche,Triumphtulpe,tulipano bianco,하얀 튤립,1.0,2886,2930,flw_tulip_wt,,,,,white tulips,,white tulips
yellow tulips,,,,Flower Bag,No,-,-,40,32,2,Yes,3,yellow,yellow,-,cute,Hat,Accessory,No,Yes,,-,きいろいチューリップ,tulipán amarillo,tulipán amarillo,tulipe jaune,tulipe jaune,Viridifloratulpe,tulipano giallo,노란 튤립,1.0,2887,2931,flw_tulip_ye,,,,,yellow tulips,,yellow tulips
pink tulips,,,,Breeding,No,-,-,80,64,-,Yes,351,pink,pink,-,cute,Hat,Accessory,No,Yes,,-,ピンクのチューリップ,tulipán rosa,tulipán rosa,tulipe rose,tulipe rose,Grengjer-Tulpe,tulipano rosa,핑크색 튤립,1.0,2888,2932,flw_tulip_pi,,,,,pink tulips,,pink tulips
purple tulips,,,,Breeding,No,-,-,80,64,-,Yes,351,purple,purple,-,cute,Hat,Accessory,No,Yes,,-,むらさきチューリップ,tulipán violeta,tulipán violeta,tulipe mauve,tulipe mauve,Wildtulpe,tulipano indaco,보라색 튤립,1.0,2889,2933,flw_tulip_vi,,,,,purple tulips,,purple tulips
black tulips,,,,Breeding,No,-,-,240,192,-,Yes,351,black,black,-,cute,Hat,Accessory,No,Yes,,-,くろいチューリップ,tulipán negro,tulipán negro,tulipe noire,tulipe noire,Römertulpe,tulipano nero,검정 튤립,1.0,288A,2934,flw_tulip_bk,,,,,black tulips,,black tulips
orange tulips,,,,Breeding,No,-,-,240,192,-,Yes,351,orange,orange,-,cute,Hat,Accessory,No,Yes,,-,オレンジチューリップ,tulipán naranja,tulipán naranja,tulipe orange,tulipe orange,Flachlandtulpe,tulipano arancione,오렌지색 튤립,1.0,288B,2935,flw_tulip_or,,,,,orange tulips,,orange tulips
white pansies,,,,Flower Bag,No,-,-,40,32,2,Yes,3,white,white,-,cute,Hat,Accessory,No,Yes,,-,しろいパンジー,viola blanca,viola blanca,pensée blanche,pensée blanche,Pfingstveilchen,viola bianca,하얀 팬지,1.0,288C,2936,flw_pansy_wt,,,,,white pansies,,white pansies
yellow pansies,,,,Flower Bag,No,-,-,40,32,2,Yes,3,yellow,yellow,-,cute,Hat,Accessory,No,Yes,,-,きいろいパンジー,viola amarilla,viola amarilla,pensée jaune,pensée jaune,Hornveilchen,viola gialla,노란 팬지,1.0,288D,2937,flw_pansy_ye,,,,,yellow pansies,,yellow pansies
red pansies,,,,Flower Bag,No,-,-,40,32,2,Yes,3,red,red,-,cute,Hat,Accessory,No,Yes,,-,あかいパンジー,viola roja,viola roja,pensée rouge,pensée rouge,Alpenveilchen,viola rossa,빨간 팬지,1.0,288E,2938,flw_pansy_rd,,,,,red pansies,,red pansies
purple pansies,,,,Breeding,No,-,-,80,64,-,Yes,351,purple,purple,-,cute,Hat,Accessory,No,Yes,,-,むらさきのパンジー,viola violeta,viola violeta,pensée mauve,pensée mauve,Hainveilchen,viola indaco,보라색 팬지,1.0,288F,2939,flw_pansy_vi,,,,,purple pansies,,purple pansies
orange pansies,,,,Breeding,No,-,-,80,64,-,Yes,351,red,yellow,-,cute,Hat,Accessory,No,Yes,,-,あかきいろパンジー,viola roja/amarilla,viola roja/amarilla,pensée orange,pensée orange,Stiefmütterchen,viola arancione,2색 팬지,1.0,2890,293A,flw_pansy_ry,,,,,orange pansies,,orange pansies
blue pansies,,,,Breeding,No,-,-,240,192,-,Yes,351,blue,blue,-,cute,Hat,Accessory,No,Yes,,-,あおいパンジー,viola azul,viola azul,pensée bleue,pensée bleue,Duftveilchen,viola blu,파란 팬지,1.0,2891,293B,flw_pansy_bl,,,,,blue pansies,,blue pansies
white cosmos,,,,Flower Bag,No,-,-,40,32,2,Yes,3,white,white,-,cute,Hat,Accessory,No,Yes,,-,しろいコスモス,cosmos blanco,cosmos blanco,cosmos blanc,cosmos blanc,Gartenprimel,cosmea bianca,하얀 코스모스,1.0,2892,293C,flw_cosmos_wt,,,,,white cosmos,,-
red cosmos,,,,Flower Bag,No,-,-,40,32,2,Yes,3,red,red,-,cute,Hat,Accessory,No,Yes,,-,あかいコスモス,cosmos rojo,cosmos rojo,cosmos rouge,cosmos rouge,Kissenprimel,cosmea rossa,빨간 코스모스,1.0,2893,293D,flw_cosmos_rd,,,,,red cosmos,,-
yellow cosmos,,,,Flower Bag,No,-,-,40,32,2,Yes,3,yellow,yellow,-,cute,Hat,Accessory,No,Yes,,-,きいろいコスモス,cosmos amarillo,cosmos amarillo,cosmos jaune,cosmos jaune,Aurikel,cosmea gialla,노란 코스모스,1.0,2894,293E,flw_cosmos_ye,,,,,yellow cosmos,,-
pink cosmos,,,,Breeding,No,-,-,80,64,-,Yes,351,pink,pink,-,cute,Hat,Accessory,No,Yes,,-,ピンクのコスモス,cosmos rosa,cosmos rosa,cosmos rose,cosmos rose,Sumpfprimel,cosmea rosa,핑크색 코스모스,1.0,2895,293F,flw_cosmos_pi,,,,,pink cosmos,,-
orange cosmos,,,,Breeding,No,-,-,80,64,-,Yes,351,orange,orange,-,cute,Hat,Accessory,No,Yes,,-,オレンジのコスモス,cosmos naranja,cosmos naranja,cosmos orange,cosmos orange,Zwergprimel,cosmea arancione,오렌지색 코스모스,1.0,2896,2940,flw_cosmos_or,,,,,orange cosmos,,-
black cosmos,,,,Breeding,No,-,-,240,192,-,Yes,351,black,black,-,cute,Hat,Accessory,No,Yes,,-,くろいコスモス,cosmos negro,cosmos negro,cosmos noir,cosmos noir,Kugelprimel,cosmea nera,검정 코스모스,1.0,2897,2941,flw_cosmos_bk,,,,,black cosmos,,-
red roses,,,,Flower Bag,No,-,-,40,32,2,Yes,3,red,red,-,cute,Accessory,Glasses,No,Yes,,-,あかいバラ,rosa roja,rosa roja,rose rouge,rose rouge,Liebesrose,rosa rossa,빨간 장미,1.0,2898,2942,flw_rose_rd,,,,,red roses,,-
white roses,,,,Flower Bag,No,-,-,40,32,2,Yes,3,white,white,-,cute,Accessory,Glasses,No,Yes,,-,しろいバラ,rosa blanca,rosa blanca,rose blanche,rose blanche,Unschuldsrose,rosa bianca,하얀 장미,1.0,2899,2943,flw_rose_wt,,,,,white roses,,-
yellow roses,,,,Flower Bag,No,-,-,40,32,2,Yes,3,yellow,yellow,-,cute,Accessory,Glasses,No,Yes,,-,きいろいバラ,rosa amarilla,rosa amarilla,rose jaune,rose jaune,Bernsteinrose,rosa gialla,노란 장미,1.0,289A,2944,flw_rose_ye,,,,,yellow roses,,-
pink roses,,,,Breeding,No,-,-,80,64,-,Yes,351,pink,pink,-,cute,Accessory,Glasses,No,Yes,,-,ピンクのバラ,rosa rosada,rosa rosada,rose rose,rose rose,Pinkrose,rosa rosa,핑크색 장미,1.0,289B,2945,flw_rose_pi,,,,,pink roses,,-
orange roses,,,,Breeding,No,-,-,80,64,-,Yes,351,orange,orange,-,cute,Accessory,Glasses,No,Yes,,-,オレンジのバラ,rosa naranja,rosa naranja,rose orange,rose orange,Sonnenrose,rosa arancione,오렌지색 장미,1.0,289C,2946,flw_rose_or,,,,,orange roses,,-
purple roses,,,,Breeding,No,-,-,240,192,-,Yes,351,purple,purple,-,cute,Accessory,Glasses,No,Yes,,-,むらさきのバラ,rosa malva,rosa malva,rose mauve,rose mauve,Lilarose,rosa indaco,보라색 장미,1.0,289D,2947,flw_rose_vi,,,,,purple roses,,-
black roses,,,,Breeding,No,-,-,450,360,-,Yes,351,black,black,-,cute,Accessory,Glasses,No,Yes,,-,くろいバラ,rosa negra,rosa negra,rose noire,rose noire,Schwarzrose,rosa nera,검정 장미,1.0,289E,2948,flw_rose_bk,,,,,black roses,,-
blue roses,,,,Breeding,No,-,-,2500,2000,-,Yes,351,blue,blue,-,cute,Accessory,Glasses,No,Yes,,-,あおいバラ,rosa azul,rosa azul,rose bleue,rose bleue,Blaurose,rosa blu,파란 장미,1.0,289F,2949,flw_rose_bl,,,,,blue roses,,-
gold roses,,,,Wilted Black Roses,No,-,-,2500,2000,-,Yes,351,yellow,yellow,-,ornate,Accessory,Glasses,No,Yes,,-,きんのバラ,rosa dorada,rosa dorada,rose dorée,rose dorée,Goldrose,rosa d'oro,금장미,1.0,28A0,294A,flw_rose_gl,,,,,gold roses,,-
red carnations,,,,Dad,No,-,-,500,400,-,Yes,0,red,red,Jun 1-30,cute,Hat,Accessory,No,Yes,,-,あかいカーネーション,clavel rojo,clavel rojo,œillet rouge,œillet rouge,Bartnelke,garofano rosso,빨간 카네이션,1.0,28A1,294B,flw_carna_rd,,,,,-,,-
pink carnations,,,,Mom,No,-,-,500,400,-,Yes,0,pink,pink,May 1-31,cute,Hat,Accessory,No,Yes,,-,ピンクカーネーション,clavel rosa,clavel rosa,œillet rose,œillet rose,Heidenelke,garofano rosa,핑크색 카네이션,1.0,28A2,294C,flw_carna_pi,,,,,-,,-
white carnations,,,,Breeding,No,-,-,2000,1600,-,Yes,351,white,white,-,cute,Hat,Accessory,No,Yes,,-,しろいカーネーション,clavel blanco,clavel blanco,œillet blanc,œillet blanc,Federnelke,garofano bianco,하얀 카네이션,1.0,28A3,294D,flw_carna_wt,,,,,-,,-
white lilies,,,,Flower Bag,No,-,-,40,32,2,Yes,3,white,white,-,cute,Hat,Accessory,No,Yes,,-,しろいユリ,lirio blanco,lirio blanco,lys blanc,lys blanc,Osterlilie,giglio bianco,하얀 백합,1.0,28A4,294E,flw_yuri_wt,,,,,white lilies,,-
yellow lilies,,,,Flower Bag,No,-,-,40,32,2,Yes,3,yellow,yellow,-,cute,Hat,Accessory,No,Yes,,-,きいろいユリ,lirio amarillo,lirio amarillo,lys jaune,lys jaune,Pyrenäenlilie,giglio giallo,노란 백합,1.0,28A5,294F,flw_yuri_ye,,,,,yellow lilies,,-
red lilies,,,,Flower Bag,No,-,-,40,32,2,Yes,3,red,red,-,cute,Hat,Accessory,No,Yes,,-,あかいユリ,lirio rojo,lirio rojo,lys rouge,lys rouge,Rotlilie,giglio rosso,빨간 백합,1.0,28A6,2950,flw_yuri_re,,,,,red lilies,,-
orange lilies,,,,Breeding,No,-,-,80,64,-,Yes,351,orange,orange,-,cute,Hat,Accessory,No,Yes,,-,オレンジのユリ,lirio naranja,lirio naranja,lys orange,lys orange,Feuerlilie,giglio arancione,오렌지색 백합,1.0,28A7,2951,flw_yuri_or,,,,,orange lilies,,-
pink lilies,,,,Breeding,No,-,-,80,64,-,Yes,351,pink,pink,-,cute,Hat,Accessory,No,Yes,,-,ピンクのユリ,lirio rosa,lirio rosa,lys rose,lys rose,Türkenbundlilie,giglio rosa,핑크색 백합,1.0,28A8,2952,flw_yuri_pi,,,,,pink lilies,,-
black lilies,,,,Breeding,No,-,-,80,64,-,Yes,351,black,black,-,cute,Hat,Accessory,No,Yes,,-,くろいユリ,lirio negro,lirio negro,lys noir,lys noir,Dunkellilie,giglio nero,검정 백합,1.0,28A9,2953,flw_yuri_bk,,,,,black lilies,,-
purple violets,,,,Flower Bag,No,-,-,40,32,2,Yes,3,purple,purple,-,cute,Hat,Accessory,No,Yes,,-,むらさきのスミレ,violeta morada,violeta morada,violette mauve,violette mauve,Waldveilchen,violetta viola,보라색 제비꽃,1.0,28AA,2954,flw_violet_vi,,,,,-,,-
blue violets,,,,Breeding,No,-,-,80,64,-,Yes,351,blue,blue,-,cute,Hat,Accessory,No,Yes,,-,あおいスミレ,violeta azul,violeta azul,violette bleue,violette bleue,Blauveilchen,violetta blu,파란 제비꽃,1.0,28AB,2955,flw_violet_bl,,,,,-,,-
white violets,,,,Flower Bag,No,-,-,40,32,2,Yes,3,white,white,-,cute,Hat,Accessory,No,Yes,,-,しろいスミレ,violeta blanca,violeta blanca,violette blanche,violette blanche,Grabenveilchen,violetta bianca,하얀 제비꽃,1.0,28AC,2956,flw_violet_wt,,,,,-,,-
yellow violets,,,,Flower Bag,No,-,-,40,32,2,Yes,3,yellow,yellow,-,cute,Hat,Accessory,No,Yes,,-,きいろいスミレ,violeta amarilla,violeta amarilla,violette jaune,violette jaune,Galmeiveilchen,violetta gialla,노란 제비꽃,1.0,28AD,2957,flw_violet_ye,,,,,-,,-
Jacob's ladder,,,,Perfect Town,No,-,-,90,72,-,Yes,351,white,white,-,cute,Hat,Accessory,No,Yes,,-,スズラン,flor de nieve,flor de nieve,muguet,muguet,Maiglöckchen,mughetto,은방울꽃,1.0,28AE,2958,flw_lily,,,,,lily of the valley,,-
lucky clovers,,,,Ground,No,-,-,80,64,-,Yes,351,green,green,-,cute,Hat,Accessory,No,Yes,,-,よつばのクローバー,trébol de 4 hojas,trébol de 4 hojas,trèfle à 4 feuilles,trèfle à 4 feuilles,Glückskleeblatt,quadrifoglio,네잎클로버,1.0,28AF,2959,flw_4leaf_clover,,,,,-,,-
dandelions,,,,Ground,No,-,-,40,32,-,Yes,351,yellow,yellow,-,cute,Hat,Accessory,No,Yes,,-,タンポポ,diente de león,diente de león,pissenlit,pissenlit,Löwenzahn,dente di leone,민들레,1.0,28B0,295A,flw_dandelion0,,,,,-,,-
dandelion puffs,,,,Ground,No,-,-,50,40,-,Yes,351,white,white,-,-,Hand,Dandelion Puffs,No,Yes,,-,タンポポのわたげ,vilano diente león,vilano diente león,tête de pissenlit,tête de pissenlit,Pusteblume,soffione,민들레꽃씨,1.0,28B1,295B,flw_dandelion1,,,,,-,,-
timer,,,,Nooklings,Yes,500,-,125,100,-,Yes,0,-,-,-,-,-,-,No,No,,-,タイマー,cronómetro,cronómetro,chrono,chrono,Stoppuhr,cronometro,타이머,1.0,3056,3367,-,No,,timer,timer,timer,,
fountain firework,,,,Nooklings,No,200,-,50,40,-,No,0,-,-,Aug 1-31,-,-,-,No,No,Becomes used firework when dropped,-,おきはなび,bengala de tubo,bengala de tubo,fontaine d'artifice,fontaine d'artifice,Fontäne,fuoco d'artificio,분수형 폭죽,1.0,308C,339F,-,,,,,fountain firework,,-
used firework,,,,Fountain firework,Yes,-,-,-200,-,-,No,0,-,-,-,-,-,-,No,No,,-,はなびのもえかす,bengala tubo usada,bengala tubo usada,feu d'artifice usagé,feu d'artifice usagé,Fontäne (abgebrannt),fuoco d'art. usato,다 탄 분수형 폭죽,1.0,308D,33A0,-,,,,,used fountain firework,,-
normal coffee beans,,,,The Roost,Yes,-,-,500,400,-,No,451,-,-,-,-,-,-,No,No,,-,ふつうのコーヒーまめ,café normal,café normal,sachet de café banal,sachet de café banal,Standard-Kaffee,pacco caffè normale,평범한 커피콩,1.0,3090,33A3,-,,,,,,,-
good coffee beans,,,,The Roost,Yes,-,-,1000,800,-,No,451,-,-,-,-,-,-,No,No,,-,よいコーヒーまめ,café extra,café extra,sachet de bon café,sachet de bon café,Qualitäts-Kaffee,pacco caffè squisito,좋은 커피콩,1.0,3091,33A4,-,,,,,,,-
superb coffee beans,,,,The Roost,Yes,-,-,2000,1600,-,No,451,-,-,-,-,-,-,No,No,,-,とてもよいコーヒーまめ,café premium,café premium,sachet de café extra,sachet de café extra,Premium-Kaffee,pacco caffè sublime,최상급 커피콩,1.0,3092,33A5,-,,,,,,,-
chocolate coin,,,,Gulliver,Yes,-,-,25,20,-,No,0,-,-,-,-,-,-,Yes,No,,-,コインチョコ,moneda de chocolate,moneda de chocolate,pièce en chocolat,pièce en chocolat,Schokoladentaler,moneta di cioccolato,코인 초콜릿,1.0,3093,33A6,-,,,,,,,-
signature sheet,,,,Signature quest,No,-,-,-,-,-,No,0,-,-,-,-,-,-,No,No,,,しょめいようし,hoja de firmas,hoja de firmas,pétition,pétition,Unterschriftenliste,modulo racc. firme,서명용지,1.0,30A2,33BC,-,,,,,,,-
petition form,,,,Signature quest,No,-,-,-,-,-,No,0,-,-,-,-,-,-,No,No,,,しょめいようし,hoja de firmas,hoja de firmas,pétition,pétition,Unterschriftenliste,modulo racc. firme,서명용지,1.0,30A3,33BD,-,,,,,,,-
paper scrap,,,,Signature quest,Yes,-,-,-120,-,-,No,0,-,-,-,-,-,-,No,No,,,かみくず,hoja usada,hoja usada,vieux document,vieux document,Altpapier,ritaglio di carta,종이 쓰레기,1.0,30A4,33BE,-,,,,,,,-
lost item,,,,Ground,No,-,-,-,-,-,No,0,-,-,-,-,-,-,No,No,,,おとしもの,objeto perdido,objeto perdido,objet perdu,objet perdu,Fundsache,oggetto smarrito,분실물,1.0,30A5,33BF,-,,,,,,,-
lost item,,,,Ground,No,-,-,-,-,-,No,0,-,-,-,-,-,-,No,No,,,おとしもの,objeto perdido,objeto perdido,objet perdu,objet perdu,Fundsache,oggetto smarrito,분실물,1.0,30A6,33C0,-,,,,,,,-
lost item,,,,Ground,No,-,-,-,-,-,No,0,-,-,-,-,-,-,No,No,,,おとしもの,objeto perdido,objeto perdido,objet perdu,objet perdu,Fundsache,oggetto smarrito,분실물,1.0,30A7,33C1,-,,,,,,,-
lost item,,,,Ground,No,-,-,-,-,-,No,0,-,-,-,-,-,-,No,No,,,おとしもの,objeto perdido,objeto perdido,objet perdu,objet perdu,Fundsache,oggetto smarrito,분실물,1.0,30A8,33C2,-,,,,,,,-
book,,,,Lost item,Yes,-,-,-120,-,-,No,0,-,-,-,-,-,-,No,No,,,ほん,libro,libro,livre,livre,Buch,libro,책,1.0,30A9,33C3,-,,,,,,,-
pouch,,,,Lost item,Yes,-,-,-120,-,-,No,0,-,-,-,-,-,-,No,No,,,ポーチ,bolsa,bolsa,bourse,bourse,Stoffbeutel,borsa,파우치,1.0,30AA,33C4,-,,,,,,,-
mitten,,,,Lost item,Yes,-,-,-120,-,-,No,0,-,-,-,-,-,-,No,No,,,てぶくろのかたわれ,manopla,manopla,manopla,moufle,Einzelhandschuh,guanto,장갑 한 짝,1.0,30AB,33C5,-,,,,,,,-
paper bag,,,,Lost item,Yes,-,-,-120,-,-,No,0,-,-,-,-,-,-,No,No,,,かみぶくろ,bolsa de papel,bolsa de papel,sac en papier,sac en papier,Papiertüte,sacchetto di carta,종이봉투,1.0,30AC,33C6,-,,,,,,,-
towel,,,,Blanca,Yes,-,-,12,-,-,No,0,-,-,-,-,-,-,No,No,,,かおふきタオル,toalla para la cara,toalla para la cara,serviette,serviette,Waschlappen,asciugamano,얼굴 수건,1.0,30AD,33C7,-,,,,,,,-
Fortune cookie,,,,Nooklings,Yes,-,-,-,-,-,No,0,-,-,-,-,-,-,Yes,No,Bought for 2 play coins; Becomes random fortune when consumed,-,フォーチュンクッキー,galleta de fortuna,galleta de fortuna,gâteau de la chance,gâteau de la chance,Glückskeks,biscotto fortuna,운세 쿠키,1.0,30AE,33C8,-,,,,,,,-
Redd's cookie,,,,Redd,Yes,500,-,-,-,-,No,0,-,-,-,-,-,-,Yes,No,Becomes random ticket when consumed,-,いなりくじ,galleta de Ladino,galleta de Ladino,rounardise,rounardise,Lotteriekeks,biscotto lotteria,여욱 행운권,1.0,30E1,3402,-,,,,,,,-
dud ticket,,,,Redd's cookie,Yes,-,-,-,-,-,No,0,-,-,-,-,-,-,No,No,,-,いなりくじ・ハズレ,papel inútil,papel inútil,ticket perdant,ticket perdant,Lotterie-Niete,bigl. lotteria nullo,여욱 행운권 꽝,1.0,30E2,3403,-,,,,,,,-
flash ticket,,,,Redd's cookie,Yes,-,-,-,-,-,No,0,-,-,-,-,-,-,No,No,,-,いなりくじ・A,papel bum,papel bum,ticket boum,ticket boum,Lotterielos A,biglietto lotteria A,여욱 행운권 A,1.0,30E3,3404,-,,,,,,,-
bang ticket,,,,Redd's cookie,Yes,-,-,-,-,-,No,0,-,-,-,-,-,-,No,No,,-,いなりくじ・B,papel bang,papel bang,ticket bang,ticket bang,Lotterielos B,biglietto lotteria B,여욱 행운권 B,1.0,30E4,3405,-,,,,,,,-
sparkle ticket,,,,Redd's cookie,Yes,-,-,-,-,-,No,0,-,-,-,-,-,-,No,No,,-,いなりくじ・C,papel zas,papel zas,ticket driiiing,ticket driiiing,Lotterielos C,biglietto lotteria C,여욱 행운권 C,1.0,30E5,3406,-,,,,,,,-
whiz ticket,,,,Redd's cookie,Yes,-,-,-,-,-,No,0,-,-,-,-,-,-,No,No,,-,いなりくじ・D,papel pam,papel pam,ticket crakboum,ticket crakboum,Lotterielos D,biglietto lotteria D,여욱 행운권 D,1.0,30E6,3407,-,,,,,,,-
pow ticket,,,,Redd's cookie,Yes,-,-,-,-,-,No,0,-,-,-,-,-,-,No,No,,-,いなりくじ・E,papel pum,papel pum,ticket poiiiing,ticket poiiiing,Lotterielos E,biglietto lotteria E,여욱 행운권 E,1.0,30E7,3408,-,,,,,,,-
crackle ticket,,,,Redd's cookie,Yes,-,-,-,-,-,No,0,-,-,-,-,-,-,No,No,,-,いなりくじ・F,papel chischás,papel chischás,ticket badabim,ticket badabim,Lotterielos F,biglietto lotteria F,여욱 행운권 F,1.0,30E8,3409,-,,,,,,,-
kaboom ticket,,,,Redd's cookie,Yes,-,-,-,-,-,No,0,-,-,-,-,-,-,No,No,,-,いなりくじ・G,papel purrún,papel purrún,ticket vroum-vroum,ticket vroum-vroum,Lotterielos G,biglietto lotteria G,여욱 행운권 G,1.0,30E9,340A,-,,,,,,,-
pop ticket,,,,Redd's cookie,Yes,-,-,-,-,-,No,0,-,-,-,-,-,-,No,No,,-,いなりくじ・H,papel zacatrás,papel zacatrás,ticket hip-hip-hip,ticket hip-hip-hip,Lotterielos H,biglietto lotteria H,여욱 행운권 H,1.0,30EA,340B,-,,,,,,,-
bingo card,,,,Snowman,No,-,-,-,-,-,No,0,-,-,-,-,-,-,No,No,,-,ビンゴカード,cartón de bingo,cartón de bingo,grille de bingogo,grille de bingogo,Glücksfünf-Karte,cartella cinquina,빙고 카드,1.0,30F9,341A,-,,,,,,,-
expired bingo card,,,,Bingo Card,Yes,-,-,-120,-,-,No,0,-,-,-,-,-,-,No,No,,-,きげんぎれのビンゴカード,cartón caducado,cartón caducado,grille périmée,grille périmée,Glücksfünf-Altkarte,cart. cinquina nulla,만료된 빙고 카드,1.0,30FA,341B,-,,,,,,,-
scavenger-hunt list,,,,Tortimer Island Tour,No,-,-,0,0,-,No,0,-,-,-,-,-,-,No,No,,-,かりものリスト,lista de objetos,lista de objetos,liste de meubles,liste de meubles,Suchliste,lista oggetti,찾을 물건 목록,1.0,30FC,341D,-,,,,,,,-
time capsule,,,,Villager Favor,No,-,-,-,-,-,No,0,-,-,-,-,-,-,No,No,Letter slot item,-,タイムカプセル,cápsula del tiempo,cápsula del tiempo,capsule temporelle,capsule temporelle,Zeitkapsel,capsula del tempo,타임캡슐,1.0,30FB,341C,-,,,,,,,-