#,Name,Body Name,Pattern Name,Name (Variant),Image,Source,Reorderable,Buy Price (Bells),Sell Price (Re-Tail),Size,Interactivity,Animated,Sound,HHA Base Points,HHA Theme Challenge,Color 1,Color 2,Fashion,Customizable Body Name,Customizable Pattern Name,Customization Cost,Name (Japanese),Name (Spanish NA),Name (Spanish EU),Name (French NA),Name (French EU),Name (German),Name (Italian),Name (Korean),# (JP),# (ES-NA),# (ES-EU),# (FR),# (GER),# (ITA),# (KOR),Version Added,Source Group,Hex ID,Body Flag,Pattern Flag,Flag,ID-Flag,Model Filename,New To Series,Name (NH),Name (HHD),Name (PC),Body Name (English EU),Pattern Name (English EU),Body Name (Japanese),Pattern Name (Japanese),Body Name (Spanish),Pattern Name (Spanish),Body Name (French NA),Pattern Name (French NA),Body Name (French EU),Pattern Name (French EU),Body Name (German),Pattern Name (German),Body Name (Italian),Pattern Name (Italian),Body Name (Korean),Pattern Name (Korean)
01,candy house,-,-,candy house,,HHD Save File,Yes,"6,000","1,500",3x3,-,-,-,777,Fairy Tale / Toy Shop,colorful,colorful,cute,-,-,-,おかしのいえ,casita de dulces,casita de chuches,maison bonbons,maison bonbons,Lebkuchenhaus,casa di dolci,과자집,04,04,03,07,09,04,03,1.4,B2,302F,00,00,0000,302F-0000,int_big_sweets,No,-,candy house,-,-,-,-,-,-,-,-,-,-,-,-,-,-,-,-,-
02,carriage,White,-,carriage (White),,HHD Save File,Yes,"8,000","2,000",3x3,-,-,-,777,Fairy Tale / Toy Shop,white,white,cute,the body color,-,800,ばしゃ,carruaje,carruaje,calèche,calèche,Kutsche,carrozza,럭셔리 마차,14,03,02,02,08,03,04,1.4,B2,3037,00,00,0000,3037-0000,rmk_big_carriage,No,-,carriage,carriage,White,-,ホワイト,-,Blanco,-,Blanc.,-,Blanc.,-,Weiß,-,Bianco,-,화이트,-
02,carriage,Black,-,carriage (Black),,HHD Save File,Yes,"8,000","2,000",3x3,-,-,-,777,Fairy Tale / Toy Shop,black,yellow,cute,the body color,-,800,ばしゃ,carruaje,carruaje,calèche,calèche,Kutsche,carrozza,럭셔리 마차,14,03,02,02,08,03,04,1.4,B2,3037,04,00,0400,3037-0400,rmk_big_carriage,No,-,carriage,carriage,Black,-,ブラック,-,Negro,-,Noir.,-,Noir.,-,Schwarz,-,Nero,-,블랙,-
02,carriage,Brown,-,carriage (Brown),,HHD Save File,Yes,"8,000","2,000",3x3,-,-,-,777,Fairy Tale / Toy Shop,brown,brown,cute,the body color,-,800,ばしゃ,carruaje,carruaje,calèche,calèche,Kutsche,carrozza,럭셔리 마차,14,03,02,02,08,03,04,1.4,B2,3037,08,00,0800,3037-0800,rmk_big_carriage,No,-,carriage,carriage,Brown,-,ブラウン,-,Marrón,-,Brun.,-,Marron.,-,Braun,-,Marrone,-,브라운,-
02,carriage,Pink,-,carriage (Pink),,HHD Save File,Yes,"8,000","2,000",3x3,-,-,-,777,Fairy Tale / Toy Shop,pink,white,cute,the body color,-,800,ばしゃ,carruaje,carruaje,calèche,calèche,Kutsche,carrozza,럭셔리 마차,14,03,02,02,08,03,04,1.4,B2,3037,0C,00,0C00,3037-0C00,rmk_big_carriage,No,-,carriage,carriage,Pink,-,ピンク,-,Rosa,-,Rose.,-,Rose.,-,Pink,-,Rosa,-,핑크,-
02,carriage,Green,-,carriage (Green),,HHD Save File,Yes,"8,000","2,000",3x3,-,-,-,777,Fairy Tale / Toy Shop,green,yellow,cute,the body color,-,800,ばしゃ,carruaje,carruaje,calèche,calèche,Kutsche,carrozza,럭셔리 마차,14,03,02,02,08,03,04,1.4,B2,3037,10,00,1000,3037-1000,rmk_big_carriage,No,-,carriage,carriage,Green,-,グリーン,-,Verde,-,Vert.,-,Vert.,-,Grün,-,Verde,-,그린,-
03,giant ant,-,-,giant ant,,HHD Save File,Yes,"6,000","1,500",3x3,-,-,-,777,Rustic / Toy Shop,black,black,flashy,-,-,-,きょだいアリ,hormiga gigante,hormiga gigante,fourmi géante,fourmi géante,Riesenameise,formica gigante,거대 개미,05,05,05,04,13,06,02,1.4,B2,3031,00,00,0000,3031-0000,int_big_ant,No,-,giant ant,-,-,-,-,-,-,-,-,-,-,-,-,-,-,-,-,-
04,giant stew pot,Stew,-,giant stew pot (Stew),,HHD Save File,Yes,"8,000","2,000",3x3,-,Always,Always,777,Toy Shop,yellow,gray,rock 'n' roll,the menu,-,800,とくだいなべ,olla gigante,olla gigante,fait-tout géant,fait-tout géant,Riesenschmortopf,pentolone gigante,특대형 냄비,13,10,11,03,15,11,17,1.4,B2,3036,00,00,0000,3036-0000,rmk_big_pan,No,-,giant stew pot,-,Stew,-,シチュー,-,Cocido,-,Ragoût.,-,Ragoût.,-,Eintopf,-,Spezzatino,-,스튜,-
04,giant stew pot,Curry,-,giant stew pot (Curry),,HHD Save File,Yes,"8,000","2,000",3x3,-,Always,Always,777,Toy Shop,brown,gray,rock 'n' roll,the menu,-,800,とくだいなべ,olla gigante,olla gigante,fait-tout géant,fait-tout géant,Riesenschmortopf,pentolone gigante,특대형 냄비,13,10,11,03,15,11,17,1.4,B2,3036,04,00,0400,3036-0400,rmk_big_pan,No,-,giant stew pot,-,Curry,-,カレー,-,Curry,-,Curry.,-,Curry.,-,Curry,-,Zuppa al curry,-,카레,-
04,giant stew pot,Tomato soup,-,giant stew pot (Tomato soup),,HHD Save File,Yes,"8,000","2,000",3x3,-,Always,Always,777,Toy Shop,red,gray,rock 'n' roll,the menu,-,800,とくだいなべ,olla gigante,olla gigante,fait-tout géant,fait-tout géant,Riesenschmortopf,pentolone gigante,특대형 냄비,13,10,11,03,15,11,17,1.4,B2,3036,08,00,0800,3036-0800,rmk_big_pan,No,-,giant stew pot,-,Tomato soup,-,トマトスープ,-,Sopa de tomate,-,Soupe à la tomate.,-,Soupe à la tomate.,-,Tomatensuppe,-,Zuppa di pomodoro,-,토마토 수프,-
04,giant stew pot,Green liquid,-,giant stew pot (Green liquid),,HHD Save File,Yes,"8,000","2,000",3x3,-,Always,Always,777,Toy Shop,green,gray,rock 'n' roll,the menu,-,800,とくだいなべ,olla gigante,olla gigante,fait-tout géant,fait-tout géant,Riesenschmortopf,pentolone gigante,특대형 냄비,13,10,11,03,15,11,17,1.4,B2,3036,0C,00,0C00,3036-0C00,rmk_big_pan,No,-,giant stew pot,-,Green liquid,-,みどりの液体,-,Sopa de verduras,-,Brouet louche.,-,Brouet louche.,-,Grüner Schleim,-,Minestrone,-,초록 액체,-
05,giant teddy bear,Beige,Green-stripe shirt,giant teddy bear (Beige - Green-stripe shirt),,HHD Save File,Yes,"8,000","2,000",3x3,-,-,-,777,Fairy Tale / Toy Shop,beige,green,cute,the fabric,the outfit,800,くまのトクダイちゃん,papá oso gigante,papá oso gigante,nounours géant,nounours géant,Riesenteddy,orsacchiotto gigante,특대 곰인형,06,12,13,10,16,10,16,1.4,B2,3039,00,00,0000,3039-0000,rmk_big_bear,No,giant teddy bear,giant teddy bear,-,Beige,Green-stripe shirt,ベージュ,グリーンボーダー,Marrón,Camiseta verde,Beige.,T-shirt rayures vertes.,Beige.,T-shirt rayures vertes.,Beige,Grün gestreift,Beige,Camicia verde a righe,베이지,그린 스트라이프
05,giant teddy bear,Beige,Collared shirt,giant teddy bear (Beige - Collared shirt),,HHD Save File,Yes,"8,000","2,000",3x3,-,-,-,777,Fairy Tale / Toy Shop,beige,red,cute,the fabric,the outfit,800,くまのトクダイちゃん,papá oso gigante,papá oso gigante,nounours géant,nounours géant,Riesenteddy,orsacchiotto gigante,특대 곰인형,06,12,13,10,16,10,16,1.4,B2,3039,00,01,0001,3039-0001,rmk_big_bear,No,giant teddy bear,giant teddy bear,-,Beige,Collared shirt,ベージュ,えり付きシャツ,Marrón,Camiseta con cuello,Beige.,Polo.,Beige.,Polo.,Beige,Mit Kragen,Beige,Camicia con colletto,베이지,칼라 셔츠
05,giant teddy bear,Beige,fluffy jacket,giant teddy bear (Beige - fluffy jacket),,HHD Save File,Yes,"8,000","2,000",3x3,-,-,-,777,Fairy Tale / Toy Shop,beige,white,cute,the fabric,the outfit,800,くまのトクダイちゃん,papá oso gigante,papá oso gigante,nounours géant,nounours géant,Riesenteddy,orsacchiotto gigante,특대 곰인형,06,12,13,10,16,10,16,1.4,B2,3039,00,02,0002,3039-0002,rmk_big_bear,No,giant teddy bear,giant teddy bear,-,Beige,fluffy jacket,ベージュ,モコモコジャケット,Marrón,Chaqueta acolchada,Beige.,Veste en duvet.,Beige.,Doudoune.,Beige,Flauschig,Beige,Giacca morbida,베이지,퍼 재킷
05,giant teddy bear,Pink,Green-stripe shirt,giant teddy bear (Pink - Green-stripe shirt),,HHD Save File,Yes,"8,000","2,000",3x3,-,-,-,777,Fairy Tale / Toy Shop,pink,green,cute,the fabric,the outfit,800,くまのトクダイちゃん,papá oso gigante,papá oso gigante,nounours géant,nounours géant,Riesenteddy,orsacchiotto gigante,특대 곰인형,06,12,13,10,16,10,16,1.4,B2,3039,04,00,0400,3039-0400,rmk_big_bear,No,giant teddy bear,giant teddy bear,-,Pink,Green-stripe shirt,ピンク,グリーンボーダー,Rosa,Camiseta verde,Rose.,T-shirt rayures vertes.,Rose.,T-shirt rayures vertes.,Pink,Grün gestreift,Rosa,Camicia verde a righe,핑크,그린 스트라이프
05,giant teddy bear,Pink,Collared shirt,giant teddy bear (Pink - Collared shirt),,HHD Save File,Yes,"8,000","2,000",3x3,-,-,-,777,Fairy Tale / Toy Shop,pink,red,cute,the fabric,the outfit,800,くまのトクダイちゃん,papá oso gigante,papá oso gigante,nounours géant,nounours géant,Riesenteddy,orsacchiotto gigante,특대 곰인형,06,12,13,10,16,10,16,1.4,B2,3039,04,01,0401,3039-0401,rmk_big_bear,No,giant teddy bear,giant teddy bear,-,Pink,Collared shirt,ピンク,えり付きシャツ,Rosa,Camiseta con cuello,Rose.,Polo.,Rose.,Polo.,Pink,Mit Kragen,Rosa,Camicia con colletto,핑크,칼라 셔츠
05,giant teddy bear,Pink,fluffy jacket,giant teddy bear (Pink - fluffy jacket),,HHD Save File,Yes,"8,000","2,000",3x3,-,-,-,777,Fairy Tale / Toy Shop,pink,white,cute,the fabric,the outfit,800,くまのトクダイちゃん,papá oso gigante,papá oso gigante,nounours géant,nounours géant,Riesenteddy,orsacchiotto gigante,특대 곰인형,06,12,13,10,16,10,16,1.4,B2,3039,04,02,0402,3039-0402,rmk_big_bear,No,giant teddy bear,giant teddy bear,-,Pink,fluffy jacket,ピンク,モコモコジャケット,Rosa,Chaqueta acolchada,Rose.,Veste en duvet.,Rose.,Doudoune.,Pink,Flauschig,Rosa,Giacca morbida,핑크,퍼 재킷
05,giant teddy bear,Blue,Green-stripe shirt,giant teddy bear (Blue - Green-stripe shirt),,HHD Save File,Yes,"8,000","2,000",3x3,-,-,-,777,Fairy Tale / Toy Shop,blue,green,cute,the fabric,the outfit,800,くまのトクダイちゃん,papá oso gigante,papá oso gigante,nounours géant,nounours géant,Riesenteddy,orsacchiotto gigante,특대 곰인형,06,12,13,10,16,10,16,1.4,B2,3039,08,00,0800,3039-0800,rmk_big_bear,No,giant teddy bear,giant teddy bear,-,Blue,Green-stripe shirt,ブルー,グリーンボーダー,Azul,Camiseta verde,Bleue.,T-shirt rayures vertes.,Bleue.,T-shirt rayures vertes.,Blau,Grün gestreift,Blu,Camicia verde a righe,블루,그린 스트라이프
05,giant teddy bear,Blue,Collared shirt,giant teddy bear (Blue - Collared shirt),,HHD Save File,Yes,"8,000","2,000",3x3,-,-,-,777,Fairy Tale / Toy Shop,blue,red,cute,the fabric,the outfit,800,くまのトクダイちゃん,papá oso gigante,papá oso gigante,nounours géant,nounours géant,Riesenteddy,orsacchiotto gigante,특대 곰인형,06,12,13,10,16,10,16,1.4,B2,3039,08,01,0801,3039-0801,rmk_big_bear,No,giant teddy bear,giant teddy bear,-,Blue,Collared shirt,ブルー,えり付きシャツ,Azul,Camiseta con cuello,Bleue.,Polo.,Bleue.,Polo.,Blau,Mit Kragen,Blu,Camicia con colletto,블루,칼라 셔츠
05,giant teddy bear,Blue,fluffy jacket,giant teddy bear (Blue - fluffy jacket),,HHD Save File,Yes,"8,000","2,000",3x3,-,-,-,777,Fairy Tale / Toy Shop,blue,white,cute,the fabric,the outfit,800,くまのトクダイちゃん,papá oso gigante,papá oso gigante,nounours géant,nounours géant,Riesenteddy,orsacchiotto gigante,특대 곰인형,06,12,13,10,16,10,16,1.4,B2,3039,08,02,0802,3039-0802,rmk_big_bear,No,giant teddy bear,giant teddy bear,-,Blue,fluffy jacket,ブルー,モコモコジャケット,Azul,Chaqueta acolchada,Bleue.,Veste en duvet.,Bleue.,Doudoune.,Blau,Flauschig,Blu,Giacca morbida,블루,퍼 재킷
05,giant teddy bear,Yellow green,Green-stripe shirt,giant teddy bear (Yellow green - Green-stripe shirt),,HHD Save File,Yes,"8,000","2,000",3x3,-,-,-,777,Fairy Tale / Toy Shop,green,green,cute,the fabric,the outfit,800,くまのトクダイちゃん,papá oso gigante,papá oso gigante,nounours géant,nounours géant,Riesenteddy,orsacchiotto gigante,특대 곰인형,06,12,13,10,16,10,16,1.4,B2,3039,0C,00,0C00,3039-0C00,rmk_big_bear,No,giant teddy bear,giant teddy bear,-,Yellow green,Green-stripe shirt,イエローグリーン,グリーンボーダー,Amarillo verdoso,Camiseta verde,Vert-jaune.,T-shirt rayures vertes.,Vert-jaune.,T-shirt rayures vertes.,Gelbgrün,Grün gestreift,Gialloverde,Camicia verde a righe,옐로 그린,그린 스트라이프
05,giant teddy bear,Yellow green,Collared shirt,giant teddy bear (Yellow green - Collared shirt),,HHD Save File,Yes,"8,000","2,000",3x3,-,-,-,777,Fairy Tale / Toy Shop,green,red,cute,the fabric,the outfit,800,くまのトクダイちゃん,papá oso gigante,papá oso gigante,nounours géant,nounours géant,Riesenteddy,orsacchiotto gigante,특대 곰인형,06,12,13,10,16,10,16,1.4,B2,3039,0C,01,0C01,3039-0C01,rmk_big_bear,No,giant teddy bear,giant teddy bear,-,Yellow green,Collared shirt,イエローグリーン,えり付きシャツ,Amarillo verdoso,Camiseta con cuello,Vert-jaune.,Polo.,Vert-jaune.,Polo.,Gelbgrün,Mit Kragen,Gialloverde,Camicia con colletto,옐로 그린,칼라 셔츠
05,giant teddy bear,Yellow green,fluffy jacket,giant teddy bear (Yellow green - fluffy jacket),,HHD Save File,Yes,"8,000","2,000",3x3,-,-,-,777,Fairy Tale / Toy Shop,green,white,cute,the fabric,the outfit,800,くまのトクダイちゃん,papá oso gigante,papá oso gigante,nounours géant,nounours géant,Riesenteddy,orsacchiotto gigante,특대 곰인형,06,12,13,10,16,10,16,1.4,B2,3039,0C,02,0C02,3039-0C02,rmk_big_bear,No,giant teddy bear,giant teddy bear,-,Yellow green,fluffy jacket,イエローグリーン,モコモコジャケット,Amarillo verdoso,Chaqueta acolchada,Vert-jaune.,Veste en duvet.,Vert-jaune.,Doudoune.,Gelbgrün,Flauschig,Gialloverde,Giacca morbida,옐로 그린,퍼 재킷
05,giant teddy bear,Black,Green-stripe shirt,giant teddy bear (Black - Green-stripe shirt),,HHD Save File,Yes,"8,000","2,000",3x3,-,-,-,777,Fairy Tale / Toy Shop,black,green,cute,the fabric,the outfit,800,くまのトクダイちゃん,papá oso gigante,papá oso gigante,nounours géant,nounours géant,Riesenteddy,orsacchiotto gigante,특대 곰인형,06,12,13,10,16,10,16,1.4,B2,3039,10,00,1000,3039-1000,rmk_big_bear,No,giant teddy bear,giant teddy bear,-,Black,Green-stripe shirt,ブラック,グリーンボーダー,Negro,Camiseta verde,Noire.,T-shirt rayures vertes.,Noire.,T-shirt rayures vertes.,Schwarz,Grün gestreift,Nero,Camicia verde a righe,블랙,그린 스트라이프
05,giant teddy bear,Black,Collared shirt,giant teddy bear (Black - Collared shirt),,HHD Save File,Yes,"8,000","2,000",3x3,-,-,-,777,Fairy Tale / Toy Shop,black,red,cute,the fabric,the outfit,800,くまのトクダイちゃん,papá oso gigante,papá oso gigante,nounours géant,nounours géant,Riesenteddy,orsacchiotto gigante,특대 곰인형,06,12,13,10,16,10,16,1.4,B2,3039,10,01,1001,3039-1001,rmk_big_bear,No,giant teddy bear,giant teddy bear,-,Black,Collared shirt,ブラック,えり付きシャツ,Negro,Camiseta con cuello,Noire.,Polo.,Noire.,Polo.,Schwarz,Mit Kragen,Nero,Camicia con colletto,블랙,칼라 셔츠
05,giant teddy bear,Black,fluffy jacket,giant teddy bear (Black - fluffy jacket),,HHD Save File,Yes,"8,000","2,000",3x3,-,-,-,777,Fairy Tale / Toy Shop,black,white,cute,the fabric,the outfit,800,くまのトクダイちゃん,papá oso gigante,papá oso gigante,nounours géant,nounours géant,Riesenteddy,orsacchiotto gigante,특대 곰인형,06,12,13,10,16,10,16,1.4,B2,3039,10,02,1002,3039-1002,rmk_big_bear,No,giant teddy bear,giant teddy bear,-,Black,fluffy jacket,ブラック,モコモコジャケット,Negro,Chaqueta acolchada,Noire.,Veste en duvet.,Noire.,Doudoune.,Schwarz,Flauschig,Nero,Giacca morbida,블랙,퍼 재킷
06,iceberg,-,-,iceberg,,HHD Save File,Yes,"6,000","1,500",3x3,-,-,-,777,Rustic / Toy Shop,white,aqua,iconic,-,-,-,ひょうざん,iceberg,iceberg,iceberg,iceberg,Eisberg,iceberg,빙산,16,07,07,06,04,07,08,1.4,B2,3033,00,00,0000,3033-0000,int_big_iceberg,No,-,iceberg,-,-,-,-,-,-,-,-,-,-,-,-,-,-,-,-,-
07,inflatable Resetti,Normal,-,inflatable Resetti (Normal),,HHD Save File,Yes,"8,000","2,000",3x3,Press,Press,Press,777,Toy Shop,brown,blue,cute,the expression,-,800,エアゆうぐ,Rese T. Ado inflable,objeto hinchable,personnage gonflable,personnage gonflable,Aufblasfigur,Resetti gonfiabile,에어 도루묵씨,02,14,10,13,01,12,11,1.4,B2,3041,00,00,0000,3041-0000,rmk_big_moo,No,-,inflatable Resetti,-,Normal,-,通常,-,Normal,-,Gaie.,-,Gaie.,-,Normal,-,Normale,-,평소 얼굴,-
07,inflatable Resetti,Annoyed,-,inflatable Resetti (Annoyed),,HHD Save File,Yes,"8,000","2,000",3x3,Press,Press,Press,777,Toy Shop,brown,blue,cute,the expression,-,800,エアゆうぐ,Rese T. Ado inflable,objeto hinchable,personnage gonflable,personnage gonflable,Aufblasfigur,Resetti gonfiabile,에어 도루묵씨,02,14,10,13,01,12,11,1.4,B2,3041,04,00,0400,3041-0400,rmk_big_moo,No,-,inflatable Resetti,-,Annoyed,-,怒り顔,-,Enfadado,-,Fâchée.,-,Fâchée.,-,Genervt,-,Arrabbiata,-,화난 얼굴,-
08,large egg,Simple,-,large egg (Simple),,HHD Save File,Yes,"8,000","2,000",3x3,-,-,-,777,Toy Shop,beige,beige,flashy,the shell,-,800,おおきなたまご,huevo gigante,huevo gigante,œuf géant,œuf géant,Riesenei,uovo gigante,큰 달걀,03,06,06,11,14,20,13,1.4,B2,3040,00,00,0000,3040-0000,rmk_big_egg,No,-,large egg,large egg,Simple,-,そのまま,-,Normal,-,Normal.,-,Normal.,-,Einfach,-,Normale,-,그대로,-
08,large egg,Cracked,-,large egg (Cracked),,HHD Save File,Yes,"8,000","2,000",3x3,-,-,-,777,Toy Shop,beige,beige,flashy,the shell,-,800,おおきなたまご,huevo gigante,huevo gigante,œuf géant,œuf géant,Riesenei,uovo gigante,큰 달걀,03,06,06,11,14,20,13,1.4,B2,3040,04,00,0400,3040-0400,rmk_big_egg,No,-,large egg,large egg,Cracked,-,ヒビわれ,-,Roto,-,Fendillé.,-,Fendillé.,-,Angeknackst,-,Rotto,-,대미지,-
08,large egg,Hollow,-,large egg (Hollow),,HHD Save File,Yes,"8,000","2,000",3x3,-,-,-,777,Toy Shop,beige,beige,flashy,the shell,-,800,おおきなたまご,huevo gigante,huevo gigante,œuf géant,œuf géant,Riesenei,uovo gigante,큰 달걀,03,06,06,11,14,20,13,1.4,B2,3040,08,00,0800,3040-0800,rmk_big_egg,No,-,large egg,large egg,Hollow,-,カラっぽ,-,Vacío,-,Vide.,-,Vide.,-,Leer,-,Vuoto,-,텅 빔,-
09,luxury car,Black,-,luxury car (Black),,HHD Save File,Yes,"8,000","2,000",3x2,Press,-,Press,777,Antique / Trendy / Toy Shop,black,black,ornate,the body color,-,800,こうきゅうしゃ,auto de lujo,coche de lujo,voiture de luxe,voiture de luxe,Luxuswagen,auto di lusso,럭셔리 차,07,01,04,20,10,02,05,1.4,B2,303F,00,00,0000,303F-0000,rmk_big_car,No,luxury car,luxury car,luxury car,Black,-,ブラック,-,Negra,-,Noir.,-,Noir.,-,Schwarz,-,Nero,-,블랙,-
09,luxury car,White,-,luxury car (White),,HHD Save File,Yes,"8,000","2,000",3x2,Press,-,Press,777,Antique / Trendy / Toy Shop,white,white,ornate,the body color,-,800,こうきゅうしゃ,auto de lujo,coche de lujo,voiture de luxe,voiture de luxe,Luxuswagen,auto di lusso,럭셔리 차,07,01,04,20,10,02,05,1.4,B2,303F,04,00,0400,303F-0400,rmk_big_car,No,luxury car,luxury car,luxury car,White,-,ホワイト,-,Blanca,-,Blanc.,-,Blanc.,-,Weiß,-,Bianco,-,화이트,-
09,luxury car,Silver,-,luxury car (Silver),,HHD Save File,Yes,"8,000","2,000",3x2,Press,-,Press,777,Antique / Trendy / Toy Shop,gray,gray,ornate,the body color,-,800,こうきゅうしゃ,auto de lujo,coche de lujo,voiture de luxe,voiture de luxe,Luxuswagen,auto di lusso,럭셔리 차,07,01,04,20,10,02,05,1.4,B2,303F,08,00,0800,303F-0800,rmk_big_car,No,luxury car,luxury car,luxury car,Silver,-,シルバー,-,Plateada,-,Argent.,-,Argent.,-,Silber,-,Argento,-,실버,-
09,luxury car,Gold,-,luxury car (Gold),,HHD Save File,Yes,"8,000","2,000",3x2,Press,-,Press,777,Antique / Trendy / Toy Shop,yellow,yellow,ornate,the body color,-,800,こうきゅうしゃ,auto de lujo,coche de lujo,voiture de luxe,voiture de luxe,Luxuswagen,auto di lusso,럭셔리 차,07,01,04,20,10,02,05,1.4,B2,303F,0C,00,0C00,303F-0C00,rmk_big_car,No,luxury car,luxury car,luxury car,Gold,-,ゴールド,-,Dorada,-,Doré.,-,Doré.,-,Gold,-,Oro,-,골드,-
10,massive cake,-,-,massive cake,,HHD Save File,Yes,"6,000","1,500",3x3,Light,-,-,777,Fairy Tale / Toy Shop,white,colorful,cute,-,-,-,とくだいケーキ,pastel gigante,pastel gigante,gâteau géant,gâteau géant,Riesentorte,torta gigante,특대형 케이크,12,13,14,05,17,18,18,1.4,B2,302E,00,00,0000,302E-0000,int_big_cake,No,-,massive cake,-,-,-,-,-,-,-,-,-,-,-,-,-,-,-,-,-
11,monitor tower,Black,Graph,monitor tower (Black - Graph),,HHD Save File,Yes,"8,000","2,000",3x3,-,Always,Always,777,Toy Shop,black,aqua,iconic,the body color,the screen,800,モニターとう,torre de monitores,torre de monitores,tour d'écrans,tour d'écrans,Monitorturm,torre di schermi,모니터 탑,19,20,20,19,11,17,06,1.4,B2,303B,00,00,0000,303B-0000,rmk_big_monitor,No,-,monitor tower,-,Black,Graph,ブラック,グラフ,Blanco,Gráfico,Noir.,Graphique.,Noir.,Graphique.,Schwarz,Grafik,Nero,Grafica,블랙,그래프
11,monitor tower,Black,Virus,monitor tower (Black - Virus),,HHD Save File,Yes,"8,000","2,000",3x3,-,Always,Always,777,Toy Shop,black,aqua,iconic,the body color,the screen,800,モニターとう,torre de monitores,torre de monitores,tour d'écrans,tour d'écrans,Monitorturm,torre di schermi,모니터 탑,19,20,20,19,11,17,06,1.4,B2,303B,00,01,0001,303B-0001,rmk_big_monitor,No,-,monitor tower,-,Black,Virus,ブラック,ウイルス,Blanco,Virus informático,Noir.,Virus.,Noir.,Virus.,Schwarz,Virus,Nero,Virus informatico,블랙,바이러스
11,monitor tower,White,Graph,monitor tower (White - Graph),,HHD Save File,Yes,"8,000","2,000",3x3,-,Always,Always,777,Toy Shop,white,aqua,iconic,the body color,the screen,800,モニターとう,torre de monitores,torre de monitores,tour d'écrans,tour d'écrans,Monitorturm,torre di schermi,모니터 탑,19,20,20,19,11,17,06,1.4,B2,303B,04,00,0400,303B-0400,rmk_big_monitor,No,-,monitor tower,-,White,Graph,ホワイト,グラフ,Negro,Gráfico,Blanc.,Graphique.,Blanc.,Graphique.,Weiß,Grafik,Bianco,Grafica,화이트,그래프
11,monitor tower,White,Virus,monitor tower (White - Virus),,HHD Save File,Yes,"8,000","2,000",3x3,-,Always,Always,777,Toy Shop,white,aqua,iconic,the body color,the screen,800,モニターとう,torre de monitores,torre de monitores,tour d'écrans,tour d'écrans,Monitorturm,torre di schermi,모니터 탑,19,20,20,19,11,17,06,1.4,B2,303B,04,01,0401,303B-0401,rmk_big_monitor,No,-,monitor tower,-,White,Virus,ホワイト,ウイルス,Negro,Virus informático,Blanc.,Virus.,Blanc.,Virus.,Weiß,Virus,Bianco,Virus informatico,화이트,바이러스
12,mountain,-,-,mountain,,HHD Save File,Yes,"6,000","1,500",3x3,-,-,-,777,Rustic / Toy Shop,green,green,iconic,-,-,-,やま,montaña,montaña,montagne,montagne,Berg,montagna,산,20,08,08,08,02,08,09,1.4,B2,3032,00,00,0000,3032-0000,int_big_mt,No,,mountain,-,-,-,-,-,-,-,-,-,-,-,-,-,-,-,-,-
13,mountain of money,-,-,mountain of money,,HHD Save File,Yes,"6,000","1,500",3x3,-,-,-,777,Toy Shop,yellow,yellow,iconic,-,-,-,すごいおさつのやま,montón de billetes,montaña de billetes,montagne de billets,montagne de billets,Geldscheinhaufen,montagna di soldi,엄청난 돈 산,08,09,09,09,06,09,10,1.4,B2,3035,00,00,0000,3035-0000,int_big_osatsu,No,-,mountain of money,-,-,-,-,-,-,-,-,-,-,-,-,-,-,-,-,-
14,propeller plane,Blue,Leaves,propeller plane (Blue - Leaves),,HHD Save File,Yes,"8,000","2,000",3x3,-,-,-,777,Toy Shop,blue,green,sporty,the body color,the symbol,800,プロペラひこうき,avión de hélice,avión de hélice,avion à hélices,avion à hélices,Propellerflugzeug,aeroplano a elica,프로펠러 비행기,17,02,01,01,12,01,19,1.4,B2,303D,00,00,0000,303D-0000,rmk_big_aircraft,No,-,propeller plane,-,Blue,Leaves,ブルー,はっぱ,Azul,Hojas,Bleu.,Feuilles.,Bleu.,Feuilles.,Blau,Blätter,Blu,Foglie,블루,나뭇잎
14,propeller plane,Blue,Heart,propeller plane (Blue - Heart),,HHD Save File,Yes,"8,000","2,000",3x3,-,-,-,777,Toy Shop,blue,pink,sporty,the body color,the symbol,800,プロペラひこうき,avión de hélice,avión de hélice,avion à hélices,avion à hélices,Propellerflugzeug,aeroplano a elica,프로펠러 비행기,17,02,01,01,12,01,19,1.4,B2,303D,00,01,0001,303D-0001,rmk_big_aircraft,No,-,propeller plane,-,Blue,Heart,ブルー,ハート,Azul,Corazones,Bleu.,Cœurs.,Bleu.,Cœur.,Blau,Herzchen,Blu,Cuore,블루,하트
14,propeller plane,Red,Leaves,propeller plane (Red - Leaves),,HHD Save File,Yes,"8,000","2,000",3x3,-,-,-,777,Toy Shop,red,green,sporty,the body color,the symbol,800,プロペラひこうき,avión de hélice,avión de hélice,avion à hélices,avion à hélices,Propellerflugzeug,aeroplano a elica,프로펠러 비행기,17,02,01,01,12,01,19,1.4,B2,303D,04,00,0400,303D-0400,rmk_big_aircraft,No,-,propeller plane,-,Red,Leaves,レッド,はっぱ,Rojo,Hojas,Rouge.,Feuilles.,Rouge.,Feuilles.,Rot,Blätter,Rosso,Foglie,레드,나뭇잎
14,propeller plane,Red,Heart,propeller plane (Red - Heart),,HHD Save File,Yes,"8,000","2,000",3x3,-,-,-,777,Toy Shop,red,pink,sporty,the body color,the symbol,800,プロペラひこうき,avión de hélice,avión de hélice,avion à hélices,avion à hélices,Propellerflugzeug,aeroplano a elica,프로펠러 비행기,17,02,01,01,12,01,19,1.4,B2,303D,04,01,0401,303D-0401,rmk_big_aircraft,No,-,propeller plane,-,Red,Heart,レッド,ハート,Rojo,Corazones,Rouge.,Cœurs.,Rouge.,Cœur.,Rot,Herzchen,Rosso,Cuore,레드,하트
14,propeller plane,Orange,Leaves,propeller plane (Orange - Leaves),,HHD Save File,Yes,"8,000","2,000",3x3,-,-,-,777,Toy Shop,orange,green,sporty,the body color,the symbol,800,プロペラひこうき,avión de hélice,avión de hélice,avion à hélices,avion à hélices,Propellerflugzeug,aeroplano a elica,프로펠러 비행기,17,02,01,01,12,01,19,1.4,B2,303D,08,00,0800,303D-0800,rmk_big_aircraft,No,-,propeller plane,-,Orange,Leaves,オレンジ,はっぱ,Naranja,Hojas,Orange.,Feuilles.,Orange.,Feuilles.,Orange,Blätter,Arancione,Foglie,오렌지,나뭇잎
14,propeller plane,Orange,Heart,propeller plane (Orange - Heart),,HHD Save File,Yes,"8,000","2,000",3x3,-,-,-,777,Toy Shop,orange,pink,sporty,the body color,the symbol,800,プロペラひこうき,avión de hélice,avión de hélice,avion à hélices,avion à hélices,Propellerflugzeug,aeroplano a elica,프로펠러 비행기,17,02,01,01,12,01,19,1.4,B2,303D,08,01,0801,303D-0801,rmk_big_aircraft,No,-,propeller plane,-,Orange,Heart,オレンジ,ハート,Naranja,Corazones,Orange.,Cœurs.,Orange.,Cœur.,Orange,Herzchen,Arancione,Cuore,오렌지,하트
14,propeller plane,Green,Leaves,propeller plane (Green - Leaves),,HHD Save File,Yes,"8,000","2,000",3x3,-,-,-,777,Toy Shop,green,green,sporty,the body color,the symbol,800,プロペラひこうき,avión de hélice,avión de hélice,avion à hélices,avion à hélices,Propellerflugzeug,aeroplano a elica,프로펠러 비행기,17,02,01,01,12,01,19,1.4,B2,303D,0C,00,0C00,303D-0C00,rmk_big_aircraft,No,-,propeller plane,-,Green,Leaves,グリーン,はっぱ,Verde,Hojas,Vert.,Feuilles.,Vert.,Feuilles.,Grün,Blätter,Verde,Foglie,그린,나뭇잎
14,propeller plane,Green,Heart,propeller plane (Green - Heart),,HHD Save File,Yes,"8,000","2,000",3x3,-,-,-,777,Toy Shop,green,pink,sporty,the body color,the symbol,800,プロペラひこうき,avión de hélice,avión de hélice,avion à hélices,avion à hélices,Propellerflugzeug,aeroplano a elica,프로펠러 비행기,17,02,01,01,12,01,19,1.4,B2,303D,0C,01,0C01,303D-0C01,rmk_big_aircraft,No,-,propeller plane,-,Green,Heart,グリーン,ハート,Verde,Corazones,Vert.,Cœurs.,Vert.,Cœur.,Grün,Herzchen,Verde,Cuore,그린,하트
14,propeller plane,Black,Leaves,propeller plane (Black - Leaves),,HHD Save File,Yes,"8,000","2,000",3x3,-,-,-,777,Toy Shop,black,green,sporty,the body color,the symbol,800,プロペラひこうき,avión de hélice,avión de hélice,avion à hélices,avion à hélices,Propellerflugzeug,aeroplano a elica,프로펠러 비행기,17,02,01,01,12,01,19,1.4,B2,303D,10,00,1000,303D-1000,rmk_big_aircraft,No,-,propeller plane,-,Black,Leaves,ブラック,はっぱ,Negro,Hojas,Noir.,Feuilles.,Noir.,Feuilles.,Schwarz,Blätter,Nero,Foglie,블랙,나뭇잎
14,propeller plane,Black,Heart,propeller plane (Black - Heart),,HHD Save File,Yes,"8,000","2,000",3x3,-,-,-,777,Toy Shop,black,pink,sporty,the body color,the symbol,800,プロペラひこうき,avión de hélice,avión de hélice,avion à hélices,avion à hélices,Propellerflugzeug,aeroplano a elica,프로펠러 비행기,17,02,01,01,12,01,19,1.4,B2,303D,10,01,1001,303D-1001,rmk_big_aircraft,No,-,propeller plane,-,Black,Heart,ブラック,ハート,Negro,Corazones,Noir.,Cœurs.,Noir.,Cœur.,Schwarz,Herzchen,Nero,Cuore,블랙,하트
14,propeller plane,White,Leaves,propeller plane (White - Leaves),,HHD Save File,Yes,"8,000","2,000",3x3,-,-,-,777,Toy Shop,white,green,sporty,the body color,the symbol,800,プロペラひこうき,avión de hélice,avión de hélice,avion à hélices,avion à hélices,Propellerflugzeug,aeroplano a elica,프로펠러 비행기,17,02,01,01,12,01,19,1.4,B2,303D,14,00,1400,303D-1400,rmk_big_aircraft,No,-,propeller plane,-,White,Leaves,ホワイト,はっぱ,Blanco,Hojas,Blanc.,Feuilles.,Blanc.,Feuilles.,Weiß,Blätter,Bianco,Foglie,화이트,나뭇잎
14,propeller plane,White,Heart,propeller plane (White - Heart),,HHD Save File,Yes,"8,000","2,000",3x3,-,-,-,777,Toy Shop,white,pink,sporty,the body color,the symbol,800,プロペラひこうき,avión de hélice,avión de hélice,avion à hélices,avion à hélices,Propellerflugzeug,aeroplano a elica,프로펠러 비행기,17,02,01,01,12,01,19,1.4,B2,303D,14,01,1401,303D-1401,rmk_big_aircraft,No,-,propeller plane,-,White,Heart,ホワイト,ハート,Blanco,Corazones,Blanc.,Cœurs.,Blanc.,Cœur.,Weiß,Herzchen,Bianco,Cuore,화이트,하트
15,robot hero,Red,-,robot hero (Red),,HHD Save File,Yes,"8,000","2,000",3x3,Toggle,Press,Press,777,Toy Shop,red,red,rock 'n' roll,the body color,-,800,ヒーローロボ,robot gigante,robot gigante,robot géant,robot géant,Heldenroboter,eroe robot,히어로 로봇,15,15,15,14,07,05,20,1.4,B2,303A,00,00,0000,303A-0000,rmk_big_hero,No,robot hero,robot hero,robot hero,Red,-,レッド,-,Rojo,-,Rouge.,-,Rouge.,-,Rot,-,Rosso,-,레드,-
15,robot hero,Blue,-,robot hero (Blue),,HHD Save File,Yes,"8,000","2,000",3x3,Toggle,Press,Press,777,Toy Shop,blue,blue,rock 'n' roll,the body color,-,800,ヒーローロボ,robot gigante,robot gigante,robot géant,robot géant,Heldenroboter,eroe robot,히어로 로봇,15,15,15,14,07,05,20,1.4,B2,303A,04,00,0400,303A-0400,rmk_big_hero,No,robot hero,robot hero,robot hero,Blue,-,ブルー,-,Azul,-,Bleu.,-,Bleu.,-,Blau,-,Blu,-,블루,-
15,robot hero,White,-,robot hero (White),,HHD Save File,Yes,"8,000","2,000",3x3,Toggle,Press,Press,777,Toy Shop,white,white,rock 'n' roll,the body color,-,800,ヒーローロボ,robot gigante,robot gigante,robot géant,robot géant,Heldenroboter,eroe robot,히어로 로봇,15,15,15,14,07,05,20,1.4,B2,303A,08,00,0800,303A-0800,rmk_big_hero,No,robot hero,robot hero,robot hero,White,-,ホワイト,-,Blanco,-,Blanc.,-,Blanc.,-,Weiß,-,Bianco,-,화이트,-
15,robot hero,Black,-,robot hero (Black),,HHD Save File,Yes,"8,000","2,000",3x3,Toggle,Press,Press,777,Toy Shop,black,black,rock 'n' roll,the body color,-,800,ヒーローロボ,robot gigante,robot gigante,robot géant,robot géant,Heldenroboter,eroe robot,히어로 로봇,15,15,15,14,07,05,20,1.4,B2,303A,0C,00,0C00,303A-0C00,rmk_big_hero,No,robot hero,robot hero,robot hero,Black,-,ブラック,-,Negro,-,Noir.,-,Noir.,-,Schwarz,-,Nero,-,블랙,-
16,submarine,Yellow,-,submarine (Yellow),,HHD Save File,Yes,"8,000","2,000",3x3,-,Always,-,777,Toy Shop,yellow,yellow,sporty,the body color,-,800,せんすいかん,submarino,submarino,sous-marin,sous-marin,U-Boot,sottomarino,잠수함,09,17,17,16,19,14,12,1.4,B2,303E,00,00,0000,303E-0000,rmk_big_submarine,No,-,submarine,-,Yellow,-,イエロー,-,Amarillo,-,Jaune.,-,Jaune.,-,Gelb,-,Giallo,-,옐로,-
16,submarine,Red,-,submarine (Red),,HHD Save File,Yes,"8,000","2,000",3x3,-,Always,-,777,Toy Shop,red,red,sporty,the body color,-,800,せんすいかん,submarino,submarino,sous-marin,sous-marin,U-Boot,sottomarino,잠수함,09,17,17,16,19,14,12,1.4,B2,303E,04,00,0400,303E-0400,rmk_big_submarine,No,-,submarine,-,Red,-,レッド,-,Rojo,-,Rouge.,-,Rouge.,-,Rot,-,Rosso,-,레드,-
16,submarine,Blue,-,submarine (Blue),,HHD Save File,Yes,"8,000","2,000",3x3,-,Always,-,777,Toy Shop,blue,blue,sporty,the body color,-,800,せんすいかん,submarino,submarino,sous-marin,sous-marin,U-Boot,sottomarino,잠수함,09,17,17,16,19,14,12,1.4,B2,303E,08,00,0800,303E-0800,rmk_big_submarine,No,-,submarine,-,Blue,-,ブルー,-,Azul,-,Bleu.,-,Bleu.,-,Blau,-,Blu,-,블루,-
16,submarine,Black,-,submarine (Black),,HHD Save File,Yes,"8,000","2,000",3x3,-,Always,-,777,Toy Shop,black,black,sporty,the body color,-,800,せんすいかん,submarino,submarino,sous-marin,sous-marin,U-Boot,sottomarino,잠수함,09,17,17,16,19,14,12,1.4,B2,303E,0C,00,0C00,303E-0C00,rmk_big_submarine,No,-,submarine,-,Black,-,ブラック,-,Negro,-,Noir.,-,Noir.,-,Schwarz,-,Nero,-,블랙,-
17,sun,-,-,sun,,HHD Save File,Yes,"6,000","1,500",3x3,-,Always,-,777,Rustic / Toy Shop,orange,orange,iconic,-,-,-,たいよう,Sol,Sol,soleil,soleil,Sonne,sole,태양,10,16,16,15,18,13,14,1.4,B2,3034,00,00,0000,3034-0000,int_big_sun,No,-,sun,-,-,-,-,-,-,-,-,-,-,-,-,-,-,-,-,-
18,teacup ride,Colorful,-,teacup ride (Colorful),,HHD Save File,Yes,"8,000","2,000",3x3,Toggle,Toggle,Toggle,777,Fairy Tale / Toy Shop,colorful,colorful,cute,the body color,-,800,まわるコーヒーカップ,tazas de té girantes,taza de café gigante,tasse de café géante,tasse de café géante,Drehkaffeetasse,tazza caffè gigante,빙글빙글 커피 잔,18,18,18,17,03,15,07,1.4,B2,3038,00,00,0000,3038-0000,rmk_big_cup,No,plaza teacup ride,teacup ride,teacup ride,Colorful,-,カラフル,-,Multicolor,-,Multicolore.,-,Multicolore.,-,Bunt,-,Multicolore,-,컬러풀,-
18,teacup ride,Red,-,teacup ride (Red),,HHD Save File,Yes,"8,000","2,000",3x3,Toggle,Toggle,Toggle,777,Fairy Tale / Toy Shop,red,pink,cute,the body color,-,800,まわるコーヒーカップ,tazas de té girantes,taza de café gigante,tasse de café géante,tasse de café géante,Drehkaffeetasse,tazza caffè gigante,빙글빙글 커피 잔,18,18,18,17,03,15,07,1.4,B2,3038,04,00,0400,3038-0400,rmk_big_cup,No,plaza teacup ride,teacup ride,teacup ride,Red,-,レッド,-,Rojo,-,Rouge.,-,Rouge.,-,Rot,-,Rosso,-,레드,-
18,teacup ride,Blue,-,teacup ride (Blue),,HHD Save File,Yes,"8,000","2,000",3x3,Toggle,Toggle,Toggle,777,Fairy Tale / Toy Shop,blue,aqua,cute,the body color,-,800,まわるコーヒーカップ,tazas de té girantes,taza de café gigante,tasse de café géante,tasse de café géante,Drehkaffeetasse,tazza caffè gigante,빙글빙글 커피 잔,18,18,18,17,03,15,07,1.4,B2,3038,08,00,0800,3038-0800,rmk_big_cup,No,plaza teacup ride,teacup ride,teacup ride,Blue,-,ブルー,-,Azul,-,Bleu.,-,Bleu.,-,Blau,-,Blu,-,블루,-
18,teacup ride,Monotone,-,teacup ride (Monotone),,HHD Save File,Yes,"8,000","2,000",3x3,Toggle,Toggle,Toggle,777,Fairy Tale / Toy Shop,white,black,cute,the body color,-,800,まわるコーヒーカップ,tazas de té girantes,taza de café gigante,tasse de café géante,tasse de café géante,Drehkaffeetasse,tazza caffè gigante,빙글빙글 커피 잔,18,18,18,17,03,15,07,1.4,B2,3038,0C,00,0C00,3038-0C00,rmk_big_cup,No,plaza teacup ride,teacup ride,teacup ride,Monotone,-,モノトーン,-,Blanco y negro,-,Monochrome.,-,Monochrome.,-,Schlicht,-,Bianco e nero,-,모노톤,-
19,tent,Orange,-,tent (Orange),,HHD Save File,Yes,"8,000","2,000",3x3,-,-,-,777,Toy Shop,orange,orange,sporty,the body color,-,800,テント,tienda de campaña,tienda,tente,tente,Zelt,tenda,텐트,11,19,19,18,20,16,15,1.4,B2,303C,00,00,0000,303C-0000,rmk_big_tent,No,-,tent,-,Orange,-,オレンジ,-,Naranja,-,Orange.,-,Orange.,-,Orange,-,Arancione,-,오렌지,-
19,tent,Blue,-,tent (Blue),,HHD Save File,Yes,"8,000","2,000",3x3,-,-,-,777,Toy Shop,blue,blue,sporty,the body color,-,800,テント,tienda de campaña,tienda,tente,tente,Zelt,tenda,텐트,11,19,19,18,20,16,15,1.4,B2,303C,04,00,0400,303C-0400,rmk_big_tent,No,-,tent,-,Blue,-,ブルー,-,Azul,-,Bleu.,-,Bleu.,-,Blau,-,Blu,-,블루,-
19,tent,Pink,-,tent (Pink),,HHD Save File,Yes,"8,000","2,000",3x3,-,-,-,777,Toy Shop,pink,pink,sporty,the body color,-,800,テント,tienda de campaña,tienda,tente,tente,Zelt,tenda,텐트,11,19,19,18,20,16,15,1.4,B2,303C,08,00,0800,303C-0800,rmk_big_tent,No,-,tent,-,Pink,-,ピンク,-,Rosa,-,Rose.,-,Rose.,-,Pink,-,Rosa,-,핑크,-
19,tent,Red stripes,-,tent (Red stripes),,HHD Save File,Yes,"8,000","2,000",3x3,-,-,-,777,Toy Shop,red,white,sporty,the body color,-,800,テント,tienda de campaña,tienda,tente,tente,Zelt,tenda,텐트,11,19,19,18,20,16,15,1.4,B2,303C,0C,00,0C00,303C-0C00,rmk_big_tent,No,-,tent,-,Red stripes,-,レッドストライプ,-,Rayas rojas,-,Rouge à rayures.,-,Rouge à rayures.,-,Rot gestreift,-,Strisce rosse,-,레드 스트라이프,-
19,tent,Colorful,-,tent (Colorful),,HHD Save File,Yes,"8,000","2,000",3x3,-,-,-,777,Toy Shop,colorful,colorful,sporty,the body color,-,800,テント,tienda de campaña,tienda,tente,tente,Zelt,tenda,텐트,11,19,19,18,20,16,15,1.4,B2,303C,10,00,1000,303C-1000,rmk_big_tent,No,-,tent,-,Colorful,-,カラフル,-,Multicolor,-,Bariolé.,-,Bariolé.,-,Bunt,-,Multicolore,-,컬러풀,-
20,UFO,-,-,UFO,,HHD Save File,Yes,"6,000","1,500",3x3,-,Always,Always,777,Sci-Fi / Toy Shop,gray,gray,flashy,-,-,-,UFO,ovni,ovni,OVNI,OVNI,Forschungs-Ufo,UFO,UFO,01,11,12,12,05,19,01,1.4,B2,3030,00,00,0000,3030-0000,int_big_ufo,No,flying saucer,UFO,-,-,-,-,-,-,-,-,-,-,-,-,-,-,-,-,-