#,Name,Image,Icon,Availability,Availability 1,Time 1,Availability 2,Time 2,Location,Shadow Type,Tortimer Island Time,Spawn in Island Tour,Sell Price (Re-Tail),Sell Price (Nooklings),Sell Price (Leila),Season (Encyclopedia),Location (Encyclopedia),Size Range (Encyclopedia),Furniture Size,HHA Base Points,Furniture Image,When HHA Lucky,Source Group,Museum Description,Catch Quote,Catch Quote 2,Notes,Name (Japanese),Name (Spanish NA),Name (Spanish EU),Name (French NA),Name (French EU),Name (German),Name (Italian),Name (Korean),Hex ID (1.0),Hex ID (1.4),Model Filename,New To Series,Name (GCN),Name (WW),Name (CF),Name (NH)
1,bitterling,,,Nov - Feb,Nov - Feb,All day,-,-,River,Tiny,-,No,900,720,-,Winter,River,,1x1,3,,Nov 25 - Feb 24,7C,"These fish are so small, they can fit their entire body in the palm of your hand. During mating season, the male's belly turns a light orange in order to properly attract a mate. They live in rivers and lakes and deposit eggs in large bivalves where the eggs hatch and live for a while.",I caught a bitterling! What's it so bitter about?,-,,タナゴ,amarguillo,amarguillo,bouvière,bouvière,Bitterling,rodeo,납줄개,22D7,22E1,int_fsh_tanago,No,,,,
2,pale chub,,,All year,All year,9 AM - 4 PM,-,-,River,Tiny,-,Yes,200,160,10,Year-round,River,,1x1,3,,-,0E,"These fish are related to carp, with distinguishing features such as long ventral fins and protruding mouths. They have good jumping abilities, which allow them to jump up and grab bugs hanging around the water. They are known as very active fish with rather scrappy attitudes, making them tenacious survivors. During mating season, the male's stomach turns pink and its back turns blue. Females love this.",I caught a pale chub! It could use some sun!,-,,オイカワ,cacho,cacho,chevaine,chevaine,Döbel,ciprinide,피라미,22D8,22E2,int_fsh_oikawa,No,,,,
3,crucian carp,,,All year,All year,All day,-,-,River,Small,-,Yes,120,96,6,Year-round,River,,1x1,3,,-,0E,"Crucian carp are fairly easy fish for beginners to catch, but they're also popular with veteran anglers. They are related to koi and can live up to 15 years, making them a great fish to keep in a pond. Male offspring are seldom born, so females significantly outnumber males, making populations suffer. Luckily, females can reproduce with males of some other species, so the problem is relatively temporary.",I caught a crucian carp! What a crucial catch!,-,,フナ,carpín,carpín,carassin,carassin,Karausche,carassio,붕어,22D9,22E3,int_fsh_funa,No,,,,
4,dace,,,All year,All year,4 PM - 9 AM,-,-,River,Medium,-,No,200,160,-,Year-round,River,,1x1,3,,-,0E,"Dace can live in cloudier, murkier water than most but are easy to see as their numbers are so plentiful. They are related to carp, and some species of dace live in the ocean as well as rivers and streams. During mating season, the bellies of the males develop an orange stripe to indicate their intent to mate.","I caught a dace! Wrong place, Mr. Dace!",-,,ウグイ,leucisco,leucisco,vandoise,vandoise,Hasel,lasca,황어,22DA,22E4,int_fsh_ugui,No,,,,
5,barbel steed,,,All year,All year,All day,-,-,River,Medium,-,Yes,200,160,10,Year-round,River,,1x1,3,,-,0E,"Barbel steeds have a longer distance between their eyes and mouths than carp do. This makes them look almost like they're averting their eyes downward in embarrassment. Their whiskers aren't as long as carp whiskers, so the resemblance is still only minor. They are full of bones, but they're edible nonetheless and actually taste similar to flounder.",I caught a barbel steed! It just needs a barbel saddle!,-,,ニゴイ,barbo,barbo,barbeau,barbeau,Barbe,barbo,누치,22DB,22E5,int_fsh_nigoi,No,,,,
6,carp,,,All year,All year,All day,-,-,River,Large,-,Yes,300,240,15,Year-round,River,,1x1,3,,-,0E,"These tough fish have very long life spans, capping out at ages surpassing 100 years. Their whiskers are one of their trademark features, making them relatively easy to identify. They're omnivorous and eat waterweed and bugs by sucking their food into their mouths. They also have teeth in the back of their throats that help break down shellfish for digestion.",I caught a carp! I really seized the diem!,-,,コイ,carpa,carpa,carpe,carpe,Karpfen,carpa,잉어,22DC,22E6,int_fsh_koi,No,,,,
7,koi,,,All year,All year,4 PM - 9 AM,-,-,River,Large,-,No,"4,000","3,200",-,Year-round,River,,1x1,3,,-,0E,"Though typically pale in color, these aquarium fish also can be found with rather beautiful patterns. This is all thanks to very selective breeding of carp with genetic mutations, allowing for diversity. No two koi have the exact same pattern and are popularly known as ""swimming jewels"" as a result. They can be sold for a very high price, depending on their coloring and pattern. If properly cared for, they can live for over 100 years, making them a staple for outdoor garden ponds.",I caught a koi! Can't play koi with me!,-,,ニシキゴイ,koi,koi,carpe koï,carpe koï,Koi-Karpfen,koi,비단잉어,22DD,22E7,int_fsh_nishiki,No,,,,
8,goldfish,,,All year,All year,All day,-,-,River,Tiny,-,No,"1,300","1,040",-,Year-round,River,,1x1,3,,-,0E,"These are aquarium fish that came about by selectively breeding types of crucian carp. It took hundreds of years to get the long tail fin and beautiful color of the current breed. Even red goldfish are black when they are young and still retain some other vestiges of the crucian carp. They turn red as they grow, thus gaining their much more commonly known look.",I caught a goldfish! It's worth its weight in gold!,-,,キンギョ,pez dorado,pez dorado,poisson rouge,poisson rouge,Goldfisch,pesce rosso,금붕어,22DE,22E8,int_fsh_kingyo,No,,,,
9,pop-eyed goldfish,,,All year,All year,9 AM - 4 PM,-,-,River,Tiny,-,No,"1,300","1,040",-,Year-round,River,,1x1,3,,-,0E,"They're known for their protruding eyes, as the name indicates, but this feature is actually a detriment. Their vision is quite poor, to the point that they will swim past food and frequently bump into things. They are a type of goldfish and get their distinguishing eye pop about two months after birth.",I got a pop-eyed goldfish! It should have eaten its spinach!,-,,デメキン,pez telescopio,pez telescopio,cyprin doré,cyprin doré,Teleskopauge,pesce telescopio,툭눈금붕어,22DF,22E9,int_fsh_demekin,No,,,,
10,killifish,,,Apr - Aug,Apr - Aug,All day,-,-,Holding Pond,Tiny,-,Yes,300,240,15,Spring - Summer,Holding Pond,,1x1,3,,-,0E,"Killifish are small, travel in schools, and are known for having eyes higher up on their faces than others. They swim in shallow areas in rivers and mostly eat bugs that float on the surface of the water. This is why they have mouths as high up their faces as their eyes, making them effective hunters. Being the same temperature as the water they inhabit, getting grabbed by warm hands can shock them.",I caught a killifish! Maybe I'll put it in a chili dish!,-,,メダカ,killi,killi,fondule barré,fondule barré,Killifisch,killifish,송사리,22E0,22EA,int_fsh_medaka,No,,,,
11,crawfish,,,Apr - Sep 15,Apr - Sep 15,All day,-,-,Holding Pond,Small,-,Yes,200,160,10,Spring - Fall,Holding Pond,,1x1,3,,-,0E,"These shrimp relatives are usually found in ponds and rivers, typically making them easy to catch. The reason for this strange habitat is that crawfish are plentiful and will eat just about anything. Eating plant material makes their bodies red, but only eating fish and meat will turn their bodies blue. A red color indicates they are eating a healthy and balanced diet, so red is the ideal for the species.",I caught a crawfish! Watch those pinchers!,-,,ザリガニ,cangrejo de río,cangrejo de río,écrevisse,écrevisse,Flusskrebs,gambero,가재,22E1,22EB,int_fsh_zarigani,No,,,,
12,soft-shelled turtle,,,Aug - Sep,Aug - Sep,4 PM - 9 AM,-,-,River,Medium,-,No,"3,750","3,000",-,Summer,River,,1x1,3,,-,0E,"These relatives of common turtles will not let go when they decide to bite down on something. Although they can be quite shy,  they will become a bit aggressive when threatened. They are often found in water and are very good swimmers because of the flat shape of their shells. They swim with their snouts over the surface of the water so they can breathe. Soft-shelled turtles aren't safe to hold because they are so prone to biting at the slightest movement. However, if one bites down on you, it will usually let go when you put it safely back in the water.",I caught a soft-shelled turtle! I can really shell it out!,I caught a soft-shelled turtle! Don't suffer shell shock!,,スッポン,tortuga cap. blando,tortuga cap. blando,tortue trionyx,tortue trionyx,Weichschildkröte,apalone ferox,자라,22E2,22EC,int_fsh_suppon,Yes,,,,
13,tadpole,,,Mar - Jul,Mar - Jul,All day,-,-,Holding Pond,Tiny,-,No,100,80,-,Spring - Summer,Holding Pond,,1x1,3,,-,0E,"Tadpoles are nothing more than baby frogs and generally inhabit ponds and streams. Their round heads and quirky style of movement give them a different kind of cuteness from adult frogs. They become more frog-like when they eventually grow legs and start to lose their tails. Unlike fish, though, their skin is very delicate because they do not have scales, so handle carefully.",I caught a tadpole... I'm sure it will grow on me.,-,,オタマジャクシ,renacuajo,renacuajo,têtard,têtard,Kaulquappe,girino,올챙이,22E3,22ED,int_fsh_otama,Yes,,,,
14,frog,,,May - Aug,May - Aug,All day,-,-,Holding Pond,Small,-,Yes,120,96,6,Summer,Holding Pond,,1x1,3,,-,0E,"These former tadpoles prefer to live near ponds and other damp and swampy places. They dwell on land, so they have lungs and skin as opposed to a set of gills. They like to stick close to water because they require a nice, moist lifestyle. Frogs are moist because they emit a liquid to protect their skin from dryness. If too much moisture evaporates from their thin skins, they could have trouble breathing. It's better not to handle frogs, as some species are poisonous, even to the touch!","I caught a frog! Hop to it, froggie!",-,,カエル,rana,rana,grenouille,grenouille,Frosch,rana,개구리,22E4,22EE,int_fsh_kaeru,No,,,,
15,freshwater goby,,,All year,All year,4 PM - 9 AM,-,-,River,Small,-,No,300,240,-,Year-round,River,,1x1,3,,-,0E,"These short and stocky river- dwelling fish have a lot of slender teeth for tearing apart other fish. Freshwater gobies dig holes under rocks in riverbeds to make nests for eggs, which the males guard. Other fish breeds take advantage of this protective quality and often lay eggs in goby nests.","I caught a freshwater goby! You fresh, goby!",-,,ドンコ,gobio de río,gobio de río,gobie d'eau douce,gobie d'eau douce,Flussgrundel,ghiozzo,동사리,22E5,22EF,int_fsh_donko,No,,,,
16,loach,,,Mar - May,Mar - May,All day,-,-,River,Small,-,No,300,240,-,Spring,River,,1x1,3,,Feb 25 - May 31,79,"Loaches are rather small fish that make their habitats in rivers and muddy water. They have 10 whiskers around their mouths with taste buds built in for tasting sweetness and bitterness. Loaches can breathe through their intestines as well as their gills—a rather unique quality of the species. They push their mouths above the surface of the water to inhale, exhaling through their tail regions. Making stew with loaches and burdock root is known to improve stamina, or so people believe.",I caught a loach! It wasn't hard to approach!,-,,ドジョウ,locha,locha,loche d'étang,loche d'étang,Bachschmerle,cobite,미꾸라지,22E6,22F0,int_fsh_dojou,No,,,,
17,catfish,,,May - Oct,May - Oct,4 PM - 9 AM,-,-,Pond (River),Large,-,No,800,640,-,Summer - Fall,Pond (River),,1x1,3,,-,0E,"Catfish are known for their long whiskers, wide bodies, and large mouths, but they don't have fur. Despite having large eyes, they have rather poor eyesight. They make up for this with sensory whiskers. Catfish have small horizontal and vertical lines in their bodies, almost like perforated lines. These holes are for detecting weak electric currents of other fish, making them adept hunters. Catfish are artful carnivores as they swim around lazily but then strike quickly when prey is found.",I caught a catfish! Do you think it has 9 lives?,-,,ナマズ,siluro,siluro,silure,silure,Katzenwels,pesce gatto,메기,22E7,22F1,int_fsh_namazu,No,,,,
18,eel,,,Jun - Sep 15,Jun - Sep 15,4 PM - 9 AM,-,-,River,Long,-,No,"2,000","1,600",-,Summer,River,,2x1,3,,-,0E,"Eels are born in the ocean but swim upstream through rivers when they become adults. They do, however, eventually swim back to the ocean when it is time to lay eggs. Their blood can be toxic, which is why you've never heard of eel sashimi. It's just too dangerous. Cooked eel, however, is edible and has no poisonous effects to speak of, making it a popular dish. For a long time, the egg-laying locations and habits of eels were largely a mystery. However, they are gradually being revealed through research, making eels a very hot topic of study.",I caught an eel! Things just got REAL!,-,,ウナギ,anguila,anguila,anguille,anguille,Aal,anguilla,장어,22E8,22F2,int_fsh_unagi,No,,,,
19,giant snakehead,,,Jun - Aug,Jun - Aug,9 AM - 4 PM,-,-,Pond (River),Very Large,-,No,"5,500","4,400",-,Summer,Pond (River),,2x1,3,,Jun 1 - Aug 31,7A,"Giant snakeheads get their name from the fact that their heads look like those of snakes. Their scales and patterns also look like snakes', really bringing the resemblance to a high degree. They have sharp teeth, so don't poke your finger anywhere near their mouths! Both males and females are well known for protecting their eggs and offspring. They will scare off any other fish that approach by frantically waving their tails.",I caught a giant snakehead! But where's the rest of the snake?,-,,ライギョ,cabeza serpiente,cabeza serpiente,tête-de-serpent,tête-de-serpent,Schlangenkopf,pesce serpente,가물치,22E9,22F3,int_fsh_raigyo,No,,,,
20,bluegill,,,All year,All year,9 AM - 4 PM,-,-,River,Small,-,Yes,120,96,6,Year-round,River,,1x1,3,,-,0E,"Bluegills have spikes on their dorsal fins to help protect them from enemies and harm. Their offspring actually have a fairly high survival rate when compared to other fish. The males chase away the females  and take over protecting the eggs and babies in the nest. Although bluegills are small, they are actually related quite closely to black bass.",I caught a bluegill! There's a lot in this ville!,-,,ブルーギル,pez sol,pez sol,crapet,crapet,Sonnenbarsch,pesce persico,블루길,22EA,22F4,int_fsh_blue,No,,,,
21,yellow perch,,,Oct - Mar,Oct - Mar,All day,-,-,River,Medium,-,No,240,192,-,Fall - Spring,River,,1x1,3,,-,0E,"These fish are relatives of sea bass, though they're preyed on by other, larger fish, such as black bass. Their defining features are their large, prickly dorsal fins and gray stripes on pale-yellow bodies. Ice fishing on frozen lakes is a very popular way to catch them in their native United States and Canada. They are often fried before being eaten, which makes them a simple but tasty meal.",I caught a yellow perch! I wonder if birds usually stand on it!,-,,イエローパーチ,perca amarilla,perca amarilla,perche jaune,perche jaune,Flussbarsch,perca dorata,옐로우퍼치,22EB,22F5,int_fsh_yellow,No,,,,
22,black bass,,,All year,All year,All day,-,-,River,Large,-,Yes,300,240,15,Year-round,River,,1x1,3,,-,0E,"They get their name from their somewhat blackish bodies, though they have a green tint. They usually hide in weeds and wait until other fish approach before forcefully striking. Many people use lures to catch black bass because they are such strong fish. Black bass have a fierce image, as the males will scare off other fish to protect the fry in the nest. They are related to sea bass, so they make for a tasty dinner, though their skin has a very strong odor.",I caught a black bass! I've got some class!,-,,ブラックバス,perca,perca,bar,bar,Barsch,boccalone,큰입배스,22EC,22F6,int_fsh_black,No,,,,
23,pike,,,Sep - Dec,Sep - Dec,4 AM - 9 PM,-,-,River,Very Large,-,No,"1,800","1,440",-,Fall - Winter,River,,2x1,3,,-,0E,"Pike are only found in cold water, so they cannot live in warmer parts of the world. They can grow over three feet long and as such are a very popular fish with anglers. Pike have a slightly protruding jaw and large mouths with sharp teeth, making them powerful predators. They use these teeth for tearing apart not only other fish but also birds and other aquatic creatures.","I caught a pike! Oh, yes, I like!",-,,パイク,lucio,lucio,brochet,brochet,Hecht,luccio nordico,강꼬치고기,22ED,22F7,int_fsh_pike,No,,,,
24,pond smelt,,,Dec - Feb,Dec - Feb,All day,-,-,River,Small,-,No,300,240,-,Winter,River,,1x1,3,,Nov 25 - Feb 24,7C,"Pond smelt are small but vigorous fish that can survive in water of relatively poor quality. Pond smelt are related to salmon and as such have a lot of the same migratory tendencies. Most of them swim from rivers to the ocean and then return to rivers and lakes. However, some of them actually live in lakes that have no connection to the ocean, so they don't migrate. They have small fins and are perfect for eating whole as tempura or grilled on barbecues.",I caught a pond smelt! It could sure use a bath!,-,,ワカサギ,eperlano,eperlano,éperlan,éperlan,Stint,pingo,빙어,22EE,22F8,int_fsh_wakasagi,No,,,,
25,sweetfish,,,Jul - Sep 15,Jul - Sep 15,All day,-,-,River,Medium,-,Yes,900,720,45,Summer,River,,1x1,3,,Jun 1 - Aug 31,7A,"Sweetfish are migratory fish born upstream that travel to the ocean and then return to rivers to spawn. This migratory mind-set is what emphasizes their similarity to salmon. Adult sweetfish have a watermelon- like mossy smell when caught, since they eat moss on riverbed rocks. Sweetfish are very territorial and will attack rivals that encroach on their territory. Anglers use this combative nature against them by using lures made of other sweetfish.",I caught a sweetfish! Hmmm. I've had sweeter!,-,,アユ,ayu,ayu,ayu,ayu,Ayu-Fisch,ayu,은어,22EF,22F9,int_fsh_ayu,No,,,,
26,cherry salmon,,,Mar - Jun; Sep - Nov,Mar - Jun,4 AM - 9 AM & 4 PM - 9 PM,Sep - Nov,4 AM - 9 PM,River,Medium,-,No,"1,000",800,-,Spring/Fall,River,,1x1,3,,-,0E,"The spotted pattern on cherry salmon serves as camouflage and is rather common in all salmon. Most cherry salmon spend their  lives in rivers, but some do migrate to the ocean to fully mature. They are popular with anglers because of their well-balanced physique and beautiful patterns. Plus, their nervous nature makes them a good challenge to catch, which just adds to the fun.",I caught a cherry salmon! Now for a cherry-salmon pie!,-,,ヤマメ,salmón japonés,salmón japonés,saumon rose,saumon rose,Masulachs,salmone giapponese,산천어,22F0,22FA,int_fsh_yamame,No,,,,
27,char,,,Mar - Jun; Sep - Nov,Mar - Jun,4 AM - 9 AM & 4 PM - 9 PM,Sep - Nov,4 AM - 9 PM,Waterfall,Medium,-,No,"3,800","3,040",-,Spring/Fall,Waterfall,,1x1,3,,-,0E,"Char are related to salmon and live in rivers upstream, not generally migrating to the ocean. They prefer colder water and dwell in secluded, clear rivers deep in mountain ranges. Since they tend to hide mostly in between rocks in these cold areas, they can be rather difficult to spot.",I caught a char! How bizarre!,-,,オオイワナ,trucha,trucha,omble,omble,Saibling,salmerino alpino,열목어,22F1,22FB,int_fsh_ooiwana,No,,,,
28,rainbow trout,,,Mar - Jun; Sep - Nov,Mar - Jun,4 AM - 9 AM & 4 PM - 9 PM,Sep - Nov,4 AM - 9 PM,River,Large,-,No,800,640,-,Spring/Fall,River,,1x1,3,,-,0E,"When rainbow trout get bigger, they develop a pretty pink band from their gills to their tails. Some of them spend their entire lives in rivers, while others live in the ocean. Steelhead trout are a unique type of rainbow trout that live in the ocean and return to freshwater to spawn. Rainbow trout are a major species of fish, but finding them in the wild is actually fairly rare.",I caught a rainbow trout! That's what I'm talking about!,-,,ニジマス,trucha arcoíris,trucha arcoíris,truite,truite,Regenbogenforelle,trota iridea,무지개송어,22F2,22FC,int_fsh_nijimasu,No,,,,
29,stringfish,,,Dec - Feb,Dec - Feb,4 PM - 9 AM,-,-,River,Huge,-,No,"15,000","12,000",-,Winter,River,,2x1,3,,-,0E,"Stringfish live in cold rivers, can grow to over a yard long, and are stout and bulky like logs. They live up to 20 years but grow so slowly that it takes them 15 years to reach full maturity. They are called ""phantom fish"" because there are so few of them. Adults are particularly hard to find.",OH MY GOSH! I caught a stringfish! My theory really paid off!,-,,イトウ,taimén,taimén,dai yu,dai yu,Huchen,sperlano,일본연어,22F3,22FD,int_fsh_itou,No,,,,
30,salmon,,,Sep,Sep,All day,-,-,River Mouth,Large,-,No,700,560,-,September,River,,2x1,3,,Sep 1 - Nov 24,7B,"Salmon are popular migratory fish that are born in rivers, migrate to oceans, and return in four years. In Japan, flavored salmon eggs are a very popular dish called ikura, but it hasn't caught on in the US. In rare cases, salmon will only stay in the ocean for one or two years before coming back. These fish are known as ""phantom salmon"" since they're so hard to find in the wild. Their characteristic pink color comes from the shrimp and krill they get in their diet. If they ate differently, their flesh would be white.","I caught a salmon! Oh, that's slammin'!",-,,サケ,salmón,salmón,saumon,saumon,Lachs,salmone,연어,22F4,22FE,int_fsh_sake,No,,,,
31,king salmon,,,Sep,Sep,All day,-,-,River Mouth,Huge,-,No,"1,800","1,440",-,September,River,,2x1,3,,Sep 1 - Nov 24,7B,"King salmon grow to about twice the size of regular salmon, which really helps them embody the name. This size essentially makes them the actual kings of salmon, though they are also called chinook salmon. In some regions, they return to the river in spring or summer and live there until spawning in the fall. In rare cases, king salmons' meat will be white, but these are not as popular since pink is the standard.",Woohoo! Woohoo! I caught a king salmon! Where are his horses and men?,-,,キングサーモン,salmón real,salmón real,saumon roi,saumon roi,Königslachs,salmone reale,왕연어,22F5,22FF,int_fsh_king,No,,,,
32,mitten crab,,,Sep 16 - Nov,Sep 16 - Nov,4 PM - 9 AM,-,-,River,Small,-,No,"2,000","1,600",-,Fall,River,,1x1,3,,-,0E,"Officially known as the mitten crab, they also go by the name ""shanghai crab."" They are commonly used in Chinese dishes, which is how most people become familiar with them. Their breeding habits are the complete opposite of salmon in that they hatch in the ocean first. They then move up rivers when they reach adult size, returning to the ocean in order to spawn.","I caught a mitten crab! I'm smitten, crab!",-,,シャンハイガニ,cangrejo de Shanghái,cangrejo de Shanghái,crabe chinois,crabe chinois,Wollhandkrabbe,granchio guantato,참게,22F6,2300,int_fsh_syanhai,Yes,,,,
33,guppy,,,Apr - Nov,Apr - Nov,9 AM - 4 PM,-,-,River,Tiny,-,Yes,"1,300","1,040",65,Spring - Fall,River,,1x1,3,,-,0E,"Guppies are tropical fish that are related to killifish and live in warm rivers. They are popular fish that have been bred to have beautiful flowing tail fins. Mother guppies give birth to their babies after the eggs hatch in their bellies. They give birth at a rate that's nearly constant, so their population tends to grow rather quickly.",I caught a guppy! I gotta show off this puppy!,-,,グッピー,gupi,gupi,guppy,guppy,Guppy,guppy,구피,22F7,2301,int_fsh_guppi,No,,,,
34,nibble fish,,,May - Sep,May - Sep,9 AM - 4 PM,-,-,River,Small,-,No,"1,500","1,200",-,Spring - Fall,River,,1x1,3,,-,0E,"The official name given to this warm-water-dwelling species of fish is ""Garra rufa."" They are omnivorous, as they both eat algae and scrape the skin off other fish. All you'd have to do to feed them is stick your hand in the tank; they would live off your dead skin. That's why they're called nibble fish. They exfoliate but don't have any teeth, so it doesn't hurt at all!",I caught a nibble fish! Do you regret nibbling now?,-,,ドクターフィッシュ,pez doctor,pez doctor,poisson docteur,poisson docteur,Doktorfisch,garra rufa,닥터피시,22F8,2302,int_fsh_doctor,Yes,,,,
35,angelfish,,,May - Oct,May - Oct,4 PM - 9 AM,-,-,River,Small,-,No,"3,000","2,400",-,Summer - Fall,River,,1x1,3,,-,0E,"These tropical fish move very gracefully because of long fins  on their backs and underbellies. Males and females are almost impossible to tell apart, making identification tricky. They lay eggs among water plants. Both genders look after the babies while they cling to the weeds. The young look like any other fish, but they gain their angelfish looks once they leave the weeds.",I caught an angelfish! Now where's its harp?,-,,エンゼルフィッシュ,pez ángel,pez ángel,poisson-ange,poisson-ange,Skalar,pesce angelo,천사어,22F9,2303,int_fsh_angel,No,,,,
36,neon tetra,,,Apr - Nov,Apr - Nov,9 AM - 4 PM,-,-,River,Tiny,-,Yes,500,400,25,Spring - Fall,River,,1x1,3,,-,0E,"Neon tetras get their name from the beautiful blue metallic line on their bodies. Although they're shy, gentle fish, surprisingly they're related to piranha, though very distantly. They have very sharp and narrow teeth, an odd contrast to their beauty. They are delicate fish who tend to be very sensitive to the cleanliness and temperature of water.","I caught a neon tetra! Wow, that's far out, man!",-,,ネオンテトラ,tetra neón,tetra neón,néon bleu,néon bleu,Neonsalmler,pesce neon,네온테트라,22FA,2304,int_fsh_neon,No,,,,
37,piranha,,,Jun - Sep 15,Jun - Sep 15,9 AM - 4 PM & 9 PM - 4 AM,-,-,River,Small,-,Yes,"2,500","2,000",125,Summer,River,,1x1,3,,-,0E,"They have terrifyingly sharp teeth, which contributes to their ferocious reputation. Oddly enough, they are actually quite timid, though they are still very dangerous fish. If they can't find food, they will resort to cannibalism or tear apart any animal they can grab hold of. Take care when catching them so they don't end up biting your hand with their sharp teeth!",I caught a piranha! Or did it catch ME?!,-,,ピラニア,piraña,piraña,piranha,piranha,Piranha,piranha,피라니아,22FB,2305,int_fsh_pirania,No,,,,
38,arowana,,,Jun - Sep 15,Jun - Sep 15,4 PM - 9 AM,-,-,River,Large,-,No,"10,000","8,000",-,Summer,River,,2x1,3,,-,0E,Arowanas are ancient fish that have remained basically unchanged for 100 million years. They are known for their large scales and the hair that sticks out from their lower lips. They have a remarkable jumping ability and can leap over a yard above the surface of the water. Males protect babies by keeping them in their mouths and releasing them once they reach a certain size.,I caught an arowana! But where's its bow?,-,,アロワナ,arowana,arowana,arowana,arowana,Arowana,arowana,아로와나,22FC,2306,int_fsh_arowana,No,,,,
39,dorado,,,Jun - Sep,Jun - Sep,4 AM - 9 PM,-,-,River,Very Large,-,Yes,"15,000","12,000",750,Summer - Fall,River,,2x1,3,,-,0E,"Dorado means ""golden"" in Spanish. As the name would indicate, these fish are gold and have black dots. They look like salmon but are very toothy, carnivorous, and related to piranha. They're such ferocious fish that other fish regularly flee from them, fearful of becoming a snack. Their ferocious natures and power make them a prize catch among anglers.",I caught a dorado! I should make that my motto!,-,,ドラド,dorado,dorado,dorade,dorade,Goldmakrele,corifena,황금연어,22FD,2307,int_fsh_dorado,No,,,,
40,gar,,,Jun - Sep,Jun - Sep,4 PM - 9 AM,-,-,Pond (River),Huge,-,No,"6,000","4,800",-,Summer - Fall,Pond (River),,2x1,3,,-,0E,"Their long faces and large mouths make them look like alligators. Some can grow up to three yards. They are ancient fish that haven't changed since they first appeared millions of years ago. They breathe not only through gills, but also by sticking their mouths above the surface of the water. Gar eggs are poisonous, so people all over the world are advised to not eat them—no exceptions.",I caught a gar! It ain't gettin' too far!,-,,ガー,pez caimán,pez caimán,gar,gar,Knochenhecht,luccio,가아,22FE,2308,int_fsh_ga,No,,,,
41,arapaima,,,Jul - Sep,Jul - Sep,4 PM - 9 AM,-,-,River,Huge,-,No,"10,000","8,000",-,Summer,River,,2x2,3,,-,0E,"Arapaima, at over two yards long, are one of the largest freshwater- fish breeds in the world. They've been around for over 100 million years, making them rather ancient fish as well. They breathe through gills but also with an air bladder used by poking their mouths above water. They have hard, course tongues that are used to break down the smaller fish they eat.",I caught an arapaima! And it looks like it's in its prime-a!,-,,ピラルク,pirarucú,pirarucú,arapaïma,arapaïma,Arapaima,pirarucù,피라루쿠,22FF,2309,int_fsh_piraruku,No,,,,
42,saddled bichir,,,Jun - Sep,Jun - Sep,9 PM - 4 AM,-,-,River,Large,-,No,"4,000","3,200",-,Summer,River,,2x1,3,,-,0E,"The cool-looking saddled bichir are ancient fish with spiky fins on their backs. Though they've been around for more than 400 million years, they remain relatively unchanged. They have big appetites and will wait to ambush any fish they think will fit in their mouths. They can grow up to 30 inches long, making them rather large fish indeed. They swim slowly in a way that gives them the appearance of walking like dinosaurs.",Wow! A saddled bichir! Now I'm saddled with guilt!,-,,エンドリケリー,bichir ensillado,bichir ensillado,bichir,bichir,Flösselhecht,polipteride,엔드리케리,2300,230A,int_fsh_endlicheri,Yes,,,,
43,sea butterfly,,,Dec - Feb,Dec - Feb,All day,-,-,Sea,Tiny,-,No,"1,000",800,-,Winter,Sea,,1x1,3,,Nov 25 - Feb 24,7C,"Sea butterflies go with the flow, as they'll drift in cold winter waters along with ice floes. They are called ""ice-floe angels"" because of the mysterious way they swim with their winglike arms. Their heads will open up when they make an attempt to catch their helpless prey. Once its head is opened, it grabs its prey with six special feelers called ""buccal cones."" The only place you'll find both cold- water and tropical sea butterflies swimming together is in this game.",I caught a sea butterfly! I didn't even use a net!,-,,クリオネ,mariposa marina,mariposa marina,clione,clione,See-Engel,cavolinia,클리오네,2301,230B,int_fsh_kurione,No,,,,
44,sea horse,,,Apr - Nov,Apr - Nov,All day,-,-,Sea,Tiny,All day,No,"1,100",880,55,Spring - Fall,Sea,,1x1,3,,-,0E,"Sea horses don't look like fish, but they still share a lot of distinct connections. They use their small dorsal fins and tail fins to swim, but in actuality they're pretty bad swimmers. They wrap their tail fins around seaweed or coral so they won't float away with the current. Once attached, they feed on plankton and small shrimp that float by. The female deposits eggs in the male's pouch, putting the burden of child care on the male.","I caught a sea horse! I meant to, of course!",-,,タツノオトシゴ,caballito de mar,caballito de mar,hippocampe,hippocampe,Seepferdchen,ippocampo,해마,2302,230C,int_fsh_tatsu,No,,,,
45,clown fish,,,Apr - Sep,Apr - Sep,All day,-,-,Sea,Tiny,All day,No,650,520,32,Spring - Fall,Sea,,1x1,3,,-,0E,"Clown fish spend their lives hiding among the feelers of sea anemones, a place that only they can live. Their homes may be dangerous, but they produce a special coating that protects them from the poison. In exchange for the anemone's protection, the clown fish chases off any parasitic bugs and enemies. Curiously, all clown fish are males when they're young but change into females if necessity demands.",I caught a clown fish! Who's laughing now?,-,,クマノミ,pez payaso,pez payaso,poisson-clown,poisson-clown,Anemonenfisch,pesce pagliaccio,흰동가리,2303,230D,int_fsh_kumanomi,No,,,,
46,surgeonfish,,,Apr - Sep,Apr - Sep,All day,-,-,Sea,Small,All day,No,"1,000",800,50,Spring - Fall,Sea,,1x1,3,,-,0E,"These tropical fish sport beautiful, yellow, triangular tails and elegant black lines on dazzling blue bodies. Personalitywise, the surgeonfish is actually rather laid back and timid. They seek out gaps in coral or between rocks for the greatest amount of protection while sleeping.","I caught a surgeonfish! It was a simple operation, though!",-,,ナンヨウハギ,pez cirujano,pez cirujano,poisson chirurgien,poisson chirurgien,Paletten-Doktorfisch,pesce chirurgo,블루탱,2304,230E,int_fsh_nanyou,No,,,,
47,butterfly fish,,,Apr - Sep,Apr - Sep,All day,-,-,Sea,Small,All day,No,"1,000",800,50,Spring - Fall,Sea,,1x1,3,,-,0E,"Butterfly fish are considered very cute pets, popular because of their beautiful nature. They glide through the warm seas by flapping their yellow bodies as if they were butterflies. Their diets are surprisingly hardy, as they gobble coral and poisonous anemones using narrow mouths. Butterfly-fish couples have been known to live together for 10 years or more. Often they can be seen swimming around in pairs. You'll likely never find a better underwater romance.","I caught a butterfly fish! As mayor, welcome to my pockets!","I caught a butterfly fish! Keep flying, fishy!",,チョウチョウウオ,pez mariposa,pez mariposa,poisson-papillon,poisson-papillon,Falterfisch,pesce farfalla,나비고기,2305,230F,int_fsh_chouchou,No,,,,
48,Napoleonfish,,,Jul - Aug,Jul - Aug,4 AM - 9 PM,-,-,Sea,Huge,4 AM - 9 PM,No,"10,000","8,000",500,Summer,Sea,,2x2,3,,Jun 1 - Aug 31,7A,"Called Napoleonfish, these fish also have the more accurate name of humphead wrasse. The true name comes from the distinctive humps on their heads. But ""Napoleonfish"" is more popular. When small, all Napoleonfish are females, but some become males as they age and their humps grow. Their bodies also turn a bluer shade as they mature and become males, making identification simple. Their bulky bodies, which can get to about six feet long, still glide easily through warm tropical seas. Finding these fish is a real treat for divers, as they're stunning to see— and it's a great story to tell.",I caught a Napoleonfish! Vive la me!,-,,ナポレオンフィッシュ,pez napoleón,pez napoleón,napoléon,napoléon,Napoleonfisch,pesce napoleone,나폴레옹피시,2306,2310,int_fsh_napoleon,No,,,,
49,zebra turkeyfish,,,Apr - Nov,Apr - Nov,All day,-,-,Sea,Medium,All day,No,400,320,20,Spring - Fall,Sea,,1x1,3,,-,0E,"Zebra turkeyfish have long, beautiful fins that flow like gowns as they swim through the sea. However, these aquatic beauties pack a punch, as their fins are filled with poisonous spikes. Aside from protection against predators, this poison comes in handy for turf wars between males. The losing male succumbs to the poison in a matter of days, making these battles life and death.",I caught a zebra turkeyfish! What are you? Make up your mind!,-,,ミノカサゴ,pez león,pez león,poisson-scorpion,poisson-scorpion,Rotfeuerfisch,leone zebrato,쏨뱅이,2307,2311,int_fsh_minokasago,No,,,,
50,blowfish,,,Nov - Feb,Nov - Feb,9 PM - 4 AM,-,-,Sea,Medium,-,No,"5,000","4,000",-,Winter,Sea,,1x1,3,,-,0E,"Blowfish are considered a delicacy, famous for their tempting taste despite being highly poisonous. Blowfish are not poisonous at birth, though, which makes young ones relatively safe for consumption. It's only once they have ingested enough microbes from seawater and food that they become poisonous. When they feel threatened, they suck in air and water to blow themselves up like balloons. This makes them too big to eat without predators being forced to chomp down on their poison quills.",I caught a blowfish! And that's not just hot air!,-,Re-Tail sell price of 125 in 1.0,フグ,pez globo,pez globo,poisson-ballon,poisson-ballon,Kugelfisch,pesce palla giapp.,복어,2308,2312,int_fsh_fugu,Yes,,,,
51,puffer fish,,,Jul - Sep,Jul - Sep,All day,-,-,Sea,Medium,All day,No,240,192,12,Summer,Sea,,1x1,3,,-,0E,"As expected, all puffer fish are covered in spines. While related to blowfish, they are not poisonous. Exaggerated claims about the fish say they have 1,000 spines; the true number is between 300 and 400. When threatened, they suck in water and air to puff themselves up in order to intimidate enemies.",I caught a puffer fish! Ouch!,-,,ハリセンボン,pez erizo,pez erizo,poisson-porc-épic,poisson-porc-épic,Igelfisch,pesce palla,가시복,2309,2313,int_fsh_harisen,No,,,,
52,horse mackerel,,,All year,All year,All day,-,-,Sea,Small,All day,No,150,120,7,Year-round,Sea,,1x1,3,,-,0E,"With their appealing flavor, horse mackerel have long been a cheap and common food source. However, in certain regions, they have actually been branded as something of a luxury dish. They have tough scales on both sides of their bodies that must be removed before preparing. Though small, they are formidable carnivores. Since they go after bait, they are popular with fishers.",I caught a horse mackerel! Holy mackerel!,-,,アジ,jurel,jurel,chinchard,chinchard,Makrele,sgombro,전갱이,230A,2314,int_fsh_aji,No,,,,
53,barred knifejaw,,,Mar - Nov,Mar - Nov,All day,-,-,Sea,Medium,All day,No,"5,000","4,000",250,Spring - Fall,Sea,,1x1,3,,-,0E,"Barred knifejaws stand out thanks to the seven stripes adorning their white bodies. Their natural curiosity and strong pull make them a popular target of anglers, but they're no easy catch. They have strong teeth that allow them to make short work of sea creatures with tough shells. This means that both urchins and mollusks need to be careful, lest they become meals for these fish.",I caught a barred knifejaw! I'll have to use it to cut veggies!,-,,イシダイ,dorada japonesa,dorada japonesa,scarus,scarus,Zebrabuntbarsch,ishidai,돌돔,230B,2315,int_fsh_ishidai,No,,,,
54,sea bass,,,All year,All year,All day,-,-,Sea,Very Large,All day,No,200,160,10,Year-round,Sea,,2x1,3,,-,0E,"Sea bass are famous for their delicious white meat as well as their large size. If they ingest something inedible, they open up their mouths and gills and violently shake their heads. This generally manages to expel the foreign material, though it has the added effect of looking rather odd. Much like their freshwater cousins, sea bass have a strong pull, making them a great challenge for anglers.",I caught a sea bass! See? A bass!,I caught a sea bass! What?! You again?!,,スズキ,lubina,lubina,bar commun,bar commun,Seebarsch,spigola,농어,230C,2316,int_fsh_suzuki,No,,,,
55,red snapper,,,All year,All year,All day,-,-,Sea,Medium,All day,No,"3,000","2,400",150,Year-round,Sea,,1x1,3,,-,0E,"Red snappers are gregarious fish that often form schools close to reefs and shipwrecks. They are a prized food fish, but because of demand, other species are often served as ""red snapper."" They usually live up to 50 years. The oldest recorded red snapper was thought to be 57.",I caught a red snapper! I just snapped it up!,-,,タイ,pargo rojo,pargo rojo,vivaneau,vivaneau,Kaiserschnapper,colisa,도미,230D,2317,int_fsh_tai,No,,,,
56,dab,,,Oct - Apr,Oct - Apr,All day,-,-,Sea,Medium,-,No,300,240,-,Winter - Spring,Sea,,1x1,3,,-,0E,"Dabs generally have both eyes on the right side of their body, though there are some exceptions. Both types of dabs begin in infancy with an eye on each side of their body. As dabs grow, the eye on the left migrates to the right, though sometimes it doesn't move at all. Dabs dig in the sand to hide, which allows their eyes to stick up a bit to watch for danger. Because they live off of bugs and small creatures, their mouths are small, containing narrow, dull teeth.",I caught a dab! I'm not just dabbling anymore!,-,,カレイ,gallo,gallo,limande,limande,Kliesche,platessa,가자미,230E,2318,int_fsh_karei,No,,,,
57,olive flounder,,,All year,All year,All day,-,-,Sea,Large,All day,No,800,640,40,Year-round,Sea,,1x1,3,,-,0E,"Olive flounders are rather flexible whitefish that have both eyes on the left side of their body. They can reach three feet in length and are commonly mistaken for dabs, a close relative. When young, they have an eye on each side, but as they age, their right eye migrates to their left side. These carnivorous fish can change color to camouflage themselves on the seabed as they wait for prey.","I caught a dab... Huh? Just kidding! It's an olive flounder! Make up your mind, fishy!",-,,ヒラメ,rodaballo,rodaballo,cardeau,cardeau,Flunder,sogliola,넙치,230F,2319,int_fsh_hirame,No,,,,
58,squid,,,Dec - Aug 15,Dec - Aug 15,All day,-,-,Sea,Medium,All day,No,400,320,20,Spring - Winter,Sea,,1x1,3,,-,0E,"People assume squids have legs, but those are actually arms. There are 10 in all; two are used to grab prey. To swim, they twist their fins and expel water from inside their bodies to allow for fluid motion. The ink they shoot when threatened forms into the shape of a squid, acting as a sort of body double.","I caught a squid! Yes, I did!",-,,イカ,calamar,calamar,calmar,calmar,Kalmar,calamaro,오징어,2310,231A,int_fsh_ika,No,,,,
59,moray eel,,,Aug - Oct,Aug - Oct,All day,-,-,Sea,Very Large,All day,No,"2,000","1,600",100,Summer - Fall,Sea,,2x1,3,,-,0E,"Moray eels can often be seen sticking just their heads out from between two rocks. When unsuspecting prey approaches, they dart out to snatch it up into their sharp-toothed mouths. Once moray eels have their teeth in you, it's hard to get away, making moray-eel bites no trifling matter. Their long, finless bodies are covered in tough, snakelike skin that often gets used as leather.","I caught a moray eel! And I was like, ""No way! Deal!""",-,,ウツボ,morena,morena,murène,murène,Muräne,murena,곰치,2311,231B,int_fsh_utsubo,No,,,,
60,ribbon eel,,,All year,All year,All day,-,-,Tortimer Island,Long,All day,No,600,480,30,Summer,Tropical Seas,,2x1,3,,-,0E,"Ribbon eels have long, ribbonlike bodies and look as if they have flowers sprouting from their noses. They get their name from their bright, vivid color, in addition to the length of their skinny bodies. Ribbon eels hatch sexless before first becoming males, then females as they age. Their tendency to stick their heads out from holes in the sand and open their mouths is not a sign of anger. In actuality, they're merely taking a breath. Oddly, they're surprisingly peaceful creatures, despite the look.",I caught a ribbon eel! Good for tying on to presents!,-,,ハナヒゲウツボ,anguila listón azul,anguila listón azul,murène ruban bleue,murène ruban bleue,Nasenmuräne,murena a nastro,리본장어,2312,231C,int_fsh_hanahige,Yes,,,,
61,football fish,,,Nov - Mar,Nov - Mar,4 PM - 9 AM,-,-,Sea,Large,-,No,"2,500","2,000",-,Winter,Sea,,1x1,3,,Nov 25 - Feb 24,7C,"Football fish live in parts of the ocean so deep that light does not reach them. Their lanterns, which they sway back and forth to lure prey, can emit light thanks to special bacteria. When prey gets near, they shoot a luminescent liquid and snatch the prey while it's blinded by the light. Only females possess the useful lantern. They can grow to be about two feet by maturity. Males are small, less than two inches in length.",I caught a football fish! Thanks to my fishing tackle!,-,,チョウチンアンコウ,pez balón,pez balón,poisson lanterne,poisson lanterne,Anglerfisch,pesce abissale,초롱아귀,2313,231D,int_fsh_ankou,No,,,,
62,tuna,,,Nov - Mar,Nov - Mar,All day,-,-,Sea,Huge,-,No,"7,000","5,600",-,Winter,Sea,,2x1,3,,Nov 25 - Feb 24,7C,"Tuna can reach almost 10 feet in length and weigh over 800 pounds, which is huge in the fish world. Combining this great size with their good flavor makes them literally the biggest catch for most anglers. Tuna can't breathe when they aren't moving, so their entire lives revolve around constantly swimming. To sleep, they merely slow down. This ability to swim while sleeping is a huge advantage. They're also rather fast, capable of beating both sets of fins so hard they reach speeds of 50 mph.",I caught a tuna! And now it's stuck in my head!,-,,マグロ,atún,atún,thon,thon,Thunfisch,tonno,다랑어,2314,231E,int_fsh_maguro,No,,,,
63,blue marlin,,,Jul - Sep,Jul - Sep,All day,-,-,Sea,Huge,All day,No,"10,000","8,000",500,Summer,Sea,,2x1,3,,-,0E,"Blue marlins are famous for their long, swordlike noses that give them the nickname ""swordfish."" They use their ""swords"" to knock out their prey before capture, not skewering it as you'd think. Able to swim at speeds above 60 mph, their speed and power make them a true test for any angler.",I caught a blue marlin! What a true darlin'!,-,,カジキ,pez espada,pez espada,marlin bleu,marlin bleu,Marlin,marlin blu,청새치,2315,231F,int_fsh_kajiki,No,,,,
64,giant trevally,,,All year,All year,All day,-,-,Tortimer Island,Very Large,All day,No,"4,500","3,600",225,Summer,Tropical Seas,,2x1,3,,-,0E,"Though you wouldn't guess it because of their size, giant trevallys are actually a type of mackerel. Unlike normally slim and sleek mackerels, giant trevallys have wide, silver bodies. Surprisingly, though, these fish cannot tolerate the cold, so they tend to live in warmer places. Their jaw strength is great enough to bite off a person's finger, so be very careful when fishing for them!",I caught a giant trevally! Pfff. I've seen bigger!,-,,ロウニンアジ,jurel gigante,jurel gigante,carangue grosse tête,carangue grosse tête,Pferdemakrele,carango gigante,무명갈전갱이,2316,2320,int_fsh_rounin,Yes,,,,
65,ray,,,Aug - Nov,Aug - Nov,4 AM - 9 PM,-,-,Sea,Very Large,4 AM - 9 PM,No,"3,000","2,400",150,Summer - Fall,Sea,,2x1,3,,-,0E,"Beating their large fins up and down to move through the water almost gives rays the impression of flying. If viewed from below, rays appear to have their mouths curled up into a sort of smile. Some varieties have poisonous spikes at the base of their long tail fins that can be fatal to humans. This, combined with the ability to hide in sand at the bottom of the sea, can make them very dangerous.",I caught a ray! That made my day!,-,,エイ,raya,raya,raie,raie,Rochen,razza,가오리,2317,2321,int_fsh_ei,No,,,,
66,ocean sunfish,,,Jun - Sep,Jun - Sep,4 AM - 9 PM,-,-,Sea,Huge (Finned),4 AM - 9 PM,No,"4,000","3,200",200,Summer,Sea,,2x2,3,,-,0E,"Ocean sunfish are a relative of blowfish that can reach up to two tons in weight. Lacking a tail fin, they cannot swim particularly quickly, which is an odd bit of anatomical detriment. The number of eggs they can lay is the most in the world at over 300 million. However, out of that 300 million, only one or two fish will ultimately survive. Ocean sunfish sometimes like to bob up and down on the surface of the ocean. This gives them the appearance they're sunbathing, which helps to make them a popular breed of fish.",I caught an ocean sunfish! My day is brighter already!,-,,マンボウ,pez luna,pez luna,lune de mer,lune de mer,Mondfisch,pesce luna,개복치,2318,2322,int_fsh_manbou,No,,,,
67,hammerhead shark,,,Jun - Sep,Jun - Sep,4 PM - 9 AM,-,-,Sea,Huge (Finned),4 PM - 9 AM,No,"8,000","6,400",400,Summer,Sea,,2x2,3,,-,0E,"The hammerhead shark is a shark with a head like a hammer, which is what you'd expect. However, despite being sharks, they are actually fairly laid back, which is not what you'd expect. With their eyes positioned on the two ends of their ""hammer,"" they can see in almost all directions. Oddly, their nose holes are located right next to their eyes on their hammer section. They have a number of small holes on the front and lower portions of their heads as well. These holes allow them to detect prey, even fish hiding below them and out of sight. While they eat a nice array of fish, it seems rays are their favorite source of food. Rays, beware!",I caught a hammerhead shark! I really nailed it!,-,,シュモクザメ,pez martillo,pez martillo,requin marteau,requin marteau,Hammerhai,pesce martello,귀상어,2319,2323,int_fsh_shumoku,No,,,,
68,shark,,,Jun - Sep,Jun - Sep,4 PM - 9 AM,-,-,Sea,Huge (Finned),4 PM - 9 AM,No,"15,000","12,000",750,Summer,Sea,,2x2,3,,-,0E,"The triangular teeth of sharks appear to have evolved from scales sometime in the past. When a tooth breaks, it quickly falls out and a new one grows in, keeping them always in good shape for prey. Sharks can be fearsome creatures, able to smell blood from several miles away. They can even jump out of the water to catch prey, making them powerful predators. Contrary to their tough image, their bones are made out of cartilage and erroneously used as health food.",I caught a shark! GAH! Why am I holding it?!,-,,サメ,tiburón,tiburón,requin,requin,Hai,squalo,상어,231A,2324,int_fsh_same,No,,,,
69,saw shark,,,Jun - Sep,Jun - Sep,4 PM - 9 AM,-,-,Sea,Huge (Finned),4 PM - 9 AM,No,"12,000","9,600",600,Summer,Sea,,2x2,3,,-,0E,"Saw sharks got their name from their long head lined with spikelike teeth much like a chain-saw blade. Sensors located below their mouths detect prey as they press their flat bodies against the seabed to search. They will sometimes swing their ""saws"" wildly amid a school of fish, catching any that are struck.",I caught a saw shark! And yet it didn't see me coming!,-,,ノコギリザメ,pez sierra,pez sierra,requin scie,requin scie,Sägehai,squalo sega,톱상어,231B,2325,int_fsh_noko,Yes,,,,
70,whale shark,,,All year,All year,All day,-,-,Tortimer Island,Huge (Finned),All day,No,"13,000","10,400",650,Summer,Tropical Seas,,2x2,3,,-,0E,"Whale sharks are the world's largest fish, but they're surprisingly some of the gentlest. They can swim at only three mph, so although they're large and very imposing, they're not really a threat. They swim with their mouths open to swallow vast quantities of tiny creatures and seawater. As they expel the water through their gills, they will eat what then remains. Since they don't have to bite prey, their teeth are file-like and number about 10,000 in multiple rows.",Ohmigosh! I caught a whale shark! It could have swallowed me up!,-,,ジンベエザメ,tiburón ballena,tiburón ballena,requin-baleine,requin-baleine,Walhai,squalo balena,고래상어,231C,2326,int_fsh_jinbei,No,,,,
71,oarfish,,,Dec - May,Dec - May,All day,-,-,Sea,Huge,-,No,"9,000","7,200",-,Winter - Spring,Sea,,2x2,3,,-,0E,"Oarfish are deep-sea-dwelling fish with long, thin, silver bodies and one red fin lining their backs. They can reach lengths of over 10 yards, making them huge and striking fish. They usually swim by twisting their long, thin bodies, but they can also swim in more vertical positions. Their mouths are small compared to their bodies and they have no teeth, so they're large but not imposing.","I caught an oarfish! Good, I needed a paddle!",-,,リュウグウノツカイ,pez remo,pez remo,poisson-ruban,poisson-ruban,Riemenfisch,pesce remo,산갈치,231D,2327,int_fsh_ryugu,Yes,,,,
72,coelacanth,,,All year,All year,4 PM - 9 AM,-,-,Sea (Rain),Huge,-,No,"15,000","12,000",-,Year-round,Sea,,2x1,3,,-,0E,"Coelacanths are ancient fish once believed to be extinct but recently discovered around South Africa. Called ""living fossils,"" they have apparently changed very little over the past 400 million years. They can live for over 60 years and reach lengths of six feet but have rather small brains, even for fish. They have more fins and harder scales than the average fish, making them a rather resilient breed. Their flavor is very different from most fish, and they contain a fat that is indigestible by humans. It's for that second reason that eating them really isn't highly recommended.",Holy fish sticks! I caught a coelacanth! Am I saying it right?,-,,シーラカンス,celacanto,celacanto,cœlacanthe,cœlacanthe,Quastenflosser,celacanto,실러캔스,231E,2328,int_fsh_siira,No,,,,