#,Name,Image,Type,Source,Season,Reorderable,Buy Price (Bells),Buy Price (Medals),Sell Price (Re-Tail),Sell Price (Nooklings),Sell Price (Leila),HHA Base Points,Series,HHA Theme Challenge,Color 1,Color 2,Fashion,Gender,Category,Catalog Keyword,Name (Japanese),Name (Spanish NA),Name (Spanish EU),Name (French),Name (German),Name (Italian),Name (Korean),Version Added,Hex ID (1.0),Hex ID (1.4),Model Filename,Hex ID [Wall] (1.4),Name (NH),Name (HHD),Name (PC)
001,academy uniform,,Long Sleeve Dress,Able Sisters,-,Yes,720,-,180,144,9,3,-,-,blue,blue,official,Female,-,,よそいきなふく,vestido serio,vestido serio,tenue académique,Sonntagskleid,vestito istitutrice,나들이 원피스,1.0,2613,2689,tops_onp_yosoiki,36C2,,,-
002,alpinist dress,,Short Sleeve Dress,Able Sisters,-,Yes,640,-,160,128,8,3,alpinist,-,green,white,iconic,Female,-,,チロリアンなふく,vestido tirolés,vestido tirolés,robe tyrolienne,Alpenkleid,vestito tirolese,알프스풍 옷,1.0,263B,26B1,tops_tirolean,36EA,,,alpinist dress
003,ballet outfit,,Sleeveless Dress,Able Sisters,Summer,Yes,"1,600",-,400,320,20,3,-,Fairy Tale,white,white,sporty,Female,-,,バレエのいしょう,vestido ballet,vestido ballet,robe d'été ballet,Ballett-Trägerkleid,tutù,발레 의상,1.0,265E,26D4,tops_vallet,370D,,,-
004,bathrobe,,Long Sleeve Dress,GracieGrace,-,No,"5,800",-,"1,450",-,72,251,spa patron,-,white,white,flashy,Female,-,,バスローブ,albornoz,albornoz,peignoir,Bademantel,accappatoio,목욕 가운,1.0,264E,26C4,tops_bathrobe,36FD,,,-
005,black-velvet dress,,Short Sleeve Dress,GracieGrace,-,No,"8,000",-,"2,000",-,100,299,-,Toy Shop,black,red,rock 'n' roll,Female,Manufactured,,マスカレードなワンピース,vestido de gala,vestido de gala,robe rouge & noire,Samtkleid,vestito velluto nero,갬블러 원피스,1.0,2651,26C7,tops_gambler_onp,3700,,,-
006,blossom dress,,Sleeveless Dress,Able Sisters,Spring,Yes,640,-,160,128,8,3,-,Rustic,pink,pink,cute,Female,Nature,,ピンクはながらワンピース,vestido rosáceo,vestido rosáceo,robe d'été fleurie,Blüten-Trägerkleid,scamiciato fioritura,핑크 꽃무늬 원피스,1.0,2626,269C,tops_flw_pnk,36D5,,,-
007,blossoming dress,,Long Sleeve Dress,Able Sisters,Spring,Yes,620,-,155,124,7,3,-,Harmonious / Rustic,green,orange,iconic,Female,Nature,,ウメがらのきもの,vestido crisantemo,vestido crisantemo,robe bourgeon,Wiesenkleid,vestito boccioli,매화무늬 기모노,1.0,262F,26A5,tops_jpn_ume,36DE,,,blossoming dress
008,blue ballet outfit,,Sleeveless Dress,Able Sisters,-,Yes,800,-,200,160,10,3,-,Fairy Tale,aqua,aqua,official,Female,-,,ブルーのバレエいしょう,vestido ballet azul,vestido ballet azul,tenue ballet bleue,Tänzerinnenkleid,tutù blu,블루 발레 의상,1.4,-,26E4,tops_vallet_blue,371D,,,-
009,blue dotted dress,,Short Sleeve Dress,GracieGrace,-,No,"7,200",-,"1,800",-,90,299,-,-,aqua,white,cute,Female,Dotted,,あおいみずたまワンピース,vestido aqua,vestido aqua,robe à pois bleue,Tüpfelkleid,vestito blu a pois,하늘색 물방울 원피스,1.0,260E,2684,tops_dotonp_blu,36BD,,,-
010,blue lace-up dress,,Long Sleeve Dress,Able Sisters,-,Yes,700,-,175,140,8,3,-,-,purple,purple,ornate,Female,-,,むらさきのコルセット,vestido celosía,vestido celosía,robe à lacets bleue,Schnürkleid,vestito viola lacci,퍼플 코르셋,1.0,2631,26A7,tops_corset_ppl,36E0,,,blue lace-up dress
011,blue party dress,,Short Sleeve Dress,GracieGrace,-,No,"8,000",-,"2,000",-,100,299,-,Fairy Tale,blue,blue,official,Female,-,,ブルーパーティードレス,vestido fiesta azul,vestido fiesta azul,robe de soirée bleue,Tanzkleid,vestito lusso blu,블루 파티드레스,1.0,2615,268B,tops_party_blu,36C4,,,blue party dress
012,blue retro dress,,Long Sleeve Dress,Able Sisters,-,Yes,720,-,180,144,9,3,-,-,aqua,white,modern,Female,Nature,,レトロボンダイワンピース,vestido retro azul,vestido retro azul,robe rétro turquoise,Retro-Kleid,vestito blu rétro,복고풍 물결무늬 원피스,1.0,262B,26A1,tops_retro_bondi,36DA,,,-
013,butterfly dress,,Sleeveless Dress,GracieGrace,Summer,No,"7,200",-,"1,800",-,90,251,-,Fairy Tale / Quirky,black,colorful,ornate,Female,Nature,,あげはのワンピース,vestido mariposa,vestido mariposa,robe d'été papillon,Falter-Trägerkleid,scamiciato farfalla,호랑나비무늬 원피스,1.0,261B,2691,tops_insc_ageha,36CA,,,-
014,cake dress,,Short Sleeve Dress,GracieGrace,-,No,"6,000",-,"1,500",-,75,251,bride,Fairy Tale,white,white,official,Female,-,,じゅんぱくのドレス,vestido nupcial,vestido nupcial,robe de mariée,Brautkleid,vestito da sposa,순백 드레스,1.0,263F,26B5,tops_dress_wht,36EE,,,-
015,cake tank dress,,Sleeveless Dress,Able Sisters,Summer,Yes,"6,000",-,"1,500","1,200",75,3,bride,Fairy Tale,white,white,official,Female,-,,そでなしじゅんぱくドレス,vestido nupcial sisa,vestido nupcial sisa,robe d'été de mariée,Braut-Trägerkleid,scamiciato da sposa,민소매 순백 드레스,1.0,266B,26E1,tops_dress_wht,371A,,,-
016,casual outfit,,Long Sleeve Dress,Able Sisters,Summer,Yes,720,-,180,144,9,3,-,Harmonious,blue,blue,iconic,Male,-,,きながし,vestido informal,vestido informal,tenue cool,Freizeitkleid,vestito giapp. blu,단정한 블루 슈트,1.0,264A,26C0,tops_jpn_haori,36F9,,,-
017,cat dress,,Long Sleeve Dress,Able Sisters,-,Yes,720,-,180,144,9,3,cat,-,blue,blue,cute,Unisex,Animal,,ネコなふく,vestido gato,vestido gato,robe chat,Katzenkleid,vestito gatto,고양이 옷,1.0,2647,26BD,tops_cstm_cat,36F6,,,-
018,cat tank dress,,Sleeveless Dress,Able Sisters,Summer,Yes,800,-,200,160,10,3,cat,-,blue,blue,cute,Unisex,Animal,,ネコなノースリーブ,vestido gato sisa,vestido gato sisa,robe d'été chat,Katzen-Trägerkleid,scamiciato gatto,고양이 민소매 원피스,1.0,266A,26E0,tops_cstm_cat,3719,,,-
019,caveman tank dress,,Sleeveless Dress,Able Sisters,Summer,Yes,800,-,200,160,10,3,-,-,brown,yellow,historical,Female,Nature,,げんしじんなワンピース,vestido cavernícola,vestido cavernícola,robe d'été caverne,Steinzeitkleid,scamiciato sapiens,원시인 원피스,1.0,2666,26DC,tops_caveman,3715,,,-
020,chima jeogori dress,,Long Sleeve Dress,Able Sisters,-,Yes,880,-,220,176,11,3,-,Harmonious,red,aqua,iconic,Female,-,,チマチョゴリ,vestido coreano,vestido coreano,robe chima chogori,Hanbok-Kleid,vestito coreano,한복,1.0,2664,26DA,tops_chogori,3713,,,-
021,citrus gingham dress,,Long Sleeve Dress,Able Sisters,Spring,Yes,640,-,160,128,8,3,-,-,yellow,orange,cute,Female,Plaid,,きいろいワンピース,vestido vichy,vestido vichy,robe vichy citron,Ausflugskleid,vestito raggiante,노란색 원피스,1.0,2621,2697,tops_onp_ylw,36D0,,,-
022,classic dress,,Short Sleeve Dress,Able Sisters,Fall,Yes,720,-,180,144,9,3,-,Fairy Tale,pink,brown,ornate,Female,Nature,,クラシックなドレス,vestido clásico,vestido clásico,robe classique,Klassik-Kleid,vestito classico,클래식 드레스,1.0,265F,26D5,tops_dress_classic,370E,,,-
023,cool dress,,Long Sleeve Dress,GracieGrace,-,No,"6,400",-,"1,600",-,80,251,-,Trendy,colorful,white,modern,Female,Nature,,ヌーボーなワンピース,vestido guay,vestido guay,robe sympa,Flammenkleid,vestito art nouveau,언밸런스 원피스,1.0,262D,26A3,tops_retro_nouveau,36DC,,,-
024,dapper dress,,Short Sleeve Dress,Able Sisters,Winter,Yes,800,-,200,160,10,3,-,-,yellow,green,basic,Female,Plaid,,きいろツイードワンピース,vestido paseo oro,vestido paseo oro,robe pimpante,Alpaka-Kleid,vestito festoso,노란색 트웨이드 원피스,1.0,2662,26D8,tops_tweed_ylw,3711,,,-
025,dazed dress,,Short Sleeve Dress,Able Sisters,-,Yes,720,-,180,144,9,3,-,-,pink,purple,cute,Female,Plaid,,ゆめいろこうしワンピース,vestido rombos,vestido rombos,robe losange,Wohlfühlkleid,vestito quadri rosa,꿈색 체크무늬 원피스,1.0,2652,26C8,tops_gridonp_dream,3701,,,-
026,dogtooth dress,,Long Sleeve Dress,GracieGrace,Winter,No,"7,200",-,"1,800",-,90,299,-,-,black,gray,iconic,Female,Plaid,,ちどりごうしのワンピース,vestido pata gallo,vestido pata gallo,robe pied de coq,Pepita-Kleid,vestito zigzag,바람개비무늬 원피스,1.0,2653,26C9,tops_houndonp,3702,,,-
027,dollhouse dress,,Sleeveless Dress,GracieGrace,-,No,"8,000",-,"2,000",-,100,299,-,Fairy Tale / Toy Shop,aqua,aqua,cute,Female,Manufactured,,アイドルなふく,vestido azulado,vestido azulado,robe d'été poupée,Püppchenkleid,scamiciato bambola,아이돌 옷,1.0,265C,26D2,tops_idol_80,370B,,,-
028,dreamy tank dress,,Sleeveless Dress,Able Sisters,Spring,Yes,640,-,160,128,8,3,-,Rustic,pink,aqua,cute,Female,Nature,,ゆめのはながらワンピース,vestido ensueño,vestido ensueño,robe d'été de rêve,Frottee-Trägerkleid,scamiciato da sogno,파스텔 꽃무늬 원피스,1.0,2623,2699,tops_flw_dream,36D2,,,-
029,embroidered dress,,Short Sleeve Dress,Able Sisters,-,Yes,640,-,160,128,8,3,-,-,blue,blue,cute,Female,Nature,,ししゅうワンピース,vestido bordado,vestido bordado,robe brodée,Stickkleid,vestito ricamato,자수 원피스,1.0,2655,26CB,tops_onp_embroid,3704,,,-
030,fairy-tale dress,,Short Sleeve Dress,Able Sisters,-,Yes,640,-,160,128,8,3,-,-,red,aqua,cute,Female,Nature,,アンデルセンなふく,vestido tarta,vestido tarta,robe fable,Märchenkleid,vestito favola,안데르센풍 옷,1.0,2642,26B8,tops_andersen,36F1,,,-
031,Festivale tank dress,,Sleeveless Dress,Able Sisters,-,Yes,680,-,170,136,8,33,-,-,green,red,iconic,Female,-,,サンバなワンピース,vestido de carnaval,vestido de carnaval,robe d'été carnaval,Karnevalskleid,scamiciato samba,삼바 원피스,1.0,2656,26CC,tops_onp_samba,3705,,,-
032,festive dress,,Short Sleeve Dress,Able Sisters,Winter,Yes,680,-,170,136,8,3,-,Toy Shop,red,white,cute,Female,Manufactured,,クリスマスなドレス,vestido festivo,vestido festivo,robe de mère Noël,Festtagskleid,vestito festivo,크리스마스 드레스,1.0,260C,2682,tops_xmas_dress,36BB,,,festive dress
033,festive-tree dress,,Sleeveless Dress,GracieGrace,Winter,No,"8,000",-,"2,000",-,100,251,-,Rustic / Toy Shop,green,white,flashy,Female,-,,もみのきワンピース,vestido abeto,vestido abeto,robe d'été sapin,Baumschmuck-Kleid,scamiciato addobbato,크리스마스트리 원피스,1.0,265D,26D3,tops_tree_xmas,370C,,,festive-tree dress
034,fleece dress,,Short Sleeve Dress,Able Sisters,-,Yes,720,-,180,144,9,3,-,Fairy Tale,blue,yellow,cute,Female,Nature,,メルヘンなドレス,vestido medieval,vestido medieval,robe en polaire,Fleece-Kleid,vestito fiabesco,신비한 옷,1.0,261F,2695,tops_dress_marchen,36CE,,,-
035,floral knit dress,,Sleeveless Dress,Able Sisters,Spring,Yes,640,-,160,128,8,3,-,Rustic,purple,white,cute,Female,Nature,,しろいはなのワンピース,vestido lila flores,vestido lila flores,robe d'été florale,Primel-Trägerkleid,scamiciato fioroni,하얀색 꽃그림 원피스,1.0,2622,2698,tops_flw_floral,36D1,,,floral knit dress
036,Flower Fairy dress,,Short Sleeve Dress,Puzzle League,-,No,-,-,250,-,12,551,-,-,yellow,pink,cute,Female,Manufactured,,はなのようせいのドレス,vestido hada flores,vestido hada flores,robe églantine,Blumenelfenkleid,vest. fata dei fiori,꽃 요정 드레스,1.4,-,26EC,tops_pnp_dress,3725,,,-
037,fluffy dress,,Long Sleeve Dress,Able Sisters,-,Yes,720,-,180,144,9,3,bunny,-,pink,white,cute,Unisex,Animal,,うさぎなふく,vestido de conejito,vestido de conejito,robe coton,Hasenkleid,vestito morbido,토끼털 옷,1.0,2646,26BC,tops_cstm_rabbit,36F5,,,fluffy dress
038,fluffy tank dress,,Sleeveless Dress,Able Sisters,Summer,Yes,800,-,200,160,10,3,bunny,-,pink,white,cute,Unisex,Animal,,うさぎなノースリーブ,vestido conejo sisa,vestido conejo sisa,robe d'été coton,Hasen-Trägerkleid,scamiciato morbido,토끼 민소매 원피스,1.0,266C,26E2,tops_cstm_rabbit,371B,,,-
039,frock coat,,Long Sleeve Dress,Able Sisters,-,Yes,"1,000",-,250,200,12,3,-,Antique,purple,yellow,ornate,Unisex,-,,きぞくのコート,vestido formal,vestido formal,redingote,Purpurkleid,redingote,귀족 코트,1.0,2649,26BF,tops_coat_noble,36F8,,,-
040,gaudy dress,,Short Sleeve Dress,Able Sisters,Spring,Yes,800,-,200,160,10,3,-,Harmonious,colorful,colorful,iconic,Female,Nature,,アジアなれいふく,vestido alegre,vestido alegre,robe flashy,Kontrastkleid,vestito vistoso,아시아풍 예복,1.0,261C,2692,tops_asia_formal,36CB,,,-
041,graduation gown,,Long Sleeve Dress,Able Sisters,-,Yes,800,-,200,160,10,3,scholar,-,brown,white,official,Unisex,-,,がくしのふく,túnica graduación,túnica graduación,tenue de diplômée,Uni-Robe,toga da laurea,학사 가운,1.0,2639,26AF,tops_graduation,36E8,,,-
042,green dress,,Long Sleeve Dress,Able Sisters,-,Yes,640,-,160,128,8,3,-,-,green,green,basic,Female,-,,シンプルなみどりワンピ,vestido simple verde,vestido simple verde,robe verte,Tunikakleid,vestito verde,심플한 녹색 원피스,1.0,261A,2690,tops_onp_smp_grn,36C9,,,-
043,green lace-up dress,,Long Sleeve Dress,Able Sisters,-,Yes,700,-,175,140,8,3,-,-,green,beige,official,Female,-,,グリーンのコルセット,vestido lazo verde,vestido lazo verde,robe cirque verte,Smaragdkleid,vestito bolero verde,그린 코르셋,1.0,2633,26A9,tops_corset_grn,36E2,,,-
044,gumdrop dress,,Short Sleeve Dress,Able Sisters,Spring,Yes,720,-,180,144,9,3,-,-,colorful,colorful,cute,Female,Dotted,,はるのみずたまワンピ,vestido esferas,vestido esferas,robe bonbons,Kaugummikleid,vestito gommoso,봄 물방울무늬 원피스,1.0,2663,26D9,tops_dot_spring,3712,,,gumdrop dress
045,Hello Kitty dress,,Long Sleeve Dress,Rilla's RV,-,No,-,-,250,-,12,300,-,Fairy Tale / Toy Shop,blue,white,cute,Female,H-Striped,,ハローキティなワンピース,vestido Hello Kitty,vestido Hello Kitty,ensemble Hello Kitty,Hello-Kitty-Kleid,vestito Hello Kitty,헬로키티 원피스,1.4,-,26E8,tops_snr_kittyonp,3721,,,Hello Kitty dress
046,Kiki and Lala dress,,Short Sleeve Dress,Étoile's RV,-,No,-,-,250,-,12,300,-,Fairy Tale / Toy Shop,pink,pink,cute,Female,-,,キキ&ララなワンピース,vestido Kiki & Lala,vestido Kiki & Lala,robe Kiki & Lala,Kiki-&-Lala-Kleid,vest. Kiki and Lala,리틀 트윈 스타 원피스,1.4,-,26EA,tops_snr_kikiraraonp,3723,,,Kiki and Lala dress
047,kimono,,Long Sleeve Dress,Able Sisters,-,Yes,820,-,205,164,10,3,geisha,Harmonious,red,aqua,iconic,Female,Nature,,きもの,kimono,kimono,kimono,Kimono,kimono,기모노,1.0,263C,26B2,tops_jpn_kimono,36EB,,,kimono
048,lime dress,,Short Sleeve Dress,Able Sisters,Spring,Yes,640,-,160,128,8,3,-,Rustic,green,white,cute,Female,-,,なのはなのボレロ,vestido lima,vestido lima,robe citron vert,Maikleid,vestito lime,유채꽃 볼레로,1.0,2634,26AA,tops_bolero_ylw,36E3,,,lime dress
049,lotus tank dress,,Sleeveless Dress,Able Sisters,Summer,Yes,640,-,160,128,8,3,-,Rustic,aqua,pink,cute,Female,Nature,,ロータスなワンピース,vestido loto,vestido loto,robe d'été nénuphar,Lotus-Trägerkleid,scamiciato loto,연꽃무늬 원피스,1.0,262A,26A0,tops_flw_lotus,36D9,,,-
050,loud bloom dress,,Sleeveless Dress,Able Sisters,Summer,Yes,640,-,160,128,8,3,-,Rustic,green,purple,flashy,Female,Nature,,はでなはなのワンピース,vestido edén,vestido edén,robe d'été flashy,Nachtblumenkleid,scamiciato esplosivo,화려한 꽃무늬 원피스,1.0,2627,269D,tops_flw_loud,36D6,,,-
051,lovely dress,,Short Sleeve Dress,Able Sisters,Spring,Yes,720,-,180,144,9,3,-,Fairy Tale,pink,pink,cute,Female,Nature,,ラブリーなワンピース,vestido corazones,vestido corazones,robe amour,Herzchenkleid,vestito cuoricini,러블리 원피스,1.0,266D,26E3,tops_ptn_heart,371C,,,lovely dress
052,maid dress,,Short Sleeve Dress,GracieGrace,-,No,"7,200",-,"1,800",-,90,251,-,Fairy Tale,white,black,iconic,Female,-,,メイドのふく,vestido doncella,vestido doncella,robe de servante,Magdkleid,vestito domestica,메이드 옷,1.0,264B,26C1,tops_dress_maid,36FA,,,-
053,Marie dress,,Sleeveless Dress,Viché's RV,-,No,-,-,250,-,12,300,-,Toy Shop,black,green,rock 'n' roll,Female,-,,ホタルのワンピース,vestido de Tina,vestido de Tina,robe paillettes Oly,Limone-Kleid,scamiciato Marina,호타루 원피스,1.4,-,26E7,tops_spl_hotaruonp,3720,,,-
054,milkmaid dress,,Short Sleeve Dress,Able Sisters,-,Yes,720,-,180,144,9,3,milkmaid,-,white,pink,iconic,Female,-,,オランダなふく,vestido holandés,vestido holandés,robe hollandaise,Trachtenkleid,vestito olandese,네덜란드풍 옷,1.0,263D,26B3,tops_dutch,36EC,,,-
055,moldy dress,,Long Sleeve Dress,Able Sisters,-,Yes,40,-,10,8,,3,-,Quirky,beige,brown,flashy,Female,-,,カビたワンピース,vestido borrones,vestido borrones,robe élimée,Schimmelkleid,vestito ammuffito,곰팡이 핀 원피스,1.0,262E,26A4,tops_musty,36DD,,,-
056,musician's outfit,,Long Sleeve Dress,Able Sisters,-,Yes,800,-,200,160,10,3,-,Antique / Fairy Tale,gray,gray,official,Unisex,-,,おんがくかのふく,vestido de orquesta,vestido de orquesta,tenue de musicienne,Pianistinnenkostüm,vestito da musicista,음악가 의상,1.4,-,26E5,tops_musician,371E,,,-
057,muumuu,,Sleeveless Dress,Souvenir Shop,-,No,-,15,187,149,9,451,-,Fairy Tale,blue,orange,iconic,Female,Nature,,ムームー,vestido hawaiano,vestido hawaiano,robe d'été hawaïenne,Strandkleid,scamiciato hawaiano,열대풍 원피스,1.0,260D,2683,tops_muumuu,36BC,,,-
058,My Melody dress,,Long Sleeve Dress,Chelsea's RV,-,No,-,-,250,-,12,300,-,Fairy Tale / Toy Shop,pink,pink,cute,Female,-,,マイメロディなワンピース,vestido My Melody,vestido My Melody,ensemble My Melody,My-Melody-Kleid,vestito My Melody,마이 멜로디 원피스,1.4,-,26E9,tops_snr_mymeloonp,3722,,,My Melody dress
059,natty dress,,Short Sleeve Dress,Able Sisters,Summer,Yes,800,-,200,160,10,3,-,Fairy Tale,pink,blue,cute,Female,Plaid,,ピンクツイードワンピース,vestido paseo rosa,vestido paseo rosa,robe filet,Mohair-Kleid,vestito di classe,핑크 트웨이드 원피스,1.0,2661,26D7,tops_tweed_pnk,3710,,,natty dress
060,nurse's uniform,,Short Sleeve Dress,Able Sisters,-,Yes,800,-,200,160,10,3,-,-,pink,pink,official,Female,-,,ナースのふく,vestido de enfermera,vestido de enfermera,blouse d'infirmière,Schwesternkittel,vestito infermiera,간호사 옷,1.0,2654,26CA,tops_nurse,3703,,,-
061,orange lace-up dress,,Long Sleeve Dress,Able Sisters,-,Yes,700,-,175,140,8,3,-,-,orange,beige,official,Female,-,,オレンジのコルセット,vestido lazo naranja,vestido lazo naranja,robe cirque orange,Clownskleid,vestito bolero fuoco,오렌지 코르셋,1.0,2632,26A8,tops_corset_org,36E1,,,orange lace-up dress
062,orange retro dress,,Long Sleeve Dress,Able Sisters,-,Yes,680,-,170,136,8,3,-,-,orange,beige,official,Female,Plaid,,レトロオレンジワンピース,vestido con cinturón,vestido con cinturón,robe rétro orange,Glamour-Kleid,vestito pesca rétro,복고풍 오렌지 원피스,1.0,262C,26A2,tops_onp_orgretro,36DB,,,-
063,overall dress,,Short Sleeve Dress,Able Sisters,-,Yes,580,-,145,116,7,3,-,-,blue,white,cute,Female,H-Striped,,ジャンパースカート,vestido de campo,vestido de campo,robe salopette,Jeanskleid,vestito salopette,점퍼스커트,1.0,2611,2687,tops_jumper_skirt,36C0,,,overall dress
064,palatial tank dress,,Sleeveless Dress,Able Sisters,Summer,Yes,640,-,160,128,8,3,-,Antique,white,yellow,iconic,Unisex,-,,ナイルなふく,vestido del Nilo,vestido del Nilo,robe d'été Nil,Oasen-Trägerkleid,scamiciato egizio,이집트풍 옷,1.0,2644,26BA,tops_nile,36F3,,,-
065,pastel-stripe dress,,Sleeveless Dress,Able Sisters,Summer,Yes,680,-,170,136,8,3,-,-,colorful,white,iconic,Female,H-Striped,,アメリカンなワンピース,vestido heladería,vestido heladería,robe d'été berlingot,Pastell-Trägerkleid,scamiciato pastello,아메리칸 원피스,1.0,2669,26DF,tops_american,3718,,,-
066,pharaoh's outfit,,Sleeveless Dress,Able Sisters,Summer,Yes,640,-,160,128,8,3,pharaoh,Antique,white,yellow,historical,Unisex,Manufactured,,エジプトのふく,vestido egipcio,vestido egipcio,tenue de pharaon,Pharao-Robe,vestito faraonico,파라오 옷,1.0,264D,26C3,tops_egyptian,36FC,,,pharaoh's outfit
067,pinafore,,Long Sleeve Dress,Able Sisters,-,Yes,580,-,145,116,7,3,-,Harmonious,white,beige,iconic,Female,-,,かっぽうぎ,vestido blanco,vestido blanco,robe tablier,Küchenkleid,vestito grembiulone,조리복,1.0,2618,268E,tops_kappougi,36C7,,,-
068,pink lace-up dress,,Long Sleeve Dress,GracieGrace,-,No,"7,200",-,"1,800",-,90,251,-,Fairy Tale,pink,pink,ornate,Female,-,,ロリータなワンピース,vestido muñequita,vestido muñequita,robe à lacets rose,Prinzessinnenkleid,vestito rosa lacci,핑크 레이스 원피스,1.0,2612,2688,tops_gothic_lollita,36C1,,,-
069,pink party dress,,Short Sleeve Dress,GracieGrace,-,No,"8,000",-,"2,000",-,100,299,-,Fairy Tale,pink,pink,official,Female,-,,ピンクパーティードレス,vestido fiesta rosa,vestido fiesta rosa,robe de soirée rose,Landpartiekleid,vestito lusso rosa,핑크 파티드레스,1.0,2616,268C,tops_party_pnk,36C5,,,-
070,pink polka dress,,Short Sleeve Dress,Able Sisters,-,Yes,620,-,155,124,7,3,-,-,pink,black,iconic,Female,-,,スパニッシュなワンピース,vestido flamenco,vestido flamenco,robe Espagne,Flamencokleid,vestito spagnolo,스페인풍 옷,1.0,2643,26B9,tops_spanish,36F2,,,-
071,pink-zap suit,,Long Sleeve Dress,Able Sisters,-,Yes,760,-,190,152,9,3,pink superheroine,Fairy Tale / Toy Shop,white,pink,sporty,Female,-,,ヒロインスーツ,supertraje rosa,supertraje rosa,tenue d'héroïne,Heldinnenkleid,vestito eroina,히어로 슈트 P,1.0,261E,2694,tops_hero_pnk,36CD,,,-
072,plaid cami dress,,Long Sleeve Dress,Able Sisters,-,Yes,600,-,150,120,7,3,-,-,black,gray,cute,Female,Plaid,,チェックのキャミワンピ,vestido tartán,vestido tartán,robe écossaise,Flanellkleid,vestito spalline,체크무늬 캐미솔 원피스,1.0,2619,268F,tops_camionp_check,36C8,,,-
073,plum coat,,Long Sleeve Dress,Able Sisters,Winter,Yes,800,-,200,160,10,3,-,-,red,white,ornate,Female,-,,ボアつきのコート,vestido ciruela,vestido ciruela,manteau prune,Lederkleid,giaccone prugna,털 달린 코트,1.0,2648,26BE,tops_coat_boa,36F7,,,plum coat
074,polka-dot dress,,Short Sleeve Dress,Able Sisters,-,Yes,"2,000",-,500,400,25,3,-,Trendy,red,white,cute,Female,Dotted,,みずたまワンピース,vestido motas,vestido motas,robe à pois rouge,Fliegenpilzkleid,vestito rosso a pois,물방울 원피스,1.0,264F,26C5,tops_onp_dot,36FE,,,polka-dot dress
075,Pompompurin dress,,Long Sleeve Dress,Marty's RV,-,No,-,-,250,-,12,300,-,Fairy Tale / Toy Shop,yellow,brown,cute,Female,Plaid,,ポムポムプリンなワンピ,vestido Pompompurin,vestido Pompompurin,habit Pompompurin,Pompompurin-Kleid,vestito Pompompurin,폼폼푸린 원피스,1.4,-,26EB,tops_snr_prinonp,3724,,,Pompompurin dress
076,poncho,,Long Sleeve Dress,Able Sisters,-,Yes,580,-,145,116,7,3,vaquero,-,brown,orange,iconic,Unisex,Nature,,ポンチョ,vestido mexicano,vestido mexicano,poncho,Poncho,poncho,판초,1.0,2645,26BB,tops_poncho,36F4,,,poncho
077,pop bloom dress,,Sleeveless Dress,Able Sisters,Summer,Yes,640,-,160,128,8,3,-,Rustic,green,red,flashy,Female,Nature,,ポップなはなのワンピース,vestido jardín,vestido jardín,robe d'été pop,Blumenbeetkleid,scamiciato sgargian.,발랄한 꽃무늬 원피스,1.0,2625,269B,tops_flw_pop,36D4,,,-
078,prep-school uniform,,Long Sleeve Dress,Able Sisters,-,Yes,760,-,190,152,9,3,-,-,brown,brown,official,Female,Plaid,,ローウェストワンピース,vestido escolar,vestido escolar,robe d'écolière,Schulkleid,vestito scolaretta,로웨이스트 원피스,1.0,2614,268A,tops_onp_lowwaist,36C3,,,-
079,prim outfit,,Long Sleeve Dress,Able Sisters,-,Yes,620,-,155,124,7,3,-,-,white,aqua,basic,Female,-,,せいそなアンサンブル,vestido recatado,vestido recatado,ensemble soigné,Adrett-Kleid,completo carino,청순한 원피스,1.0,2610,2686,tops_ensemble_clean,36BF,,,-
080,princess dress,,Short Sleeve Dress,Able Sisters,-,Yes,"1,000",-,250,200,12,3,-,Fairy Tale,aqua,blue,ornate,Female,-,,プリンセスなふく,vestido princesa,vestido princesa,robe de princesse,Rüschenkleid,vestito principessa,공주풍 옷,1.0,2641,26B7,tops_princes,36F0,,,-
081,Princess Zelda dress,,Long Sleeve Dress,W. Link's RV,-,No,-,-,250,-,12,300,-,Antique / Fairy Tale / Toy Shop,gray,pink,official,Female,-,,ゼルダひめのドレス,vestido de Zelda,vestido de Zelda,robe princesse Zelda,Zelda-Kleid,vestito princ. Zelda,젤다 공주 드레스,1.4,-,26E6,tops_nin_zelda,371F,,,-
082,red dress,,Long Sleeve Dress,Able Sisters,-,Yes,640,-,160,128,8,3,-,-,pink,pink,basic,Female,-,,シンプルなあかワンピ,vestido granate,vestido granate,robe rouge,Gute-Laune-Kleid,vestito rosso,심플한 빨간색 원피스,1.0,265A,26D0,tops_onp_smp_red,3709,,,-
083,red riding dress,,Long Sleeve Dress,Able Sisters,Fall,Yes,680,-,170,136,8,3,-,Fairy Tale,red,red,cute,Female,-,,あかずきんのふく,vestido caperucita,vestido caperucita,robe cavalière rouge,Reitkleid,vestito cappuccetto,빨간 망토,1.0,2637,26AD,tops_redhood,36E6,,,red riding dress
084,ribbon dress,,Short Sleeve Dress,Able Sisters,Spring,Yes,720,-,180,144,9,3,-,Fairy Tale,white,colorful,cute,Female,Nature,,リボンのワンピース,vestido lazos,vestido lazos,robe rubans,Schleifenkleid,vestito a fiocchi,리본 원피스,1.0,2630,26A6,tops_ribbon,36DF,,,-
085,rose tank dress,,Sleeveless Dress,Able Sisters,Summer,Yes,680,-,170,136,8,3,-,Rustic,white,red,cute,Female,Nature,,しろじのバラのワンピース,vestido rosal,vestido rosal,robe d'été rose,Rosen-Trägerkleid,scamiciato rose,하얀 바탕 장미 원피스,1.0,2628,269E,tops_flw_rosewht,36D7,,,-
086,rose-sky tank dress,,Sleeveless Dress,Able Sisters,Summer,Yes,680,-,170,136,8,3,-,Rustic,aqua,red,cute,Female,Nature,,あおじのバラのワンピース,vestido rosal azul,vestido rosal azul,robe d'été rose ciel,Tulpen-Trägerkleid,scamiciato rose blu,파란 바탕 장미 원피스,1.0,2629,269F,tops_flw_roseblu,36D8,,,-
087,sea captain's coat,,Long Sleeve Dress,Able Sisters,-,Yes,720,-,180,144,9,3,pirate,Antique / Toy Shop / Quirky,red,black,rock 'n' roll,Male,Nature,,かいぞくのコート,casaca pirata,casaca pirata,manteau de pirate,Piratenmantel,giaccone pirata,해적 코트,1.0,261D,2693,tops_pirates,36CC,,,-
088,shirtdress,,Long Sleeve Dress,Able Sisters,-,Yes,680,-,170,136,8,3,-,-,white,white,official,Female,-,,シャツワンピース,vestido camisero,vestido camisero,robe chemisier,Hemdkleid,vestito camicia,셔츠 원피스,1.0,2659,26CF,tops_onp_shirt,3708,,,-
089,silk bloom dress,,Sleeveless Dress,Able Sisters,Spring,Yes,680,-,170,136,8,3,-,Rustic,green,colorful,cute,Female,Nature,,はながらのゆうぜん,vestido lilas,vestido lilas,robe d'été en soie,Velours-Trägerkleid,scamiciato tenue,꽃무늬 자수 원피스,1.0,2624,269A,tops_flw_yuzen,36D3,,,-
090,sky dress,,Short Sleeve Dress,Able Sisters,-,Yes,640,-,160,128,8,3,-,-,white,aqua,official,Female,Nature,,ホーリーなふく,vestido cielo,vestido cielo,robe ciel,Himmelskleid,vestito cielo,경건한 옷,1.0,263A,26B0,tops_holly,36E9,,,sky dress
091,spring kimono,,Long Sleeve Dress,Able Sisters,Summer,Yes,800,-,200,160,10,3,-,Harmonious / Rustic,aqua,pink,iconic,Female,Nature,,はながらのゆかた,kimono primaveral,kimono primaveral,kimono printanier,Frühlings-Kimono,kimono estivo,꽃무늬 여름 기모노,1.0,2665,26DB,tops_yukata_flw,3714,,,-
092,star tank dress,,Sleeveless Dress,Able Sisters,Summer,Yes,720,-,180,144,9,3,-,-,colorful,white,flashy,Female,Nature,,スターなワンピース,vestido estrellas,vestido estrellas,robe d'été étoiles,Buntstern-Kleid,scamiciato stellare,별이 빛나는 원피스,1.0,2667,26DD,tops_ptn_star,3716,,,-
093,sweater dress,,Long Sleeve Dress,GracieGrace,Fall,No,"7,200",-,"1,800",-,90,299,-,-,beige,beige,cute,Female,Nature,,ニットワンピース,vestido de punto,vestido de punto,robe en laine,Strickkleid,vestito di lana,니트 원피스,1.0,2658,26CE,tops_onp_knit,3707,,,sweater dress
094,tan dogtooth dress,,Long Sleeve Dress,GracieGrace,Fall,No,"7,200",-,"1,800",-,90,299,-,-,brown,brown,iconic,Female,Plaid,,セピアなちどりワンピース,vestido sabueso,vestido sabueso,robe pied coq brune,Schokokleid,vestito zampetta,갈색 바람개비 원피스,1.0,260F,2685,tops_houndonp_sep,36BE,,,-
095,tartan-plaid outfit,,Short Sleeve Dress,GracieGrace,-,No,"8,000",-,"2,000",-,100,299,-,Fairy Tale / Toy Shop,black,red,cute,Female,-,,いまのアイドルなふく,traje tartán rombos,vestido tartán pijo,robe tartan,Schottenkarokleid,vestito tartan rosso,요즘 아이돌 옷,1.0,2657,26CD,tops_idol_10,3706,,,-
096,toga,,Sleeveless Dress,Able Sisters,Summer,Yes,640,-,160,128,8,3,-,Antique,white,white,iconic,Unisex,-,,ギリシャなふく,toga,toga,toge,Toga,toga,그리스풍 옷,1.0,263E,26B4,tops_toga,36ED,,,-
097,trench coat,,Long Sleeve Dress,GracieGrace,Winter,No,"5,200",-,"1,300",-,65,251,-,-,beige,beige,official,Unisex,-,,トレンチコート,gabardina,gabardina,pardessus,Trenchcoat,trench,트렌치코트,1.0,264C,26C2,tops_trenchcoat,36FB,,,trench coat
098,turnip dress,,Long Sleeve Dress,Able Sisters,-,Yes,620,-,155,124,7,3,-,-,green,white,cute,Female,Manufactured,,みどりのカーディガン,vestido rábano,vestido rábano,robe navet,Lodenkleid,vestito rapa,녹색 가디건,1.0,2635,26AB,tops_cardigan_grn,36E4,,,turnip dress
099,twinkle tank dress,,Sleeveless Dress,Able Sisters,Summer,Yes,720,-,180,144,9,3,-,-,blue,white,flashy,Female,Nature,,トゥインクルなワンピース,vestido brillos,vestido brillos,robe d'été brillante,Sternchenkleid,scamiciato notte,반짝이는 원피스,1.0,2668,26DE,tops_twinkle,3717,,,twinkle tank dress
100,U-R-here dress,,Short Sleeve Dress,Able Sisters,-,Yes,600,-,150,120,7,3,-,-,white,red,rock 'n' roll,Female,Manufactured,,やじるしのワンピース,vestido flecha,vestido flecha,robe flèche,Pfeilkleid,vestito sei qui,화살표 원피스,1.0,2660,26D6,tops_arrow,370F,,,-
101,vogue dress,,Short Sleeve Dress,Able Sisters,Spring,Yes,680,-,170,136,8,3,-,Rustic,pink,white,cute,Female,Nature,,はながらのワンピース,vestido florecillas,vestido florecillas,robe vogue,En-Vogue-Kleid,vestito chic,꽃무늬 원피스,1.0,2620,2696,tops_onp_flw,36CF,,,-
102,waitress dress,,Short Sleeve Dress,Able Sisters,-,Yes,800,-,200,160,10,3,-,-,pink,pink,official,Female,-,,ウェイトレスなふく,vestido pastel,vestido pastel,robe de serveuse,Pastellkleid,vestito cameriera,웨이트리스 유니폼,1.0,2640,26B6,tops_waitress,36EF,,,-
103,witch's robe,,Long Sleeve Dress,GracieGrace,-,No,"7,200",-,"1,800",-,90,251,witch,Quirky,black,purple,historical,Female,-,,まじょのローブ,vestido bruja,vestido bruja,robe de sorcière,Hexenumhang,vestito strega,마녀의 로브,1.0,2638,26AE,tops_witch,36E7,,,witch's robe
104,yellow dotted dress,,Short Sleeve Dress,GracieGrace,-,No,"7,200",-,"1,800",-,90,299,-,-,yellow,white,cute,Female,Dotted,,きいろみずたまワンピース,vestido miel,vestido miel,robe à pois jaune,Eiscreme-Kleid,vestito giallo pois,노란색 물방울 원피스,1.0,2617,268D,tops_dotonp_ylw,36C6,,,-
105,yellow raincoat,,Long Sleeve Dress,Able Sisters,-,Yes,640,-,160,128,8,3,-,-,yellow,yellow,cute,Unisex,-,,きいろいレインコート,impermeable amarillo,impermeable amarillo,ciré jaune,Regenmantel,impermeabile giallo,노란색 레인코트,1.0,265B,26D1,tops_raincoat_ylw,370A,,,-
106,yodel dress,,Short Sleeve Dress,Able Sisters,-,Yes,680,-,170,136,8,3,-,-,aqua,white,iconic,Female,Nature,,ノルディックなドレス,vestido pespunte,vestido pespunte,robe nordique,Jodelkleid,vestito yodel,노르딕풍 드레스,1.0,2636,26AC,tops_nordic,36E5,,,-
-,patched dress,,Long Sleeve Dress,Villagers,-,No,-,-,-400,-,-,51,-,Quirky,beige,gray,historical,Female,-,,ボロのワンピース,vestido remiendos,vestido remiendos,robe rapiécée,Flickenkleid,vestito rattoppato,낡은 원피스,1.0,2650,26C6,tops_patched,36FF,,,-