#,Name,Image,Texture,Source,Rarity Group,Reorderable,Buy Price (Bells),Buy Price (Medals),Sell Price (Re-Tail),Sell Price (Nooklings),Sell Price (Leila),HHA Base Points,HHA Series,HHA Theme Challenge,Color 1,Color 2,Fashion,Catalog Keyword,Name (Japanese),Name (Spanish NA),Name (Spanish EU),Name (French NA),Name (French EU),Name (German),Name (Italian),Name (Korean),Version Added,Hex ID (1.0),Hex ID (1.4),Model Filename,New To Series,Name (GCN),Name (WW),Name (CF),Name (NH),Name (HHD),Name (PC),Notes
001,alpine wall,,,Nooklings,D,Yes,"1,320",-,330,264,-,151,alpine,Rustic,gray,-,modern,,スカンジナビアなかべ,pared nórdica,pared nórdica,mur nordique,mur nordique,Nordtapete,muro nordico,스칸디나비아 벽지,1.0,23AD,23B7,wall_scandinavia,Yes,,,,,,alpine wall,
002,ancient wall,,,Saharah,-,No,"3,000",-,"2,300","1,840",-,951,-,Antique / Quirky,beige,beige,historical,,エジプトなかべ,pared egipcia,pared egipcia,mur hiéroglyphe,mur hiéroglyphe,Antikwand,muro egizio,이집트 벽지,1.0,2388,2392,wall_egypt,No,,,,ancient wall,,-,
003,arched window,,,Nooklings,B,Yes,"2,150",-,537,429,-,151,-,Antique,brown,-,iconic,,きれいなガラスのかべ,pared vidrieras,pared vidrieras,fenêtre cintrée,fenêtre cintrée,Bogenfensterwand,muro a volta,예쁜 창문 벽지,1.0,2385,238F,wall_glass,No,,,,,,arched window,
004,astro wall,,,Nooklings,A,Yes,"2,120",-,530,424,-,151,astro,Trendy / Sci-Fi / Toy Shop,orange,-,modern,,きんみらいなかべがみ,pared futurista,pared futurista,mur astro,mur astro,Astrotapete,muro futuro,미래형 벽지,1.0,23B1,23BB,wall_future,Yes,,,,,,-,
005,autumn wall,,,Saharah,-,No,"3,000",-,"1,700","1,360",-,951,-,Rustic,red,-,basic,,こうようのかべ,pared otoñal,pared otoñal,mur automne,mur automne,Herbstlaubtapete,muro autunnale,단풍 벽지,1.0,23B6,23C0,wall_autumun,Yes,,,,autumn wall,,autumn wall,
006,backgammon wall,,,Saharah,-,No,"3,000",-,"1,800","1,440",-,951,-,Toy Shop,green,green,sporty,,しょうぶのかべ,pared backgammon,pared backgammon,mur backgammon,mur backgammon,Backgammonwand,muro backgammon,승부사 벽지,1.0,2368,2372,wall_backgammon,No,,,,,,backgammon wall,
007,backyard fence,,,Nooklings,B,Yes,800,-,200,160,-,151,mossy garden,-,aqua,-,basic,,うらにわのかべ,valla jardín,valla jardín,clôture patio,clôture patio,Gartenzaun,muro steccato,뒷마당 벽지,1.0,235D,2367,wall_backyard,No,,,,backyard-fence wall,,backyard fence,
008,balloon wall,,,Balloons,-,No,-,-,450,360,-,351,balloon,Toy Shop,colorful,colorful,cute,,バルーンなかべがみ,pared globos,pared globos,mur ballons,mur ballons,Ballontapete,muro palloncini,풍선 벽지,1.0,23B0,23BA,wall_balloon,Yes,,,,,,balloon wall,
009,bamboo wall,,,Nooklings,A,Yes,"1,150",-,287,229,-,151,-,Harmonious / Rustic,green,-,basic,,バンブーなかべ,pared bambú,pared bambú,mur en bambou,mur en bambou,Bambuswand,muro bambù,대나무 벽지,1.0,2386,2390,wall_bamboo,No,,,,bamboo wall,,-,
010,bamboo-grove wall,,,Boots's RV,-,No,"2,400",-,600,480,-,151,-,Harmonious / Rustic,green,yellow,historical,,ちくりんのかべ,pared bosque bambú,pared bosque bambú,mur forêt de bambou,mur forêt de bambou,Bambuswaldtapete,muro canneto bambù,대나무 숲 벽지,1.4,-,23DA,wall_chikurin,,,,,bamboo-grove wall,,bamboo-grove wall,
011,basement wall,,,Saharah,-,No,"3,000",-,"1,875","1,500",-,951,-,Quirky,gray,gray,flashy,,ちかしつのかべ,pared sótano,pared sótano,mur de cave,mur de cave,Kellerwand,muro cantina,지하실 벽지,1.0,2379,2383,wall_basement,No,,,,,,basement wall,
012,basic wall,,,Louie's RV,-,No,"2,400",-,600,480,-,151,-,-,white,white,basic,,シンプルパネルのかべ,panel minimalista,panel minimalista,mur blanc,mur pans blancs,Minimalwand,muro pannelli bianco,심플 패널 벽지,1.4,-,23D1,wall_panel,,,,,basic wall,,basic wall,
013,bathhouse wall,,,Saharah,-,No,"3,000",-,"1,500","1,200",-,951,spa,Harmonious,blue,gray,historical,,せんとうのかべ,pared terma,pared terma,mur de bain,mur de bain,Badwand,muro terme,목욕탕 벽지,1.0,2362,236C,wall_publicbath,No,,,,bathhouse wall,,-,
014,blue tarp,,,Saharah,-,No,"3,000",-,"1,400","1,120",-,951,construction,Quirky,blue,blue,flashy,,ブルーシートかべ,pared lona azul,pared lona azul,bâche bleue,bâche bleue,Plane,muro telo blu,블루 시트 벽지,1.0,235B,2365,wall_bluesheet,No,,,,construction-site wall,,-,
015,blue wall,,,Nooklings,B,Yes,"1,260",-,315,252,-,151,blue,-,blue,-,basic,,あおいかべ,pared azul,pared azul,mur bleu,mur bleu,Azurtapete,muro blu,블루 벽지,1.0,2347,2351,wall_blue,No,,,,,,blue wall,
016,blue-trim wall,,,Nooklings,B,Yes,"1,420",-,355,284,-,151,-,-,blue,-,basic,,あおいタイルのかべ,pared cenefa,pared cenefa,mur frise bleue,mur frise bleue,Bortentapete,muro banda blu,블루 타일 벽지,1.0,236A,2374,wall_bluetile,No,,,,,,blue-trim wall,
017,butterfly wall,,,Nat,-,No,-,-,370,-,-,651,-,Toy Shop,colorful,colorful,cute,,バタフライのかべがみ,pared mariposa,pared mariposa,mur papillons,mur papillons,Schmetterlingstapete,muro farfalle,나비 벽지,1.0,23A7,23B1,wall_insect,Yes,,,,,,-,
018,cabana wall,,,Souvenir Shop,-,No,-,40,500,400,25,199,cabana,Harmonious,beige,beige,basic,,リゾートなかべ,pared mimbre,pared mimbre,mur rotin,mur rotin,Korbtapete,muro vimini,리조트 벽지,1.0,2346,2350,wall_resort,No,,,,,,cabana wall,
019,cabin wall,,,Nooklings,C,Yes,"1,200",-,300,240,-,151,cabin,Rustic,brown,-,iconic,,ログハウスのかべ,pared cabaña,pared cabaña,mur chalet,mur chalet,Blockhauswand,muro rustico,통나무집 벽지,1.0,234B,2355,wall_log,No,,,,cabin wall,,cabin wall,
020,café-curtain wall,,,Ellie's RV,-,No,"2,400",-,600,480,-,151,-,-,gray,aqua,cute,,カフェカーテンのかべ,pared cafetería,pared cafetería,mur rideaux de café,mur rideaux de café,Ladentapete,muro caffetteria,카페 커튼 벽지,1.4,-,23D8,wall_cafe,,,,,café-curtain wall,,café-curtain wall,
021,card wall,,,GracieGrace,-,No,"1,960",-,490,-,-,299,card,Toy Shop,red,white,cute,,トランプなかべがみ,pared naipes,pared naipes,mur cartes,mur cartes,Kartentapete,muro carte,트럼프 벽지,1.0,23AB,23B5,wall_trump,Yes,,,,,,-,
022,chain-link fence,,,Saharah,-,No,"3,000",-,"1,600","1,280",-,951,-,-,aqua,gray,historical,,あきちのかべ,cancha urbana,cancha urbana,mur grillagé,mur grillagé,Sandplatzmauer,muro con recinto,공터 벽지,1.0,2391,239B,wall_empty_lot,,,,,chain-link fence,,-,
023,cheese wall,,,Nooklings,D,Yes,"1,360",-,340,272,-,151,-,-,yellow,-,cute,,チーズなかべ,pared queso,pared queso,mur fromage,mur fromage,Käsetapete,muro formaggio,치즈 벽지,1.0,23B3,23BD,wall_cheese,,,,,,,-,
024,chic wall,,,Nooklings,D,Yes,"1,960",-,490,392,-,151,-,Antique,beige,-,historical,,クラシックなかべがみ,pared lujo,pared lujo,mur rustique,mur rustique,Omatapete,muro classico,차분한 벽지,1.0,236C,2376,wall_classic,,,,,chic wall,,chic wall,
025,Cinnamoroll wall,,,Chai's RV,-,No,-,-,"1,200",-,-,300,-,Fairy Tale,white,white,cute,,シナモロールなかべ,pared Cinnamoroll,pared Cinnamoroll,mur Cinnamoroll,mur Cinnamoroll,Cinnamoroll-Tapete,muro Cinnamoroll,시나모롤 벽지,1.4,-,23E2,wall_cinnamon,,,,,Cinnamoroll wall,,Cinnamoroll wall,
026,citrus wall,,,Nooklings,C,Yes,"1,120",-,280,224,-,151,-,Rustic,colorful,-,cute,,フルーツかべがみ,pared cítrica,pared cítrica,mur agrume,mur agrume,Zitrustapete,muro agrumi,오렌지 벽지,1.0,236E,2378,wall_citrus,,,,,,,-,
027,cityscape wall,,,Nooklings,B,Yes,"1,600",-,400,320,-,151,-,Trendy,purple,-,basic,,やけいのかべ,pared urbe,pared urbe,mur ville,mur ville,Großstadttapete,muro città,야경 벽지,1.0,2394,239E,wall_night_view,,,,,cityscape wall,,cityscape wall,
028,classic wall,,,Nooklings,C,Yes,"2,100",-,525,420,-,151,classic,Rustic,green,-,iconic,,シックなかべ,pared clásica,pared clásica,mur chic,mur chic,Klassiktapete,muro antico,클래식 벽지,1.0,2344,234E,wall_chic,,,,,,,classic wall,
029,classroom wall,,,Saharah,-,No,"3,000",-,"1,500","1,200",-,951,classroom,Sci-Fi,beige,green,iconic,,きょうしつのかべ,pared aula,pared aula,mur bicolore,mur bicolore,Schulraumwand,muro scuola,교실 벽지,1.0,2361,236B,wall_classroom,,,,,,,classroom wall,
030,common wall,,,Nooklings,A,Yes,"1,240",-,310,248,-,151,-,-,brown,-,basic,,よくあるかべがみ,pared básica,pared básica,mur ordinaire,mur ordinaire,Normaltapete,muro comune,평범한 벽지,1.0,2396,23A0,wall_common,,,,,common wall,,-,
031,concrete wall,,,Saharah,-,No,"3,000",-,"1,600","1,280",-,951,-,Trendy / Sci-Fi / Quirky,gray,-,modern,,コンクリートのかべ,pared cemento,pared cemento,mur en béton,mur en béton,Betonwand,muro cemento,콘크리트 벽지,1.0,2378,2382,wall_concrete,,,,,concrete wall,,concrete wall,
032,convenient wall,,,Filly's RV,-,No,-,-,210,-,-,0,-,-,-,-,-,,コンビニのかべ,pared súper,pared súper,mur supérette,mur supérette,Mini-Supermarktwand,muro negozio,편의점 벽지,1.0,23C0,23CA,wall_shop_conveni,,,,,,,-,unobtainable before 1.4
033,creepy wall,,,Jack,-,No,-,-,500,-,-,651,-,Quirky,purple,purple,flashy,,ホラーなかべがみ,pared pavorosa,pared pavorosa,mur lugubre,mur lugubre,Gruseltapete,muro horror,호러 벽지,1.0,2399,23A3,wall_horror,,,,,,,-,
034,desert vista,,,Saharah,-,No,"3,000",-,"2,250","1,800",-,951,-,-,aqua,beige,sporty,,さばくなかべ,pared desierto,pared desierto,vue désert,vue désert,Wüstenweitblick,muro deserto,사막 벽지,1.0,2390,239A,wall_desert,,,,,desert vista,,-,
035,dig-site wall,,,Museum Shop,-,Yes,"1,600",-,400,320,-,199,-,-,brown,yellow,sporty,,ちそうのかべがみ,pared yacimiento,pared yacimiento,mur fossiles,mur fossiles,Fossilientapete,muro archeologico,지층 벽지,1.0,23A0,23AA,wall_stratum,,,,,dig-site wall,,-,
036,dirt-clod wall,,,Nooklings,D,Yes,800,-,200,160,-,151,-,Quirky,brown,-,historical,,ボロいつちかべ,pared ruinosa,pared ruinosa,mur terreux,mur terreux,Schmutzwand,muro di terra,낡은 토벽 벽지,1.0,2395,239F,wall_soil_old,,,,,dirt-clod wall,,dirt-clod wall,
037,dotted wall,,,Nooklings,D,Yes,"1,840",-,460,368,-,151,polka-dot,Trendy,yellow,-,cute,,みずたまなかべがみ,pared topos,pared topos,mur à pois,mur à pois,Pünktchentapete,muro pois,물방울 벽지,1.0,239A,23A4,wall_dot_set,,,,,,,dotted wall,
038,egg wall,,,Zipper,-,No,-,-,"8,888",-,-,651,egg,Toy Shop,colorful,colorful,cute,,たまごのかべがみ,pared huevo,pared huevo,mur œuf,mur œuf,Eiertapete,muro uovo,달걀 벽지,1.0,2351,235B,wall_egg,,,,,,,egg wall,
039,exhibit-room wall,,,Custom Museum Rooms,-,No,-,-,100,80,-,499,-,-,white,white,basic,,てんじしつのかべ,pared exposición,pared exposición,mur salle d'expo,mur salle d'expo,Ausstellungstapete,muro esposizione,전시실 벽지,1.0,23BC,23C6,wall_museum_2F,,,,,,,-,
040,exotic wall,,,Nooklings,A,Yes,"1,420",-,355,284,-,151,exotic,Harmonious / Rustic,brown,-,iconic,,アジアなすだれ,pared exótica,pared exótica,mur teck,mur teck,Orient-Tapete,muro esotico,아시아 발,1.0,2342,234C,wall_asia,,,,,bamboo-screen wall,,exotic wall,
041,exquisite wall,,,Nooklings,D,Yes,"1,470",-,367,293,-,151,-,Harmonious / Antique,brown,-,iconic,,チャイナなかべ,pared exquisita,pared exquisita,mur magnifique,mur magnifique,Feudaltapete,muro raffinato,차이나 벽지,1.0,2389,2393,wall_china,,,,,exquisite wall,,-,
042,floral wall,,,Nooklings,A,Yes,"2,250",-,562,449,-,151,-,-,green,-,iconic,,コロニアルなラティス,pared palaciega,pared palaciega,mur de fleurs,mur de fleurs,Ornamenttapete,muro floreale,콜로니얼 벽지,1.0,237C,2386,wall_colonial,,,,,,,floral wall,
043,flower pop wall,,,Nooklings,D,Yes,"1,480",-,370,296,-,151,-,Rustic / Fairy Tale,colorful,-,cute,,フラワーなかべがみ,pared flores,pared flores,mur fleurs pop,mur fleurs pop,Blumentapete,muro fiori,플라워 벽지,1.0,23B2,23BC,wall_flower_pop,,,,,,,-,
044,forest wall,,,Near trees,-,No,-,-,420,336,-,351,mush,Rustic / Fairy Tale,purple,red,cute,,きのこのもりのかべ,pared bosque,pared bosque,mur forêt,mur forêt,Waldtapete,muro fungo,버섯숲 벽지,1.0,234F,2359,wall_mush,,,,,forest wall,,forest wall,
045,fruit-panel wall,,,Puzzle League,-,No,-,-,"1,200",-,-,551,-,Toy Shop,colorful,colorful,cute,,パネポンなかべがみ,pared Puzzle League,pared Puzzle League,mur Puzzle League,mur Puzzle League,Puzzleopolis-Tapete,muro Puzzle League,동물의 숲 패널로 퐁 벽지,1.4,-,23E7,wall_panepon,,,,,,,-,
046,Fueki wall,,,Holden's RV,-,No,-,-,"1,200",-,-,300,-,Toy Shop,yellow,red,rock 'n' roll,,フエキくんなかべがみ,pared Fueki,pared Fueki,mur Fueki,mur Fueki,Fueki-Wand,muro Fueki,후에키 벽지,1.4,-,23E8,wall_fueki,,,,,,,-,
047,garden wall,,,Saharah,-,No,"3,000",-,"1,600","1,280",-,951,-,Harmonious / Rustic / Quirky,brown,brown,iconic,,たけがきのかべ,pared jardín,pared jardín,clôture bambous,clôture bambous,Gartentapete,muro giardino,대나무 담장 벽지,1.0,2375,237F,wall_bamboo_fence,,,,,,,garden wall,
048,gold screen wall,,,Nooklings,A,Yes,"2,180",-,545,436,-,151,-,Harmonious,yellow,-,iconic,,きんぱくのふすま,pared oriental,pared oriental,mur paravent,mur paravent,Goldtür-Tapete,muro paravento d'oro,황금 미닫이 벽지,1.0,2372,237C,wall_gold_screen,,,,,gold-screen wall,,-,
049,golden wall,,,Cyrus,-,No,-,-,"15,000","12,000",-,1351,golden,Antique,yellow,yellow,historical,,おうごんのかべ,pared dorada,pared dorada,mur d'or,mur d'or,Goldtapete,muro d'oro,황금 벽지,1.0,239D,23A7,wall_gold,,,,,golden wall,,golden wall,
050,gorgeous wall,,,GracieGrace,-,No,"124,000",-,"31,000",-,-,251,gorgeous,Trendy,black,yellow,ornate,,ゴージャスなかべがみ,pared palacio,pared palacio,mur somptueux,mur somptueux,Luxustapete,muro divino,화려한 벽지,1.0,2358,2362,wall_gorgeous,,,,,,,-,
051,Gracie wallpaper,,,GracieGrace,-,No,"124,000",-,"31,000",-,-,251,Gracie,Trendy,white,green,modern,,グレースのかべがみ,pared Graciela,pared Graciela,mur Carla,mur Carla,Graziatapete,muro Griffa,그레이스 벽지,1.0,2356,2360,wall_grace,,,,,,,-,
052,green wall,,,Nooklings,B,Yes,"1,050",-,262,209,-,151,green,Rustic,green,-,basic,,みどりのかべがみ,pared verde,pared verde,mur vert,mur vert,Smaragdtapete,muro verde,그린 벽지,1.0,234A,2354,wall_green,,,,,,,green wall,
053,groovy wall,,,Nooklings,B,Yes,"1,280",-,320,256,-,151,-,Trendy,orange,-,flashy,,サイケなかべがみ,pared comedor,pared comedor,mur groovy,mur groovy,Irrsinnstapete,muro alla moda,사이키델릭 벽지,1.0,2367,2371,wall_psyche,,,,,groovy wall,,-,
054,hallway wall,,,Gonzo's RV,-,No,"2,400",-,600,480,-,151,-,Trendy,brown,yellow,basic,,ホールのかべ,pared pasillo,pared pasillo,mur hall,mur hall,Dielentapete,muro albergo,강당 벽지,1.4,-,23D2,wall_hall,,,,,hallway wall,,-,
055,harvest wall,,,Nooklings,-,Yes,"3,333",-,833,666,-,351,harvest,Fairy Tale,purple,purple,cute,,ハーベストなかべ,pared pavo,pared pavo,mur dindon,mur dindon,Herbsttapete,muro autunno,하베스트 벽지,1.0,2353,235D,wall_harvest,,,,,,,-,
056,Hello Kitty wall,,,Rilla's RV,-,No,-,-,"1,200",-,-,300,-,Fairy Tale,pink,pink,cute,,ハローキティなかべ,pared Hello Kitty,pared Hello Kitty,mur Hello Kitty,mur Hello Kitty,Hello-Kitty-Tapete,muro Hello Kitty,헬로키티 벽지,1.4,-,23DE,wall_kitty,,,,,Hello Kitty wall,,Hello Kitty wall,
057,Hyrule wall,,,Medli's RV,-,No,-,-,"1,200",-,-,300,-,Toy Shop,colorful,colorful,flashy,,ゼルダのでんせつなかべ,pared Hyrule,pared Hyrule,mur Zelda,mur Zelda,Hyrule-Tapete,muro Hyrule,젤다의 전설 벽지,1.4,-,23E4,wall_hyrule,,,,,,,-,
058,ice wall,,,Snowmam,-,No,-,-,"8,888",-,-,888,ice,Fairy Tale,aqua,white,cute,,アイスなかべがみ,pared hielo,pared hielo,mur glace,mur glace,Eistapete,muro ghiaccio,아이스 벽지,1.0,23A3,23AD,wall_ice,,,,,ice wall,,-,
059,illusion wall,,,Nooklings,A,Yes,"1,360",-,340,272,-,151,-,Trendy / Toy Shop,gray,-,rock 'n' roll,,だましえのかべ,pared quimera,pared quimera,mur illusion,mur illusion,3D-Tapete,muro illusione,눈속임 벽지,1.0,238D,2397,wall_illusion,,,,,,,-,
060,imperial wall,,,Nooklings,A,Yes,"2,660",-,665,532,-,151,-,Harmonious / Antique,colorful,-,official,,おうちょうのかべ,pared imperial,pared imperial,mur shogun,mur shogun,Samuraitapete,muro imperiale,왕조 벽지,1.0,2384,238E,wall_dynasty,,,,,imperial wall,,-,
061,industrial wall,,,Nooklings,D,Yes,"1,800",-,450,360,-,151,-,Sci-Fi / Quirky,gray,gray,rock 'n' roll,,ファクトリーなかべ,pared industrial,pared industrial,mur d'usine,mur d'usine,Industriewand,muro industriale,팩토리 벽지,1.0,238B,2395,wall_factory,,,,,industrial wall,,-,
062,Inkopolis wall,,,Cece's RV,-,No,-,-,"1,200",-,-,300,-,Toy Shop,purple,yellow,rock 'n' roll,,ニューススタジオのかべ,pared Cromópolis,pared Cromópolis,mur TV-Chromapolis,mur TV-Chromapolis,Inkopolis-Tapete,muro TV Coloropoli,뉴스 스튜디오 벽지,1.4,-,23E6,wall_highcollar_studio,,,,,,,-,
063,ink-splattered wall,,,Inkwell's RV,-,No,-,-,"1,200",-,-,300,-,Toy Shop,colorful,colorful,rock 'n' roll,,インクまみれのかべ,pared Splatoon,pared Splatoon,mur encré,mur encré,Tintenkleckstapete,muro splattato,잉크 범벅 벽지,1.4,-,23E5,wall_splatoon,,,,,,,-,
064,ivy wall,,,Nooklings,A,Yes,"1,250",-,312,249,-,151,-,Rustic / Quirky,brown,-,historical,,つたのかべ,pared hiedra,pared hiedra,mur de lierre,mur de lierre,Efeumauer,muro edera,덩굴 벽지,1.0,2387,2391,wall_ivy,,,,,ivy wall,,ivy wall,
065,Jingle wall,,,Nooklings,-,Yes,"4,896",-,"1,224",979,-,351,Jingle,Toy Shop,green,brown,cute,,クリスマスなかべ,pared festiva,pared festiva,mur festif,mur festif,Festtagstapete,muro Jingle,크리스마스 벽지,1.0,2354,235E,wall_xmas,,,,,Jingle wall,,Jingle wall,
066,jungle wall,,,Museum Shop,-,Yes,"1,600",-,400,320,-,199,-,Rustic,green,green,sporty,,ジャングルのかべがみ,pared jungla,pared jungla,mur jungle,mur jungle,Dschungeltapete,muro giungla,정글 벽지,1.0,239E,23A8,wall_jungle,,,,,jungle wall,,jungle wall,
067,Kerokerokeroppi wall,,,Toby's RV,-,No,-,-,"1,200",-,-,300,-,Fairy Tale,green,green,cute,,けろけろけろっぴなかべ,pared jardín zen,pared jardín zen,mur Kerokerokeroppi,mur Kerokerokeroppi,Teich-Wand,muro Kerokerokeroppi,케로케로케로피 벽지,1.4,-,23E3,wall_keroppi,,,,,Kerokerokeroppi wall,,Kerokerokeroppi wall,
068,kiddie wall,,,Nooklings,C,Yes,"1,500",-,375,300,-,151,kiddie,Toy Shop,colorful,-,cute,,カラフルなかべ,pared puzle,pared puzle,mur enfant,mur enfant,Kindertapete,muro bimbi,컬러풀 벽지,1.0,234C,2356,wall_colorful,,,,,,,kiddie wall,
069,Kiki and Lala wall,,,Étoile's RV,-,No,-,-,"1,200",-,-,300,-,Fairy Tale,pink,white,cute,,キキ&ララなかべ,pared Kiki & Lala,pared Kiki & Lala,mur Kiki & Lala,mur Kiki & Lala,Kika-&-Lala-Tapete,muro Kiki and Lala,리틀 트윈 스타 벽지,1.4,-,23E1,wall_kikilala,,,,,Kiki & Lala wall,,Kiki and Lala wall,
070,kitchen wall,,,Nooklings,B,Yes,"1,120",-,280,224,-,151,-,-,orange,-,historical,,キッチンのかべ,pared cocina,pared cocina,rideau de perles,rideau de perles,Verandatapete,muro cucina,부엌 벽지,1.0,237D,2387,wall_kitchen,,,,,,,kitchen wall,
071,kitschy wall,,,Nooklings,C,Yes,"1,240",-,310,248,-,151,-,Trendy,colorful,-,cute,,キッチュなかべがみ,pared kitsch,pared kitsch,mur kitsch,mur kitsch,70er-Tapete,muro kitsch,어지러운 벽지,1.0,2366,2370,wall_kitsch,,,,,,,-,
072,lab wall,,,Nooklings,D,Yes,"1,460",-,365,292,-,151,mad scientist,Sci-Fi / Quirky,gray,-,rock 'n' roll,,じっけんしつのかべ,psicopared,psicopared,mur labo,mur labo,Laborwand,muro laboratorio,실험실 벽지,1.0,2360,236A,wall_labo,,,,,,,-,
073,lattice wall,,,Nooklings,B,Yes,"1,780",-,445,356,-,151,-,Harmonious,brown,-,iconic,,オリエンタルラティス,pared celosía,pared celosía,mur tonnelle,mur tonnelle,Pavillonwand,muro a rete,오리엔탈 벽지,1.0,2382,238C,wall_oriental,,,,,lattice wall,,-,
074,library wall,,,Nooklings,C,Yes,"1,680",-,420,336,-,151,-,Quirky,gray,-,historical,,ほんだなのかべ,pared biblioteca,pared biblioteca,mur bibliothèque,mur bibliothèque,Bücherwand,muro biblioteca,책장 벽지,1.0,238C,2396,wall_library,,,,,,,-,
075,lovely wall,,,Nooklings,B,Yes,"1,880",-,470,376,-,151,lovely,Fairy Tale,pink,-,cute,,ラブリーかべがみ,pared corazón,pared corazón,mur cœur,mur cœur,Herzchentapete,muro cuori,러블리 벽지,1.0,2343,234D,wall_lovely,,,,,,,lovely wall,
076,lunar horizon,,,Saharah,-,No,"3,000",-,"1,900","1,520",-,951,space,Sci-Fi,blue,black,cute,,ほしぞらのかべ,horizonte lunar,horizonte lunar,décor lunaire,décor lunaire,Sternenhimmel,muro lunare,별이 빛나는 벽지,1.0,235A,2364,wall_starsky,,,,,starry-sky wall,,lunar horizon,
077,magma-cavern wall,,,Felyne's RV,-,No,-,-,600,-,-,300,-,Sci-Fi / Toy Shop,orange,brown,flashy,,かざんどうくつのかべ,pared volcánica,pared volcánica,mur volcan,mur volcan,Vulkantapete,muro vulcano,화산 동굴 벽지,1.4,-,23DC,wall_volcano,,,,,magma-cavern wall,,-,
078,manor wall,,,Nooklings,D,Yes,"1,050",-,262,209,-,151,-,-,white,-,basic,,まちやくばのかべ,pared mansión,pared mansión,mur de manoir,mur de manoir,Herrenhauswand,muro signorile,마을사무소 벽지,1.0,237F,2389,wall_manor,,,,,,,-,
079,marine pop wall,,,Chip,-,No,-,-,410,328,-,651,-,Toy Shop,colorful,colorful,cute,,おサカナのかべ,pared peces,pared peces,mur marin pop,mur marin pop,Aquatapete,muro mare pop,물고기 벽지,1.0,23A2,23AC,wall_fish_pop,,,,,marine pop wall,,marine pop wall,
080,maze wall,,,Nooklings,D,Yes,"1,480",-,370,296,-,151,-,Trendy / Sci-Fi / Toy Shop,white,-,cute,,ラビリンスなかべ,pared laberinto,pared laberinto,mur labyrinthe,mur labyrinthe,Labyrinthtapete,muro labirinto,미로 벽지,1.0,23B5,23BF,wall_maze,,,,,,,-,
081,meadow vista,,,Saharah,-,No,"3,000",-,"2,000","1,600",-,951,-,Rustic,green,aqua,sporty,,こうげんなかべ,pared prado,pared prado,vue prairie,vue prairie,Alpenblick,muro con prato,초원 벽지,1.0,238E,2398,wall_highlands,,,,,meadow vista,,-,
082,mermaid wall,,,Souvenir Shop,-,No,-,40,500,400,25,99,mermaid,Fairy Tale,aqua,-,cute,,マーメイドなかべ,pared sirena,pared sirena,mur sirène,mur sirène,Nixentapete,muro sirena,머메이드 벽지,1.0,23A9,23B3,wall_mermaid,,,,,mermaid wall,,-,
083,mod wall,,,Nooklings,A,Yes,"1,200",-,300,240,-,151,-,Trendy,orange,-,historical,,キャッチーなかべ,pared psicodelia,pared psicodelia,mur psyché,mur psyché,Modetapete,muro optical,장난기 넘치는 벽지,1.0,2365,236F,wall_mod,,,,,mod wall,,-,
084,modern screen,,,Nooklings,C,Yes,"1,150",-,287,229,-,151,-,Harmonious / Rustic / Trendy,white,-,modern,,モダンなしょうじ,pared japonesa,pared japonesa,mur papier de riz,mur papier de riz,Shoji-Wand (modern),muro orientale,모던 창호지 벽지,1.0,2374,237E,wall_shoji_modern,,,,,modern shoji-screen wall,,modern screen,
085,modern wall,,,Nooklings,D,Yes,"1,450",-,362,289,-,151,modern,Trendy,gray,-,official,,ツートンなかべがみ,pared moderna,pared moderna,mur moderne,mur moderne,Schachtapete,muro moderno,투톤 벽지,1.0,2348,2352,wall_mono,,,,,,,modern wall,
086,modern wood wall,,,Nooklings,B,Yes,"1,480",-,370,296,-,151,modern wood,Rustic / Trendy,brown,-,modern,,ミックスウッドのかべ,pared listones,pared listones,mur bois moderne,mur bois moderne,Buntholzwand,muro legno,믹스우드 벽지,1.0,23A8,23B2,wall_mixwood,,,,,modern wood wall,,modern wood wall,
087,mortar wall,,,Saharah,-,No,"3,000",-,"1,750","1,400",-,951,-,Harmonious,gray,white,historical,,しっくいのへい,muro piedra,muro piedra,mur mortier,mur mortier,Ziegelmauer,muro stagno,기와 돌담 벽지,1.0,2376,2380,wall_plaster,,,,,mortar wall,,-,
088,mosaic wall,,,Nooklings,B,Yes,"2,100",-,525,420,-,151,-,Antique,colorful,-,iconic,,モザイクタイルのかべ,pared mosaico,pared mosaico,mur mosaïque,mur mosaïque,Mosaikwand,muro mosaico,모자이크 타일 벽지,1.0,2369,2373,wall_mosaic,,,,,,,mosaic wall,
089,museum wall,,,Museum Shop,-,Yes,"2,000",-,500,400,-,199,-,-,white,gray,iconic,,ミュージアムなかべ,pared museo,pared museo,mur musée,mur musée,Museumstapete,muro museo,뮤지엄 벽지,1.0,23BD,23C7,wall_museum_art,,,,,museum wall,,-,
090,mushroom mural,,,Fortune,-,No,-,-,210,-,-,151,Mario,Toy Shop,aqua,aqua,cute,,スーパーマリオのかべ,pared setas,pared setas,mur Mario,mur Mario,Pilztapete,muro dei funghi,슈퍼 마리오 벽지,1.0,2398,23A2,wall_mario,,,,,mushroom mural,,-,
091,music-room wall,,,Saharah,-,No,"3,000",-,"1,600","1,280",-,951,-,-,beige,beige,basic,,おんがくしつのかべ,pared estudio,pared estudio,mur studio,mur studio,Dämmwand,muro sala musica,음악실 벽지,1.0,237E,2388,wall_music_room,,,,,,,-,
092,My Melody wall,,,Chelsea's RV,-,No,-,-,"1,200",-,-,300,-,Fairy Tale,white,pink,cute,,マイメロディなかべ,pared My Melody,pared My Melody,mur My Melody,mur My Melody,My-Melody-Tapete,muro My Melody,마이 멜로디 벽지,1.4,-,23DF,wall_mymelody,,,,,My Melody wall,,My Melody wall,
093,neutral wall,,,Nooklings,A,Yes,"1,200",-,300,240,-,151,minimalist,Trendy,white,white,basic,,シンプルなかべがみ,pared minimalista,pared minimalista,mur neutre,mur neutre,Minimaltapete,muro minimalista,심플한 벽지,1.0,23AE,23B8,wall_simple,,,,,white simple-cloth wall,,neutral wall,
094,notebook wall,,,DLC,-,Yes,"23,760",-,"5,940","4,752",-,300,-,Trendy,white,white,basic,,Campusかべがみ,pared libreta,pared libreta,mur agenda,mur agenda,Notizbuchwand,muro quaderni,노트 벽지,1.0,23BE,23C8,wall_note,,,,,,,-,
095,ocean-horizon wall,,,Desert Island Escape,-,No,-,-,600,-,-,551,-,-,aqua,white,basic,,すいへいせんのかべ,pared horizonte,pared horizonte,mur horizon marin,mur horizon marin,Ozeantapete,muro veduta marina,수평선 벽지,1.4,-,23DD,wall_horizon,,,,,ocean-horizon wall,,ocean-horizon wall,
096,office wall,,,Saharah,-,No,"3,000",-,"1,750","1,400",-,951,-,Trendy,gray,gray,basic,,オフィスのかべ,pared oficina,pared oficina,mur pro,mur pro,Fenstertapete,muro d'ufficio,오피스 벽지,1.0,2380,238A,wall_office,,,,,office wall,,office wall,
097,old brick wall,,,Nooklings,D,Yes,"1,200",-,300,240,-,151,-,Quirky,brown,-,historical,,ふるいレンガのかべ,pared ladrillos,pared ladrillos,mur de briques,mur de briques,Backsteinwand,muro mattoni,옛날 벽돌 벽지,1.0,2370,237A,wall_old_brick,,,,,,,-,
098,ornate wall,,,Nooklings,D,Yes,"1,580",-,395,316,-,151,-,Rustic / Fairy Tale,green,-,iconic,,くさばなのかべがみ,pared decó,pared decó,mur ornementé,mur ornementé,Schmucktapete,muro fregiato,풀꽃 벽지,1.0,236D,2377,wall_grass,,,,,,,ornate wall,
099,paintball wall,,,Museum Shop,-,Yes,"1,600",-,400,320,-,199,-,Toy Shop,colorful,colorful,modern,,アトリエのかべがみ,pared pintura,pared pintura,mur paintball,mur paintball,Farbkleckstapete,muro atelier,아틀리에 벽지,1.0,23A1,23AB,wall_paints,,,,,paintball wall,,-,
100,palace wall,,,Nooklings,C,Yes,"2,000",-,500,400,-,151,-,Antique,white,-,ornate,,きゅうでんのかべ,pared palacete,pared palacete,mur palais,mur palais,Palasttapete,muro colonne,궁전 벽지,1.0,23B7,23C1,wall_palace,,,,,palace wall,,palace wall,
101,parlor wall,,,Nooklings,A,Yes,"1,120",-,280,224,-,151,-,Rustic / Fairy Tale,pink,-,cute,,はながらのかべがみ,pared fucsia,pared fucsia,mur petit salon,mur petit salon,Salontapete,muro salotto,꽃무늬 벽지,1.0,2364,236E,wall_flower,,,,,,,parlor wall,
102,party wall,,,Nooklings,C,Yes,"1,480",-,370,296,-,151,-,Fairy Tale / Toy Shop,colorful,colorful,cute,,パーティーなかべがみ,pared fiestera,pared fiestera,mur fête,mur fête,Partytapete,muro festa,파티 벽지,1.0,23B8,23C2,wall_party,,,,,party wall,,-,
103,pastel-dot wall,,,Nooklings,C,Yes,"1,480",-,370,296,-,151,-,Trendy,colorful,-,cute,,パステルドットのかべがみ,pared pastel,pared pastel,mur pastel,mur pastel,Pastelltapete,muro pastello,파스텔 도트 벽지,1.0,2363,236D,wall_dot,,,,,,,-,
104,Pavé wall,,,Pavé,-,No,-,-,"1,800",-,-,651,Pavé,Trendy,white,blue,modern,,カーニバルのかべ,pared Conga,pared Conga,mur carnaval,mur carnaval,Karnevalstapete,muro Pavão,카니발 벽지,1.0,2350,235A,wall_carnival,,,,,,,-,
105,paw-print wall,,,Nooklings,B,Yes,"1,560",-,390,312,-,151,-,-,beige,-,cute,,にくきゅうなかべがみ,pared huellas,pared huellas,mur pattes,mur pattes,Pfötchentapete,muro impronte,발자국 벽지,1.0,23B9,23C3,wall_footmark,,,,,paw-print wall,,paw-print wall,
106,plaster wall,,,Nooklings,C,Yes,880,-,220,176,-,151,-,Harmonious,green,-,iconic,,きいろのつちかべ,pared estucada,pared estucada,crépi jaune,crépi jaune,Gipswand,muro intonaco,노란 토담 벽지,1.0,236B,2375,wall_soil_ylw,,,,,,,plaster wall,
107,playroom wall,,,Nooklings,C,Yes,"1,320",-,330,264,-,151,nursery,Toy Shop,blue,-,cute,,おもちゃなかべがみ,pared guardería,pared guardería,mur salle de jeu,mur salle de jeu,Spieltapete,muro giochi,장난감 벽지,1.0,235E,2368,wall_toy,,,,,blue playroom wall,,playroom wall,
108,plaza wall,,,Nooklings,A,Yes,"1,960",-,490,392,-,151,-,Antique,white,-,iconic,,ヨーロピアンなかべ,pared plaza,pared plaza,mur plaza,mur plaza,Gitterwand,muro piazza,유러피언 벽지,1.0,2381,238B,wall_european,,,,,,,-,
109,polka-dot wall,,,Lottie's RV,-,No,"4,800",-,"1,200",-,-,151,-,Toy Shop,aqua,pink,cute,,みずたまリボンかべがみ,pared topos,pared topos,mur pois et nœuds,mur pois et nœuds,Pünktchenbandtapete,muro pois e fiocchi,물방울 리본 벽지,1.4,-,23EA,wall_otg,,,,,,,-,
110,Pompompurin wall,,,Marty's RV,-,No,-,-,"1,200",-,-,300,-,Fairy Tale,yellow,brown,cute,,ポムポムプリンなかべ,pared Pompompurin,pared Pompompurin,mur Pompompurin,mur Pompompurin,Pompompurin-Tapete,muro Pompompurin,폼폼푸린 벽지,1.4,-,23E0,wall_purin,,,,,Pompompurin wall,,Pompompurin wall,
111,princess wall,,,GracieGrace,-,No,"124,000",-,"31,000",-,-,251,princess,Antique / Fairy Tale,white,aqua,ornate,,プリンセスかべがみ,pared princesa,pared princesa,mur princesse,mur princesse,Prachttapete,muro contessa,프린세스 벽지,1.0,2355,235F,wall_princess,,,,,,,-,
112,ramshackle wall,,,Nooklings,A,Yes,"1,200",-,300,240,-,151,-,Quirky,gray,-,flashy,,はいきょのかべ,pared ruinas,pared ruinas,mur délabré,mur délabré,Ruinentapete,muro diroccato,폐허 벽지,1.0,239B,23A5,wall_ruins,,,,,ramshackle wall,,-,
113,ranch wall,,,Nooklings,B,Yes,"1,450",-,362,289,-,151,ranch,Rustic,pink,-,iconic,,カントリーなかべがみ,pared rústica,pared rústica,mur ranch,mur ranch,Western-Tapete,muro country,컨트리 벽지,1.0,2345,234F,wall_country,,,,,,,ranch wall,
114,red tile wall,,,Nooklings,D,Yes,"1,680",-,420,336,-,151,-,Trendy,brown,-,iconic,,ハニカムタイルのかべ,pared panal,pared panal,mur carrelé rouge,mur carrelé rouge,Tonkachelwand,muro esagoni,벌집무늬 벽지,1.0,23B4,23BE,wall_tile_honeycomb,,,,,,,red tile wall,
115,regal wall,,,Nooklings,D,Yes,"2,240",-,560,448,-,151,regal,Antique / Fairy Tale,green,-,ornate,,ロイヤルなかべがみ,pared regia,pared regia,mur royal,mur royal,Royaltapete,muro chic,럭셔리 벽지,1.0,2349,2353,wall_royal,,,,,,,regal wall,
116,rice-paddy wall,,,Tad's RV,-,No,"2,400",-,600,480,-,151,-,Harmonious / Rustic,aqua,green,historical,,でんえんふうけいのかべ,pared arrozal,pared arrozal,mur rizière,mur rizière,Savannentapete,muro cielo risaia,논밭 풍경 벽지,1.4,-,23DB,wall_farm,,,,,rice-paddy wall,,rice-paddy wall,
117,ringside seating,,,Saharah,-,No,"3,000",-,"2,250","1,800",-,951,boxing,-,colorful,colorful,sporty,,プロレスのかべ,pared boxeo,pared boxeo,mur gymnase,mur gymnase,Publikum,muro con platea,프로 레슬링 벽지,1.0,235C,2366,wall_wrestling,,,,,ringside seating,,-,
118,robo-wall,,,Nooklings,C,Yes,"1,780",-,445,356,-,151,robo,Sci-Fi / Toy Shop,gray,-,modern,,ロボのかべがみ,robopared,robopared,mur robot,mur robot,Robo-Tapete,muro robot,로봇 벽지,1.0,234D,2357,wall_robo,,,,,robo-wall,,-,
119,rococo wall,,,Nooklings,C,Yes,"2,240",-,560,448,-,151,rococo,Antique / Fairy Tale,white,-,ornate,,ロココなかべがみ,pared rococó,pared rococó,mur rococo,mur rococo,Rokoko-Tapete,muro rococò,로코코 벽지,1.0,23A6,23B0,wall_rococo,,,,,,,rococo wall,
120,rose wall,,,Nooklings,B,Yes,"2,240",-,560,448,-,151,-,Rustic / Fairy Tale,orange,-,cute,,バラのかべがみ,pared rosas,pared rosas,mur de roses,mur de roses,Rosentapete,muro rosato,장미 벽지,1.0,236F,2379,wall_rose,,,,,rose wall,,rose wall,
121,sci-fi wall,,,Saharah,-,No,"3,000",-,"1,500","1,200",-,951,sci-fi,Sci-Fi / Toy Shop,black,black,modern,,うちゅうせんのかべ,pared nave espacial,pared nave espacial,mur science-fiction,mur science-fiction,Raumschifftapete,muro astronave,우주선 벽지,1.0,23A5,23AF,wall_sf,,,,,sci-fi wall,,-,
122,sea view,,,Pascal,-,No,-,-,"1,000",800,-,351,pirate ship,-,blue,-,sporty,,おおうなばらのかべ,vista marina,vista marina,mur front de mer,mur front de mer,Seeblicktapete,muro sul mare,바다 벽지,1.0,235F,2369,wall_sea_view,,,,,sea view,,sea view,
123,shanty wall,,,Nooklings,C,Yes,800,-,200,160,-,151,-,Quirky,gray,-,historical,,トタンのかべ,pared choza,pared choza,mur baraquement,mur baraquement,Wellblechwand,muro capanna,철판 벽지,1.0,237A,2384,wall_tin,,,,,,,-,
124,shoji screen,,,Saharah,-,No,"3,000",-,"1,875","1,500",-,951,-,Harmonious,beige,white,iconic,,しょうじ,pared shoji,pared shoji,mur shôji,mur shôji,Shoji-Wand,muro shoji,창호지 벽지,1.0,2371,237B,wall_shoji,,,,,shoji screen,,shoji screen,
125,ski-slope wall,,,Snowman,-,No,-,-,390,-,-,88,-,-,white,white,sporty,,ゲレンデなかべがみ,pared esquí,pared esquí,mur piste de ski,mur piste de ski,Skipistentapete,muro pista da sci,슬로프 벽지,1.0,23AF,23B9,wall_gelande,,,,,ski-slope wall,,-,
126,sky wall,,,Nooklings,B,Yes,"1,200",-,300,240,-,151,-,-,blue,-,cute,,くものうえのかべ,pared cielo,pared cielo,mur ciel,mur ciel,Himmeltapete,muro cielo,구름 위 벽지,1.0,2393,239D,wall_cloud,,,,,sky wall,,sky wall,
127,skyscraper wall,,,Saharah,-,No,"3,000",-,"2,100","1,680",-,951,-,Trendy,aqua,-,sporty,,まてんろうのかべ,pared rascacielos,pared rascacielos,mur gratte-ciel,mur gratte-ciel,Wolkenkratzertapete,muro grattacieli,마천루 벽지,1.0,23BB,23C5,wall_skyscraper,,,,,skyscraper wall,,skyscraper wall,
128,sleek wall,,,Nooklings,A,Yes,"1,540",-,385,308,-,151,sleek,Trendy / Sci-Fi,black,-,modern,,パイプなカーテンのかべ,pared tubos,pared tubos,mur design,mur design,Designertapete,muro design,파이프 벽지,1.0,23AA,23B4,wall_pipe,,,,,,,sleek wall,
129,sloppy wall,,,Re-Tail,-,No,800,-,200,160,-,151,sloppy,Quirky,pink,pink,flashy,,だらしないかべ,pared desorden,pared desorden,mur négligé,mur négligé,Schlampertapete,muro trasandato,칠칠치 못한 벽지,1.0,23A4,23AE,wall_loose,,,,,,,-,
130,snowman wall,,,Snowboy,-,No,-,-,"8,888",-,-,88,snowman,Fairy Tale,blue,white,cute,,ゆきだるまのかべがみ,pared nieve,pared nieve,mur Yétiti,mur Yétiti,Schneemanntapete,muro neve,눈사람 벽지,1.0,234E,2358,wall_snowman,,,,,,,snowman wall,
131,spooky wall,,,Nooklings,-,Yes,"4,124",-,"1,031",824,-,351,spooky,Quirky,purple,orange,flashy,,ハロウィンのかべがみ,pared calabaza,pared calabaza,mur Halloween,mur Halloween,Kürbistapete,muro brividi,할로윈 벽지,1.0,2352,235C,wall_halloween,,,,,spooky wall,,-,
132,sporty wall,,,Saharah,-,No,"3,000",-,"1,600","1,280",-,951,-,-,aqua,-,sporty,,うんどうかいのかべ,pared estadio,pared estadio,mur sport,mur sport,Sportwand,muro sportivo,운동회 벽지,1.0,239C,23A6,wall_sports_day,,,,,,,-,
133,stadium wall,,,Sprocket's RV,-,No,"2,400",-,600,480,-,151,-,Toy Shop,aqua,gray,rock 'n' roll,,スタジアムのかべ,pared graderío,pared graderío,mur stade,mur stade,Stadiontapete,muro stadio,스타디움 벽지,1.4,-,23D4,wall_stadium,,,,,stadium wall,,-,
134,stately wall,,,Nooklings,C,Yes,"2,450",-,612,489,-,151,-,Antique,orange,-,ornate,,ルネッサンスなかべ,pared majestuosa,pared majestuosa,mur ouvragé,mur ouvragé,Wandverkleidung,muro solenne,르네상스 벽지,1.0,2383,238D,wall_renaissance,,,,,stately wall,,-,
135,steel-frame wall,,,Ike's RV,-,No,"2,400",-,600,480,-,151,-,Sci-Fi,red,gray,rock 'n' roll,,てっこつのかべ,pared viga de hierro,pared viga de hierro,mur poutres en fer,mur poutres en fer,Eisengittertapete,muro struttura ferro,철근 벽지,1.4,-,23D7,wall_steel,,,,,steel-frame wall,,steel-frame wall,
136,stone wall,,,Nooklings,A,Yes,800,-,200,160,-,151,-,Quirky,brown,-,basic,,いしのかべ,pared piedra,pared piedra,mur de pierre,mur de pierre,Steinwand,muro pietra,돌담 벽지,1.0,2377,2381,wall_stone,,,,,stone wall,,stone wall,
137,stripe wall,,,Nooklings,C,Yes,"1,480",-,370,296,-,151,stripe,Trendy,gray,-,sporty,,ストライプなかべがみ,pared rayas,pared rayas,mur rayures,mur rayures,Streifentapete,muro strisce,스트라이프 벽지,1.0,23AC,23B6,wall_stripe,,,,,,,-,
138,summit wall,,,Saharah,-,No,"3,000",-,"2,100","1,680",-,951,-,Rustic,aqua,-,sporty,,さんちょうのかべ,pared cumbre,pared cumbre,mur montagnes,mur montagnes,Gipfeltapete,muro montagne,산 정상 벽지,1.0,23BA,23C4,wall_mountaintop,,,,,summit wall,,summit wall,
139,sweets wall,,,GracieGrace,-,No,"124,000",-,"31,000",-,-,251,sweets,Fairy Tale,brown,brown,cute,,おかしのいえのかべ,pared chuches,pared chuches,mur bonbons,mur bonbons,Süßtapete,muro dolci,과자집 벽지,1.0,2357,2361,wall_sweets,,,,,,,sweets wall,
140,tearoom wall,,,Nooklings,D,Yes,"1,750",-,437,349,-,151,-,Harmonious / Quirky,brown,-,iconic,,ちゃしつなかべ,pared sala de té,pared sala de té,mur salon de thé,mur salon de thé,Teezimmerwand,muro maschere,다도실 벽지,1.0,2373,237D,wall_tea_room,,,,,standard tearoom wall,,-,
141,tent wall,,,Nooklings,B,Yes,"1,480",-,370,296,-,151,-,Antique,beige,-,iconic,,アラビアかべがみ,tienda persa,tienda persa,mur perse,mur perse,Nomadentapete,muro persiano,아라비아 벽지,1.0,238A,2394,wall_arabia,,,,,tent wall,,-,
142,train-window wall,,,Rover's RV,-,No,"2,400",-,600,480,-,151,-,-,gray,purple,flashy,,しゃそうのかべ,pared vagón,pared vagón,mur vitres de train,mur vitres de train,Zugabteiltapete,muro finestr. treno,차창 벽지,1.4,-,23D5,wall_train,,,,,train-window wall,,-,
143,tree-lined wall,,,Saharah,-,No,"3,000",-,"1,850","1,480",-,951,-,Rustic,aqua,green,basic,,がいろじゅのかべ,pared árboles,pared árboles,rangée d'arbres,rangée d'arbres,Baumtapete,muro con alberi,가로수 벽지,1.0,2392,239C,wall_roadside_tree,,,,,tree-lined wall,,tree-lined wall,
144,tropical vista,,,Souvenir Shop,-,No,-,100,"1,250","1,000",62,199,-,-,blue,aqua,sporty,,みなみのうみなかべ,pared tropical,pared tropical,vue tropiques,vue tropiques,Tropenausblick,muro tropicale,남쪽 바다 벽지,1.0,238F,2399,wall_tropical,,,,,tropical vista,,tropical vista,
145,underwater wall,,,Museum Shop,-,Yes,"1,600",-,400,320,-,199,-,-,blue,blue,sporty,,すいちゅうのかべがみ,pared fondo marino,pared fondo marino,mur fonds marins,mur fonds marins,Meerestapete,muro sottomarino,수중 벽지,1.0,239F,23A9,wall_fish_tank,,,,,underwater wall,,-,
146,waiting-room wall,,,June's RV,-,No,"2,400",-,600,480,-,151,-,-,beige,beige,basic,,まちあいしつのかべ,pared sala de espera,pared sala de espera,mur salle d'attente,mur salle d'attente,Wartezimmertapete,muro sala d'attesa,대기실 벽지,1.4,-,23D6,wall_hospital,,,,,,,waiting-room wall,
147,western vista,,,Saharah,-,No,"3,000",-,"1,500","1,200",-,951,western,-,aqua,beige,sporty,,こうやのかべ,pared Oeste,pared Oeste,vue Far West,vue Far West,Wüstenausblick,muro west,황야 벽지,1.0,2359,2363,wall_wilderness,,,,,western vista,,-,
148,white brick wall,,,Norma's RV,-,No,"2,400",-,600,480,-,151,-,-,white,white,iconic,,しろいレンガのかべ,pared lad. blanco,pared lad. blanco,mur briques blanches,mur briques blanches,Weißziegeltapete,muro mattoni bianchi,하얀 벽돌 벽지,1.4,-,23D9,wall_whitebrick,,,,,white-brick wall,,white brick wall,
149,white tile wall,,,Paolo's RV,-,No,"2,400",-,600,480,-,151,-,-,white,gray,basic,,しろいタイルのかべ,pared azulejo blanco,pared azulejo blanco,mur carreaux blancs,mur carreaux blancs,Fliesentapete,m. piastrelle bianc.,하얀 타일 벽지,1.4,-,23D3,wall_tile_white,,,,,,,white tile wall,
150,wood paneling,,,Nooklings,A,Yes,"1,320",-,330,264,-,151,-,Rustic,brown,-,basic,,ウッディーなかべ,pared madera,pared madera,mur en lambris,mur en lambris,Holzverkleidung,muro a pannelli,나무 느낌 벽지,1.0,237B,2385,wall_wood,,,,,,,wood paneling,
-,old wallpaper,,,Villagers,-,No,-,-,-400,-,-,0,-,Quirky,beige,beige,flashy,,ボロかべがみ,pared sosa,pared sosa,mur miteux,mur miteux,Bröckelwand,muro malandato,낡은 벽지,1.0,2397,23A1,wall_old,,,,,old wallpaper,,-,