#,Name,Image,Icon,Equip Type,Type,Source,Reorderable,Buy Price (Bells),Buy Price (Medals),Sell Price (Re-Tail),Sell Price (Nooklings),Sell Price (Leila),HHA Base Points,Series,HHA Theme Challenge,When HHA Lucky,Color 1,Color 2,Fashion,Gender,Category,Catalog Keyword,Notes,Name (English EU),Name (Japanese),Name (Spanish NA),Name (Spanish EU),Name (French NA),Name (French EU),Name (German),Name (Italian),Name (Korean),Version Added,Hex ID (1.0),Hex ID (1.4),Model Filename,Name (NH),Name (HHD),Name (PC)
001,argyle socks,,,Socks,Socks,Kicks,Yes,160,-,40,32,2,3,-,-,-,black,red,iconic,Unisex,Argyle,,,-,アーガイルハイソックス,calcetín rombos alto,calcetín pijo alto,paire chauss. écos,paire chauss. écos,Argyle-Socke,paio calzini a rombi,아가일 니삭스,1.0,2701,2785,sock_high_argyle,,,-
002,argyle tights,,,Socks,Tights,Kicks,Yes,200,-,50,40,2,3,-,-,-,orange,brown,iconic,Female,Argyle,,,-,アーガイルタイツ,media rombos,media pija,collant écossais,collant écossais,Argyle-Strumpfhose,paio calze a rombi,아가일 타이츠,1.0,270C,2790,sock_tights_argyle,,,argyle tights
003,armor shoes,,,Shoes,Shoes,Kicks,Yes,960,-,240,192,12,3,knight,Antique / Quirky,-,gray,gray,historical,Male,V-Striped,,,-,てつのかっちゅうぐつ,escarpe,escarpe,paire de solerets,paire de solerets,Silberrüstungsschuh,paio scarpe armatura,철갑 신발,1.0,273F,27C7,nml_armor,,,armor shoes
004,ballet slippers,,,Shoes,Boots,Kicks,Yes,400,-,100,80,5,3,-,Fairy Tale,-,pink,pink,sporty,Female,-,,,-,バレエシューズ,zapatilla de ballet,zapatilla de ballet,p. chaussons danse,p. chaussons danse,Ballettschuh,p. scarpe da punta,발레 슈즈,1.0,273B,27C3,botL_ballet,,,-
005,basketball shoes,,,Shoes,Boots,Kicks,Yes,640,-,160,128,8,3,-,-,-,white,yellow,sporty,Male,-,,,-,バスケットシューズ,zapatilla básquet,zapatilla básquet,paire de baskets,paire de baskets,Basketballschuh,paio scarpe basket,농구화,1.0,271B,27A3,botL_basket_ylw,,,-
006,beige tights,,,Socks,Tights,Kicks,Yes,200,-,50,40,2,3,-,-,-,beige,beige,basic,Female,-,,,-,ベージュのタイツ,media rayas marrón,media rayas marrón,collant brun,collant brun,Braunstrumpfhose,paio calze ocra,베이지색 타이츠,1.0,2708,278C,sock_tights_crm,,,beige tights
007,black ankle socks,,,Socks,Ankle Socks,Kicks,Yes,120,-,30,24,1,3,-,-,-,black,black,basic,Unisex,-,,,-,くろのくるぶしソックス,calcetín tobillero,calcetín tobillero,paire socq. noires,paire socq. noires,Schwarzsöckchen,paio calzini neri,검정 발목 양말,1.0,26F8,277C,sock_anklet_blk,,,black ankle socks
008,black leggings,,,Socks,Tights,Kicks,Yes,240,-,60,48,3,3,-,-,-,black,black,cute,Female,-,,,-,くろのレギンス,legging negro,legging negro,legging noir,legging noir,Nylongamasche,paio leggings neri,검정 레깅스,1.0,2711,2795,sock_leggins_blk,,,black leggings
009,black loafers,,,Shoes,Shoes,Kicks,Yes,420,-,105,84,5,3,-,-,-,black,black,basic,Female,-,,,-,くろいローファー,mocasín negro,mocasín negro,p. mocassins noirs,p. mocassins noirs,Lederslipper,paio mocassini neri,검정 로퍼,1.0,2745,27CD,nml_loafer_blk,,,black loafers
010,black pumps,,,Shoes,Shoes,Kicks,Yes,480,-,120,96,6,3,-,-,-,black,black,official,Female,-,,,-,くろいパンプス,manoletina negra,manoletina negra,p. ballerines noires,p. ballerines noires,Kostüm-Damenschuh,paio ballerine nere,검정 펌프스,1.0,274F,27D7,nml_pumps_blk,,,-
011,black rain boots,,,Shoes,Tall Boots,Kicks,Yes,600,-,150,120,7,3,-,-,-,black,black,official,Male,-,,,-,くろいながぐつ,katiuska negra,katiuska negra,p. bottes pluie N,p. bottes pluie N,Regenstiefel,paio stivali neri,검정 장화,1.0,2739,27C1,botH_rain_blk,,,black rain boots
012,black stockings,,,Socks,Tights,Kicks,Yes,240,-,60,48,3,3,-,-,-,black,black,official,Female,-,,,-,くろストッキング,media negra,media negra,paire de bas noirs,paire de bas noirs,Schwarzstrumpf,paio collant neri,검정 스타킹,1.0,26F5,2779,sock_stocking_blk,,,black stockings
013,black tights,,,Socks,Tights,Kicks,Yes,160,-,40,32,2,3,-,-,-,black,black,official,Female,-,,,-,くろいタイツ,media rayas negra,media rayas negra,collant noir,collant noir,Schwarzstrumpfhose,paio calze nere,검정 타이츠,1.0,2707,278B,sock_tights_blk,,,black tights
014,blue pumps,,,Shoes,Shoes,Kicks,Yes,460,-,115,92,5,3,-,-,-,blue,blue,official,Female,-,,,-,あおいパンプス,manoletina azul,manoletina azul,p. ballerines bleues,p. ballerines bleues,Azur-Damenschuh,paio ballerine blu,파란 펌프스,1.0,2747,27CF,nml_pumps_blu,,,blue pumps
015,blue sneakers,,,Shoes,Shoes,Kicks,Yes,480,-,120,96,6,3,-,-,-,blue,white,basic,Male,Manufactured,,,-,あおいスニーカー,zapatilla azul,zapatilla azul,paire tennis bleues,paire tennis bleues,Leinenturnschuh,p. scarpe tennis blu,파란 스니커,1.0,2717,279F,nml_doek_blu,,,blue sneakers
016,blue wrestling shoes,,,Shoes,Tall Boots,Kicks,Yes,900,-,225,180,11,3,pro wrestler,-,-,blue,white,sporty,Unisex,-,,,-,あおいリングシューズ,bota lucha azul,bota lucha azul,paire bottes catch B,paire bottes catch B,Blau-Wrestlingschuh,p. scarpe wrest. blu,파란 복싱화,1.0,2741,27C9,botH_ring_blu,,,blue wrestling shoes
017,blue-stripe tights,,,Socks,Tights,Kicks,Yes,240,-,60,48,3,3,-,-,-,black,black,sporty,Female,H-Striped,,,-,マリンボーダーのタイツ,media rayas bicolor,media rayas bicolor,collant ray. bleues,collant ray. bleues,Blauringelstrumpf,p. calze strisce blu,마린 줄무늬 타이츠,1.0,2715,2799,sock_tights_marine,,,-
018,bobby socks,,,Socks,Ankle Socks,Kicks,Yes,160,-,40,32,2,3,-,-,-,white,white,basic,Female,-,,,-,3つおりソックス,calcetín sencillo,calcetín sencillo,paire socq. simples,paire socq. simples,Bündchensocke,p. calzini con trina,접는 양말,1.0,2702,2786,sock_three_fold,,,bobby socks
019,brown loafers,,,Shoes,Shoes,Kicks,Yes,480,-,120,96,6,3,-,-,-,brown,brown,official,Unisex,-,,,-,ちゃいろのローファー,mocasín marrón,mocasín marrón,p. mocassins bruns,p. mocassins bruns,Wildlederslipper,p. mocassini marroni,갈색 로퍼,1.0,272B,27B3,nml_loafer_bwn,,,brown loafers
020,brown pumps,,,Shoes,Shoes,Kicks,Yes,460,-,115,92,5,3,-,-,-,brown,brown,basic,Female,-,,,-,ちゃいろいパンプス,manoletina marrón,manoletina marrón,p. ballerines brunes,p. ballerines brunes,Wildleder-Damenschuh,p. ballerine marroni,갈색 펌프스,1.0,2752,27DA,nml_pumps_brw,,,brown pumps
021,brown slip-ons,,,Shoes,Shoes,Kicks,Yes,420,-,105,84,5,3,-,-,-,brown,brown,basic,Unisex,-,,,-,ちゃいろいスニーカー,pantufla marrón,pantufla marrón,p. pantoufles brunes,p. pantoufles brunes,Hauspantoffel,p. pantofole marroni,갈색 스니커,1.0,274C,27D4,nml_doek_brw,,,brown slip-ons
022,brown socks,,,Socks,Socks,Kicks,Yes,160,-,40,32,2,3,-,-,-,beige,beige,basic,Unisex,-,,,-,メランジソックス,calcetín marrón,calcetín marrón,paire chauss. brunes,paire chauss. brunes,Braunsocke,paio calzini beige,멜란지 양말,1.0,270B,278F,sock_melange_crm,,,-
023,brown-stripe socks,,,Socks,Socks,Kicks,Yes,200,-,50,40,2,3,-,-,-,black,white,basic,Unisex,H-Striped,,,-,ボーダーソックス,calcetín a rayas,calcetín a rayas,paire chaus. rayées,paire chaus. rayées,Braunringelsocke,p. calzini a strisce,줄무늬 양말,1.0,26F4,2778,sock_border_brw,,,brown-stripe socks
024,Callie shoes,,,Shoes,Boots,Cece's RV,No,-,-,150,-,7,300,-,Toy Shop,-,black,pink,rock 'n' roll,Female,-,,,-,アオリのクツ,zapato de Mar,zapato de Mar,p. de baskets Ayo,p. de baskets Ayo,Aioli-Schuh,p. scarpe Stella,아오리 신발,1.4,-,27DD,botL_aori,,,-
025,Callie tights,,,Socks,Tights,Cece's RV,No,-,-,200,-,10,300,-,Toy Shop,-,pink,pink,rock 'n' roll,Unisex,-,,,-,アオリのタイツ,media de Mar,media de Mar,collant Ayo,collant Ayo,Aioli-Strumpfhose,paio calze Stella,아오리 타이츠,1.4,-,279B,sock_tights_aori,,,-
026,checkered socks,,,Socks,Socks,Kicks,Yes,160,-,40,32,2,3,-,-,-,red,black,basic,Unisex,Plaid,,,-,チェックのソックス,calcetín cuadros,calcetín cuadros,paire chauss. damier,paire chauss. damier,Karosocke,p. calzini quadretti,체크무늬 양말,1.0,270A,278E,sock_check_red,,,checkered socks
027,Cinnamoroll shoes,,,Shoes,Shoes,Chai's RV,No,-,-,150,-,7,300,-,Fairy Tale / Toy Shop,-,aqua,white,cute,Female,-,,,-,シナモロールなくつ,zapato Cinnamoroll,zapato Cinnamoroll,p. tenn. Cinnamoroll,p. tenn. Cinnamoroll,Cinnamoroll-Schuh,p. scar. Cinnamoroll,시나모롤 신발,1.4,-,27E3,nml_cinnamo,,,-
028,cleats,,,Shoes,Shoes,Kicks,Yes,720,-,180,144,9,3,-,-,-,black,black,sporty,Male,-,,,-,スパイクシューズ,zapatilla de tacos,zapatilla de tacos,p. souliers crampons,p. souliers crampons,Fußballschuh,p. scarpe da calcio,스파이크 슈즈,1.0,2729,27B1,nml_spike,,,-
029,climbing shoes,,,Shoes,Shoes,Kicks,Yes,600,-,150,120,7,3,-,-,-,yellow,black,sporty,Unisex,Manufactured,,,-,スポーツシューズ,zapatilla pies gato,zapatilla pies gato,p. souliers escalade,p. souliers escalade,Kletterschuh,p. scarpe scalata,운동화,1.0,2734,27BC,nml_sports,,,climbing shoes
030,clogs,,,Shoes,Shoes,Kicks,Yes,480,-,120,96,6,3,-,-,-,orange,orange,modern,Unisex,-,,,-,サボ,zueco de madera,zueco de madera,paire de sabots,paire de sabots,Holzschuh,paio zoccoli,사보 슈즈,1.0,2733,27BB,nml_sabot,,,-
031,colorful sneakers,,,Shoes,Shoes,Kicks,Yes,460,-,115,92,5,3,-,-,-,red,blue,sporty,Unisex,-,,,-,カラフルなスニーカー,zapatilla colorida,zapatilla colorida,p. tennis colorées,p. tennis colorées,Vielfarbturnschuh,p. scarpe rossoblu,컬러풀 스니커,1.0,2748,27D0,nml_doek_blured,,,colorful sneakers
032,colorful socks,,,Socks,Socks,Kicks,Yes,160,-,40,32,2,3,-,-,-,colorful,colorful,flashy,Unisex,-,,,-,はでなソックス,calcetín colorido,calcetín colorido,p. chauss. colorées,p. chauss. colorées,Buntsocke,p. calzini colorati,화려한 양말,1.0,2709,278D,sock_gaudy,,,-
033,cowboy boots,,,Shoes,Tall Boots,GracieGrace,No,"4,000",-,"1,000",-,50,251,cowboy,-,-,brown,brown,iconic,Male,-,,,-,ウェスタンブーツ,bota del Oeste,bota del Oeste,p. bottes cowboy,p. bottes cowboy,Cowboystiefel,paio stivali west,웨스턴 부츠,1.0,273C,27C4,botH_western,,,cowboy boots
034,dress socks,,,Socks,Socks,Kicks,Yes,120,-,30,24,1,3,-,-,-,black,black,official,Unisex,-,,,-,つうきんソックス,calcetín ejecutivo,calcetín ejecutivo,p. chausset. costume,p. chausset. costume,Schwarzsocke,paio calzini formali,정장 양말,1.0,26FB,277F,sock_business_blk,,,dress socks
035,fishnet tights,,,Socks,Tights,Kicks,Yes,240,-,60,48,3,3,-,-,-,black,black,ornate,Female,-,,,crocheted tights,あみタイツ,media de rejilla,media de rejilla,collant filet,collant filet,Modestrumpfhose,paio calze a rete,망사 타이츠,1.0,26F3,2777,sock_tights_net,,,-
036,flip-flops,,,Shoes,Shoes,Souvenir Shop,No,-,20,250,200,12,199,-,-,-,green,yellow,sporty,Unisex,Manufactured,,,-,ビーチサンダル,chancla,chancla,paire de sandales,paire de tongs,Badesandale,paio infradito,비치 샌들,1.0,2723,27AB,nml_sandal_beach,,,-
037,Flower Fairy boots,,,Shoes,Tall Boots,Puzzle League,No,-,-,300,-,15,551,-,-,-,brown,brown,cute,Female,Manufactured,,,-,はなのようせいのブーツ,bota hada flores,bota hada flores,p. bottes églantine,p. bottes églantine,Blumenelfenstiefel,p. stiv. fata fiori,꽃 요정 부츠,1.4,-,27E5,botH_panepon,,,-
038,flower loafers,,,Shoes,Shoes,Kicks,Yes,480,-,120,96,6,3,-,-,-,brown,yellow,iconic,Female,Nature,,,-,エスニックなローファー,mocasín flores,mocasín flores,p. mocassins fleurs,p. mocassins fleurs,Blümchenslipper,paio mocassini fiore,에스닉 로퍼,1.0,2731,27B9,nml_loafer_ethnic,,,-
039,gladiator sandals,,,Shoes,Tall Boots,Gulliver,Yes,"1,200",-,300,240,15,1051,-,Antique,-,brown,brown,iconic,Female,-,,,-,グラディエーターサンダル,sandalia gladiador,sandalia gladiador,paire de spartiates,paire de spartiates,Gladiator-Sandale,p. sandali gladiat.,글레디에이터 샌들,1.0,2735,27BD,botH_gladiator,,,-
040,gold-armor shoes,,,Shoes,Shoes,Kicks,Yes,"1,200",-,300,240,15,3,centurion,Antique / Quirky,-,yellow,yellow,historical,Male,V-Striped,,,-,きんのかっちゅうぐつ,escarpe de oro,escarpe de oro,paire de solerets or,paire de solerets or,Goldrüstungsschuh,p. scarpe armat. oro,금갑 신발,1.0,2740,27C8,nml_armor_gld,,,-
041,gray leggings,,,Socks,Tights,Kicks,Yes,240,-,60,48,3,3,-,-,-,gray,gray,cute,Female,-,,,-,グレーのレギンス,legging gris,legging gris,legging gris,legging gris,Baumwollgamasche,paio leggings grigi,회색 레깅스,1.0,2705,2789,sock_leggins_gry,,,gray leggings
042,gray socks,,,Socks,Socks,Kicks,Yes,160,-,40,32,2,3,-,-,-,gray,gray,basic,Unisex,-,,,-,グレーのメランジ,calcetín gris,calcetín gris,paire chauss. grises,paire chauss. grises,Grausocke,paio calzini grigi,회색 멜란지,1.0,2714,2798,sock_melange_gry,,,gray socks
043,gray tights,,,Socks,Tights,Kicks,Yes,160,-,40,32,2,3,-,-,-,gray,gray,basic,Female,-,,,-,グレータイツ,media gris,media gris,collant gris,collant gris,Graustrumpfhose,paio calze grigie,회색 타이츠,1.0,26FC,2780,sock_tights_gry,,,gray tights
044,green buckled shoes,,,Shoes,Shoes,Kicks,Yes,420,-,105,84,5,3,-,-,-,green,yellow,basic,Male,-,,,-,みどりのベルトシューズ,mercedita verde,mercedita verde,p. souliers V boucle,p. souliers V boucle,Grün-Schnallenschuh,paio sandali verdi,초록 메리제인 슈즈,1.0,2744,27CC,nml_doek_grn,,,green buckled shoes
045,green loafers,,,Shoes,Shoes,Toby's RV,No,-,-,150,-,7,300,-,Fairy Tale / Toy Shop,-,green,green,cute,Unisex,-,,,-,けろけろけろっぴなくつ,zapato jardín zen,zapato jardín zen,p. de sandales étang,p. de sandales étang,Teich-Schuh,p. scarpe ranocchio,케로케로케로피 신발,1.4,-,27E4,nml_keroppi,,,-
046,green polka pumps,,,Shoes,Shoes,GracieGrace,No,"4,000",-,"1,000",-,50,251,-,-,-,green,white,cute,Female,Dotted,,,-,みずたまのパンプス,manoletina topos,manoletina topos,p. ballerines V pois,p. ballerines V pois,Tüpfel-Damenschuh,paio ballerine verdi,물방울무늬 펌프스,1.0,2724,27AC,nml_pumps_dotgrn,,,-
047,green sandals,,,Shoes,Shoes,Kicks,Yes,480,-,120,96,6,3,-,-,-,green,brown,basic,Unisex,-,,,-,サンダル,sandalia verde,sandalia verde,p. sandales vertes,p. sandales vertes,Grünsandale,paio ciabatte verdi,샌들,1.0,272E,27B6,nml_sandal_wood,,,-
048,green tights,,,Socks,Tights,Kicks,Yes,200,-,50,40,2,3,-,-,-,green,green,cute,Female,-,,,-,みどりのタイツ,media verde,media verde,collant vert,collant vert,Grünstrumpfhose,paio calze verdi,초록 타이츠,1.0,2716,279A,sock_tights_grn,,,-
049,green-stripe shoes,,,Shoes,Shoes,Kicks,Yes,420,-,105,84,5,3,-,-,-,green,white,sporty,Unisex,-,,,-,ストライプのスニーカー,zapato franjas,zapato franjas,p. souliers rayés V,p. souliers rayés V,Streifenturnschuh,p. scarpe verdi,줄무늬 스니커,1.0,2750,27D8,nml_doek_stripe,,,green-stripe shoes
050,green-stripe socks,,,Socks,Socks,Kicks,Yes,160,-,40,32,2,3,-,-,-,green,white,basic,Unisex,H-Striped,,,-,みどりボーダーソックス,calcetín rayas verde,calcetín rayas verde,paire chauss. vertes,paire chauss. vertes,Grünringelsocke,paio calzini verdi,초록 줄무늬 양말,1.0,270D,2791,sock_border_grn,,,green-stripe socks
051,heart-print tights,,,Socks,Tights,Kicks,Yes,240,-,60,48,3,3,-,Fairy Tale,-,white,pink,cute,Female,Nature,,,-,ハートがらタイツ,media corazones,media corazones,collant cœurs,collant cœurs,Herzchenstrumpfhose,paio calze cuoricini,하트무늬 타이츠,1.0,26F6,277A,sock_tights_heart,,,-
052,Hello Kitty shoes,,,Shoes,Shoes,Rilla's RV,No,-,-,150,-,7,300,-,Fairy Tale / Toy Shop,-,white,red,cute,Female,-,,,-,ハローキティなくつ,zapato Hello Kitty,zapato Hello Kitty,p. ball. Hello Kitty,p. ball. Hello Kitty,Hello-Kitty-Schuh,p. scar. Hello Kitty,헬로키티 신발,1.4,-,27DF,nml_kitty,,,-
053,hero's boots,,,Shoes,Tall Boots,Fortune,No,-,-,210,-,10,151,hero,Antique / Toy Shop,-,brown,brown,iconic,Male,-,,,-,ゆうしゃのブーツ,bota del héroe,bota del héroe,p. bottes héroïques,p. bottes héroïques,Heldenstiefel,paio stivali Link,용사 부츠,1.0,271D,27A5,botH_link,,,-
054,hiking boots,,,Shoes,Boots,Kicks,Yes,800,-,200,160,10,3,-,-,-,black,red,sporty,Unisex,Manufactured,,,-,とざんぐつ,bota de montaña,bota de montaña,paire bottes rando,paire bottes rando,Wanderschuh,p. stivali trekking,등산화,1.0,2720,27A8,botL_climbing,,,hiking boots
055,hiking gaiters,,,Socks,Tights,Kicks,Yes,240,-,60,48,3,3,-,-,-,yellow,brown,sporty,Unisex,-,,,-,とざんタイツ,calcetín montaña,calcetín montaña,paire chauss. rando,paire chauss. rando,Wanderstrumpf,p. calze da trekking,등산 타이츠,1.0,26FE,2782,sock_spats_climbing,,,hiking gaiters
056,jester's shoes,,,Shoes,Boots,Kicks,Yes,600,-,150,120,7,3,jester,Fairy Tale / Toy Shop,-,purple,red,flashy,Unisex,Plaid,,,-,ピエロのくつ,zapato de bufón,zapato de bufón,p. bottes bouffon,p. bottes bouffon,Narrenschuh,p. scarpe giullare,피에로 신발,1.0,273D,27C5,botL_pierrot,,,-
057,Kiki and Lala shoes,,,Shoes,Shoes,Étoile's RV,No,-,-,150,-,7,300,-,Fairy Tale / Toy Shop,-,pink,pink,cute,Female,-,,,-,キキ&ララなくつ,zapato Kiki & Lala,zapato Kiki & Lala,p. ball. Kiki & Lala,p. ball. Kiki & Lala,Kiki-&-Lala-Schuh,p. sc. Kiki and Lala,리틀 트윈 스타 신발,1.4,-,27E1,nml_kikirara,,,-
058,Kiki and Lala socks,,,Socks,Socks,Étoile's RV,No,-,-,200,-,10,300,-,Fairy Tale / Toy Shop,-,white,-,cute,Unisex,-,,,-,キキ&ララなくつした,calcetín Kiki & Lala,calcetín Kiki & Lala,p. chau. Kiki & Lala,p. chau. Kiki & Lala,Kiki-&-Lala-Socke,p. calzini stellari,리틀 트윈 스타 양말,1.4,-,279D,sock_high_kikirara,,,-
059,kimono sandals,,,Shoes,Shoes,Kicks,Yes,480,-,120,96,6,3,geisha,Harmonious,-,pink,black,iconic,Female,Manufactured,,,-,げた,sandalia kimono,sandalia kimono,p. sandales kimono,p. sandales kimono,Kimono-Sandale,p. zoccoli kimono,일본풍 샌들,1.0,2721,27A9,nml_geta,,,kimono sandals
060,lace-up boots,,,Shoes,Tall Boots,Kicks,Yes,720,-,180,144,9,3,-,-,-,red,red,rock 'n' roll,Male,-,,,-,あみあげブーツ,bota alta,bota alta,paire bottes lacets,paire bottes lacets,Schnürstiefel,p. stivali con lacci,레이스업 부츠,1.0,271E,27A6,botH_laceup,,,lace-up boots
061,leg warmers,,,Socks,Socks,Kicks,Yes,160,-,40,32,2,3,-,-,-,gray,white,sporty,Unisex,-,,,-,レッグウォーマー,calentador,calentador,paire de guêtres,paire de guêtres,Beinwärmer,paio scaldamuscoli,발토시,1.0,270E,2792,sock_legwarmer,,,leg warmers
062,leopard pumps,,,Shoes,Shoes,GracieGrace,No,"4,000",-,"1,000",-,50,251,-,-,-,yellow,brown,ornate,Female,Animal,,,-,アニマルパンプス,manoletina leopardo,manoletina leopardo,p. ballerin. léopard,p. ballerin. léopard,Leopardenschuh,p. ballerine leopar.,애니멀 펌프스,1.0,2725,27AD,nml_pumps_animal,,,leopard pumps
063,Marie shoes,,,Shoes,Boots,Viché's RV,No,-,-,150,-,7,300,-,Toy Shop,-,black,green,rock 'n' roll,Female,-,,,-,ホタルのクツ,zapato de Tina,zapato de Tina,p. de baskets Oly,p. de baskets Oly,Limone-Schuh,p. scarpe Marina,호타루 신발,1.4,-,27DE,botL_hotaru,,,-
064,Marie tights,,,Socks,Tights,Viché's RV,No,-,-,200,-,10,300,-,Toy Shop,-,green,green,rock 'n' roll,Unisex,-,,,-,ホタルのタイツ,media de Tina,media de Tina,collant Oly,collant Oly,Limone-Strumpfhose,paio calze Marina,호타루 타이츠,1.4,-,279C,sock_tights_hotaru,,,-
065,mary janes,,,Shoes,Shoes,Kicks,Yes,800,-,200,160,10,3,-,-,-,black,black,official,Female,-,,,school shoes,ベルトつきシューズ,mercedita negra,mercedita negra,paire babies noires,paire babies noires,Riemchenschuh,p. scarpe cinturino,메리제인 슈즈,1.0,273E,27C6,nml_enamel_blk,,,mary janes
066,monochrome shoes,,,Shoes,Shoes,GracieGrace,No,"4,000",-,"1,000",-,50,251,-,Trendy,-,white,black,official,Male,Manufactured,,,-,モノトーンなかわぐつ,zapato formal,zapato formal,p. souliers N&B,p. souliers N&B,Zweifarb-Lederschuh,paio scarpe tip tap,모노톤 가죽 구두,1.0,272D,27B5,nml_leather_mono,,,monochrome shoes
067,My Melody shoes,,,Shoes,Boots,Chelsea's RV,No,-,-,150,-,7,300,-,Fairy Tale / Toy Shop,-,pink,pink,cute,Female,-,,,-,マイメロディなくつ,bota My Melody,bota My Melody,p. bottes My Melody,p. bottes My Melody,My-Melody-Schuh,p. scarpe My Melody,마이 멜로디 신발,1.4,-,27E0,botL_mymelo,,,-
068,navy socks,,,Socks,Socks,Kicks,Yes,160,-,40,32,2,3,-,-,-,blue,blue,official,Unisex,-,,,-,こんいろハイソックス,calcetín azul marino,calcetín azul marino,paire chauss. marine,paire chauss. marine,Nachtblausocke,p. calzini blu scuro,남색 니삭스,1.0,26FD,2781,sock_high_nvy,,,-
069,ninja sandals,,,Shoes,Shoes,Kicks,Yes,480,-,120,96,6,3,ninja,Harmonious,-,brown,blue,historical,Male,-,,,-,せった,sandalia ninja,sandalia ninja,p. sandales ninja,paire de tongs ninja,Ninjasandale,paio sandali ninja,가락신,1.0,2736,27BE,nml_setta,,,-
070,orange sandals,,,Shoes,Shoes,Kicks,Yes,420,-,105,84,5,3,-,-,-,orange,orange,cute,Female,-,,,-,オレンジのサンダル,sandalia naranja,sandalia naranja,p. sandales orange,p. sandales orange,Sommersandale,p. sandali arancioni,오렌지색 샌들,1.0,274B,27D3,nml_sandal_org,,,-
071,orange shoes,,,Shoes,Shoes,Kicks,Yes,420,-,105,84,5,3,-,-,-,orange,white,sporty,Unisex,-,,,-,オレンジのスニーカー,zapato naranja,zapato naranja,paire tennis orange,paire tennis orange,Orangeturnschuh,p. scarpe arancioni,오렌지색 스니커,1.0,2754,27DC,nml_doek_org,,,-
072,pink slip-ons,,,Shoes,Shoes,Kicks,Yes,420,-,105,84,5,3,-,Fairy Tale,-,pink,pink,cute,Female,Plaid,,,-,ピンクのスニーカー,pantufla rosa,pantufla rosa,p. pantoufles roses,p. pantoufles roses,Girlie-Schuh,paio scarpe rosa,핑크색 스니커,1.0,2746,27CE,nml_doek_pnk,,,pink slip-ons
073,pink sneakers,,,Shoes,Shoes,Kicks,Yes,480,-,120,96,6,3,-,Fairy Tale,-,pink,pink,cute,Female,-,,,-,ピンクのヒモつきシューズ,zapatilla rosa,zapatilla rosa,paire tennis roses,paire tennis roses,Girlie-Turnschuh,p. scarpe sport rosa,끈 달린 핑크색 신발,1.0,2751,27D9,nml_sneaker_pnk,,,-
074,polka-dot rain boots,,,Shoes,Tall Boots,Kicks,Yes,600,-,150,120,7,3,-,-,-,red,white,cute,Female,Dotted,,,-,みずたまレインブーツ,katiuska topos,katiuska topos,p. bottes pluie pois,p. bottes pluie pois,Fliegenpilzstiefel,paio stivali rossi,물방울무늬 레인부츠,1.0,2727,27AF,botH_rain_dot,,,-
075,polka-dot socks,,,Socks,Socks,Kicks,Yes,200,-,50,40,2,3,-,Trendy,-,pink,pink,cute,Unisex,Dotted,,,-,みずたまハイソックス,calcetín topos,calcetín topos,paire chauss. à pois,paire chauss. à pois,Fliegenpilzsocke,paio calzini a pois,물방울무늬 니삭스,1.0,2712,2796,sock_high_dot,,,-
076,Pompompurin shoes,,,Shoes,Boots,Marty's RV,No,-,-,150,-,7,300,-,Fairy Tale / Toy Shop,-,brown,brown,cute,Unisex,-,,,-,ポムポムプリンなくつ,bota Pompompurin,bota Pompompurin,p. bott. Pompompurin,p. bott. Pompompurin,Pompompurin-Schuh,p. scar. Pompompurin,폼폼푸린 신발,1.4,-,27E2,botL_prin,,,-
077,purple dot shoes,,,Shoes,Shoes,Kicks,Yes,460,-,115,92,5,3,-,Trendy,-,purple,white,cute,Female,Dotted,,,-,みずたまスニーカー,zapato lunares,zapato lunares,p. souliers à pois,p. souliers à pois,Pünktchenturnschuh,p. scarpe viola pois,물방울무늬 스니커,1.0,274E,27D6,nml_doek_ppl,,,purple dot shoes
078,purple high-tops,,,Shoes,Boots,GracieGrace,No,"4,000",-,"1,000",-,50,251,-,-,-,purple,black,sporty,Male,V-Striped,,,-,ハイカットスニーカー,zapatilla alta,zapatilla alta,p. baskets montantes,p. baskets montantes,Basketballstiefel,p. scarpe alte viola,하이탑 스니커,1.0,2730,27B8,botL_sneaker_highcut,,,purple high-tops
079,purple pumps,,,Shoes,Shoes,Kicks,Yes,480,-,120,96,6,3,-,-,-,purple,purple,official,Female,-,,,-,むらさきのパンプス,manoletina morada,manoletina morada,p. ballerines mauves,p. ballerines mauves,Lila-Damenschuh,p. ballerine porpora,보라색 펌프스,1.0,2719,27A1,nml_pumps_ppl,,,purple pumps
080,purple star socks,,,Socks,Socks,Kicks,Yes,160,-,40,32,2,3,-,-,-,purple,yellow,cute,Unisex,-,,,-,ほしがらハイソックス,calcetín estrellas,calcetín estrellas,paire chaus. étoiles,paire chaus. étoiles,Sternchensocke,p. calzini a stelle,별무늬 니삭스,1.0,2704,2788,sock_high_star,,,purple star socks
081,purple-stripe tights,,,Socks,Tights,Kicks,Yes,200,-,50,40,2,3,-,Trendy,-,purple,purple,cute,Unisex,H-Striped,,,-,ボーダータイツ,media rayas lilas,media rayas lilas,collant rayé,collant rayé,Ringelstrumpfhose,paio calze strisce,줄무늬 타이츠,1.0,26FA,277E,sock_tights_border,,,purple-stripe tights
082,rainbow tights,,,Socks,Tights,Kicks,Yes,300,-,75,60,3,3,-,-,-,colorful,colorful,ornate,Unisex,H-Striped,,,-,レインボータイツ,media arcoíris,media arcoíris,collant irisé,collant irisé,Vielfarbstrumpfhose,p. calze arcobaleno,무지개 타이츠,1.0,26F7,277B,sock_tights_rnbw,,,-
083,red boat shoes,,,Shoes,Shoes,Kicks,Yes,480,-,120,96,6,3,-,-,-,red,red,cute,Female,-,,,-,あかいデッキシューズ,náutico rojo,náutico rojo,p. souliers rouges,p. souliers rouges,Segelschuh,paio scarpe da barca,빨간 덱 슈즈,1.0,2749,27D1,nml_doek_red,,,red boat shoes
084,red shoes,,,Shoes,Shoes,Kicks,Yes,420,-,105,84,5,3,-,-,-,red,red,cute,Female,-,,,-,あかいくつ,zapato rojo,zapato rojo,paire babies rouges,paire babies rouges,Rotschuh,paio scarpe rosse,빨간 구두,1.0,274A,27D2,nml_doek_red_wht,,,red shoes
085,red striped socks,,,Socks,Socks,Toby's RV,No,-,-,200,-,10,300,-,Fairy Tale / Toy Shop,-,red,white,cute,Unisex,-,,,-,けろけろけろっぴなハイソ,calcetín jardín zen,calcetín jardín zen,p. chaus. étang,p. chaus. étang,Teich-Socke,p. calzini ranocchio,케로케로케로피 양말,1.4,-,279E,sock_high_keroppi,,,-
086,red tights,,,Socks,Tights,Kicks,Yes,200,-,50,40,2,3,-,-,-,red,red,ornate,Female,-,,,-,ワインレッドタイツ,media granate,media granate,collant grenat,collant grenat,Weinrotstrumpfhose,paio calze bordeaux,와인레드 타이츠,1.0,2703,2787,sock_tights_wred,,,-
087,red wrestling shoes,,,Shoes,Tall Boots,Kicks,Yes,900,-,225,180,11,3,pro wrestler,-,-,red,white,sporty,Unisex,-,,,-,あかいリングシューズ,bota lucha roja,bota lucha roja,paire bottes catch R,paire bottes catch R,Rot-Wrestlingschuh,p. scarpe wrestling,빨간 복싱화,1.0,2742,27CA,botH_ring_red,,,-
088,Santa boots,,,Shoes,Tall Boots,Kicks,Yes,960,-,240,192,12,33,-,Toy Shop,Dec 1-31,black,white,cute,Unisex,-,,,-,サンタのブーツ,bota festiva,bota festiva,p. bottes père Noël,p. bottes père Noël,Weihnachtsmannschuh,p. stivali B. Natale,산타 부츠,1.0,271C,27A4,botH_xmas,,,Santa boots
089,shearling boots,,,Shoes,Boots,GracieGrace,No,"4,000",-,"1,000",-,50,251,-,-,-,yellow,yellow,cute,Female,-,,,-,ムートンブーツ,bota sherpa,bota sherpa,p. bottes fourrées,p. bottes fourrées,Fellstiefel,p. stiv. scamosciati,양털 부츠,1.0,271A,27A2,botL_mouton,,,shearling boots
090,slippers,,,Shoes,Shoes,Kicks,Yes,320,-,80,64,4,3,-,-,-,green,green,basic,Unisex,-,,,-,スリッパ,pantufla,pantufla,paire de pantoufles,paire de pantoufles,Gartenpantoffel,paio pantofole verdi,슬리퍼,1.0,272C,27B4,nml_slipper_grn,,,-
091,snow boots,,,Shoes,Tall Boots,Kicks,Yes,800,-,200,160,10,3,-,-,-,brown,white,sporty,Male,-,,,-,スノーブーツ,bota de nieve,bota de nieve,paire d'après-skis,paire d'après-skis,Schneestiefel,p. scarponi da neve,스노 부츠,1.0,2722,27AA,botH_snow,,,snow boots
092,soccer socks,,,Socks,Socks,Kicks,Yes,160,-,40,32,2,3,-,-,-,blue,blue,sporty,Male,-,,,-,サッカーソックス,media fútbol,media fútbol,paire chausset. foot,paire chausset. foot,Fußballstutzen,p. calzini da calcio,축구 양말,1.0,2710,2794,sock_football_blu,,,soccer socks
093,star tights,,,Socks,Tights,Kicks,Yes,200,-,50,40,2,3,-,-,-,brown,beige,cute,Unisex,-,,,-,スターなタイツ,media estrellas,media estrellas,collant étoiles,collant étoiles,Sternstrumpfhose,paio calze marroni,별이 빛나는 타이츠,1.0,26F9,277D,sock_tights_star,,,-
094,steel-toed boots,,,Shoes,Tall Boots,Kicks,Yes,620,-,155,124,7,3,-,-,-,black,black,flashy,Male,-,,,-,エンジニアブーツ,bota con protección,bota con protección,p. bottes à coque,p. bottes à coque,Stahlkappenschuh,p. scarpe da lavoro,엔지니어 부츠,1.0,2737,27BF,botH_engineer,,,steel-toed boots
095,stripe shoes,,,Shoes,Shoes,GracieGrace,No,"4,000",-,"1,000",-,50,251,-,Trendy,-,black,orange,modern,Female,V-Striped,,,-,ストライプのパンプス,manoletina rayas,manoletina rayas,p. ballerines rayées,p. ballerines rayées,Zebra-Damenschuh,p. ballerine strisce,줄무늬 펌프스,1.0,273A,27C2,nml_pumps_stripe,,,-
096,tasseled loafers,,,Shoes,Shoes,Kicks,Yes,600,-,150,120,7,3,-,-,-,black,black,official,Male,-,,,-,くろいかわぐつ,mocasín elegante,mocasín elegante,p. mocassins pompon,p. mocassins pompon,Lederhalbschuh,p. scarpe con nappe,검정 가죽 구두,1.0,272F,27B7,nml_leather_blk,,,tasseled loafers
097,tropical sandals,,,Shoes,Shoes,Kicks,Yes,480,-,120,96,6,3,-,-,-,colorful,colorful,iconic,Female,Nature,,,-,エスニックなサンダル,sandalia tropical,sandalia tropical,p. sandales tropique,paire tongs tropique,Tropensandale,p. sandali tropicali,에스닉 샌들,1.0,2726,27AE,nml_sandal_ethnic,,,tropical sandals
098,tube socks,,,Socks,Socks,Kicks,Yes,160,-,40,32,2,3,-,-,-,white,green,basic,Unisex,-,,,-,ラインソックス,calcetín cómodo,calcetín cómodo,paire chauss. sport,paire chauss. sport,Sportsocke,p. calzini di spugna,두 줄 양말,1.0,2700,2784,sock_line_ylw,,,tube socks
099,Varia Suit shoes,,,Shoes,Boots,Fortune,No,-,-,210,-,10,151,bounty hunter,Sci-Fi / Toy Shop,-,orange,orange,rock 'n' roll,Female,-,,,-,バリアスーツ・シューズ,zapato climático,zapato climático,paire bottes Varia,paire bottes Varia,Varia-Schuh,p. scarpe termotuta,배리어 슈트 슈즈,1.0,2743,27CB,botL_samus,,,-
100,white ankle socks,,,Socks,Ankle Socks,Kicks,Yes,160,-,40,32,2,3,-,-,-,white,red,basic,Unisex,-,,,-,しろのくるぶしソックス,calcetín tobillo,calcetín tobillo,paire socq. blanches,paire socq. blanches,Weißsöckchen,p. calzini da tennis,하얀 발목 양말,1.0,270F,2793,sock_anklet_wht,,,white ankle socks
101,white leather shoes,,,Shoes,Shoes,GracieGrace,No,"4,000",-,"1,000",-,50,251,-,-,-,white,white,official,Male,Manufactured,,,-,しろいかわぐつ,zapato elegante,zapato elegante,p. souliers blancs,p. souliers blancs,Kunstlederschuh,paio scarpe di pelle,하얀 가죽 구두,1.0,271F,27A7,nml_leather_wht,,,-
102,white patent shoes,,,Shoes,Shoes,Kicks,Yes,480,-,120,96,6,3,-,-,-,white,black,cute,Female,Manufactured,,,-,しろいエナメルシューズ,zapato lazo negro,zapato lazo negro,p. sandales blanches,p. sandales blanches,Lackschuh,p. scarpe di vernice,하얀 에나멜 슈즈,1.0,2718,27A0,nml_pumps_wht,,,white patent shoes
103,white socks,,,Socks,Socks,Kicks,Yes,160,-,40,32,2,3,-,-,-,white,white,basic,Unisex,-,,,-,しろいハイソックス,calcetín blanco,calcetín blanco,p. chauss. blanches,p. chauss. blanches,Tennissocke,paio calzini bianchi,하얀 니삭스,1.0,2706,278A,sock_high_wht,,,-
104,white stockings,,,Socks,Tights,Kicks,Yes,160,-,40,32,2,3,-,-,-,white,red,official,Female,-,,,-,しろいストッキング,media blanca,media blanca,paire de bas blancs,paire de bas blancs,Weißstrumpf,paio collant bianchi,하얀 스타킹,1.0,2713,2797,sock_stocking_wht,,,white stockings
105,white-lace socks,,,Socks,Ankle Socks,Kicks,Yes,120,-,30,24,1,3,-,-,-,white,brown,cute,Female,-,,,-,レースのソックス,calcetín encaje,calcetín encaje,paire chaus. crochet,paire chaus. crochet,Spitzensöckchen,p. calzini merlett.,레이스 양말,1.0,26FF,2783,sock_lace_wht,,,-
106,wooden clogs,,,Shoes,Shoes,Kicks,Yes,520,-,130,104,6,3,-,Rustic,-,red,pink,iconic,Female,Dotted,,,-,きぐつ,zueco florido,zueco florido,paire sabots décorés,paire sabots décorés,Holzpantoffel,p. zoccoli di legno,네덜란드 나막신,1.0,272A,27B2,nml_wood,,,wooden clogs
107,yellow buckled shoes,,,Shoes,Shoes,Kicks,Yes,420,-,105,84,5,3,-,-,-,yellow,yellow,cute,Female,-,,,-,きいろいベルトシューズ,mercedita amarilla,mercedita amarilla,paire babies jaunes,paire babies jaunes,Gelb-Schnallenschuh,p. scarpe con fibbia,노란 메리제인 슈즈,1.0,274D,27D5,nml_enamel_ylw,,,-
108,yellow rain boots,,,Shoes,Tall Boots,Kicks,Yes,600,-,150,120,7,3,-,-,-,yellow,yellow,cute,Unisex,-,,,-,きいろいレインブーツ,katiuska amarilla,katiuska amarilla,p. bottes pluie J,p. bottes pluie J,Gummistiefel,paio stivali gialli,노란 레인부츠,1.0,2728,27B0,botH_rain_ylw,,,-
109,yellow sneakers,,,Shoes,Shoes,Kicks,Yes,480,-,120,96,6,3,-,-,-,yellow,orange,sporty,Female,-,,,-,きいろいヒモつきシューズ,zapatilla amarilla,zapatilla amarilla,paire tennis jaunes,paire tennis jaunes,Gelbturnschuh,paio scarpe gialle,끈 달린 노란 신발,1.0,2753,27DB,nml_sneaker_ylw,,,yellow sneakers
110,zap boots,,,Shoes,Tall Boots,Kicks,Yes,720,-,180,144,9,3,-,Sci-Fi / Toy Shop,-,black,yellow,sporty,Unisex,Manufactured,,Plays a short tune when equipped,-,ヒーローブーツ,superbota,superbota,p. bottes de héros,p. bottes de héros,Superheldenstiefel,paio stivali eroe,히어로 부츠,1.0,2738,27C0,botH_hero,,,-
-,patched shoes,,,Shoes,Shoes,Villagers,No,-,-,-400,-,-,51,-,-,-,beige,gray,historical,Unisex,-,,,-,ボロのくつ,zapato remiendos,zapato remiendos,p. souliers rapiécés,p. souliers rapiécés,Flickenschuh,p. scarpe rattoppate,낡은 신발,1.0,2732,27BA,nml_boro,,,-