#,Name,Image,Type,Source,Season,Reorderable,Buy Price (Bells),Buy Price (Medals),Sell Price (Re-Tail),Sell Price (Nooklings),Sell Price (Leila),HHA Base Points,Series,HHA Theme Challenge,When HHA Lucky,Color 1,Color 2,Fashion,Gender,Category,Catalog Keyword,DLC Exclusive,Name (English EU),Name (Japanese),Name (Spanish NA),Name (Spanish EU),Name (French),Name (German),Name (Italian),Name (Korean),Version Added,Hex ID (1.0),Hex ID (1.4),Model Filename,Name (NH),Name (HHD),Name (PC)
001,acid-washed pants,,Pants,GracieGrace,-,No,"3,600",-,900,-,45,251,-,-,-,blue,gray,rock 'n' roll,Male,-,,No,-,ケミカルデニム,pantalón desteñido,pantalón desteñido,pantalon délavé,Bleichjeanshose,paio jeans chiari,물빠진 데님 바지,1.0,26DD,275C,btms_denim_chemi,,,acid-washed pants
002,aloha shorts,,Short,Souvenir Shop,Summer,No,-,15,187,149,9,99,-,-,-,brown,white,iconic,Unisex,Nature,,No,-,アロハパンツ,bermuda aloha,bermuda aloha,short Hawaï,Aloha-Hose,paio bermuda aloha,알로하 바지,1.0,26E6,2765,btms_aloha,,,-
003,arctic-camo pants,,Pants,Able Sisters,-,Yes,480,-,120,96,6,3,-,-,-,gray,gray,rock 'n' roll,Unisex,Nature,,No,-,かんれいめいさいズボン,pantalón polar,pantalón polar,pantalon motif glace,Arktik-Hose,pantal. mimetico blu,흐릿한 밀리터리 바지,1.0,268E,270D,btms_camo_cold,,,arctic-camo pants
004,armor pants,,Pants,Able Sisters,Fall,Yes,800,-,200,160,10,3,knight,Antique / Quirky,-,gray,gray,historical,Male,-,,No,-,てつのすねあて,greba,greba,pantalon de plates,Silberrüstungshose,pantalone armatura,철갑 정강이 보호대,1.0,2689,2708,btms_armor,,,armor pants
005,baseball pants,,Pants,Able Sisters,-,Yes,480,-,120,96,6,3,-,-,-,white,blue,sporty,Male,-,,No,-,やきゅうのズボン,pantalón béisbol,pantalón béisbol,pantalon baseball,Baseballhose,pantalone baseball,야구 바지,1.0,268C,270B,btms_baseball,,,-
006,basketball shorts,,Short,Able Sisters,-,Yes,480,-,120,96,6,3,-,-,-,black,yellow,sporty,Unisex,-,,No,-,バスケパンツ,bermuda básquet,bermuda básquet,short basketball,Basketballhose,paio bermuda basket,농구복 하의,1.0,26EB,276A,btms_basket,,,-
007,bear-costume pants,,Pants,Able Sisters,-,Yes,600,-,150,120,7,3,bear,-,-,brown,brown,cute,Unisex,Animal,,No,-,クマなズボン,pantalón oso,pantalón oso,bas ours,Bärenhose,pantalone orso,곰 바지,1.0,2697,2716,btms_cstm_bear,,,-
008,black formal pants,,Pants,Able Sisters,-,Yes,480,-,120,96,6,3,-,-,-,black,black,official,Unisex,-,,No,-,くろいフォーマルパンツ,pantalón lino negro,pantalón lino negro,pantalon chic noir,Bürohose,pantal. formale nero,검정 정장 바지,1.0,26D3,2752,btms_formal_blk,,,black formal pants
009,black formal skirt,,Skirt,Able Sisters,-,Yes,360,-,90,72,4,3,-,-,-,black,black,basic,Female,-,,No,-,くろのスカート,falda lino negra,falda lino negra,jupe chic noire,Schwarzrock,gonna formale nera,검정 치마,1.0,26F0,276F,btms_formal_skt_blk,,,black formal skirt
010,black track pants,,Pants,Able Sisters,-,Yes,360,-,90,72,4,3,-,-,-,black,black,sporty,Unisex,-,,No,-,スポーツジャージのズボン,pantalón sport negro,pantalón sport negro,pantalon survêt gris,Aufwärmhose,pantalone tuta nera,스포츠 트레이닝복 바지,1.0,26CF,274E,btms_jersey_sport,,,-
011,black-denim pants,,Pants,Able Sisters,-,Yes,480,-,120,96,6,3,-,-,-,black,black,basic,Unisex,-,,No,-,くろいデニム,pantalón denim negro,pantalón denim negro,pantalon jean noir,Schwarzjeanshose,paio jeans neri,검정 데님 바지,1.0,26DF,275E,btms_denim_blk,,,black-denim pants
012,black-denim skirt,,Skirt,Able Sisters,-,Yes,480,-,120,96,6,3,-,-,-,black,black,basic,Female,-,,No,-,くろいデニムスカート,falda denim negra,falda denim negra,jupe en jean noire,Schwarzjeansrock,gonna di jeans nera,검정 데님 스커트,1.0,26DC,275B,btms_denim_blk_skt,,,black-denim skirt
013,blue boxing shorts,,Short,Able Sisters,-,Yes,400,-,100,80,5,3,-,-,-,gray,blue,sporty,Unisex,-,,No,-,あおいボクサーパンツ,bermuda azul,bermuda azul,short de boxe bleu,Blauboxerhose,p. berm. boxe blu,파란 복서 팬츠,1.0,2691,2710,btms_boxing_blu,,,-
014,blue gym shorts,,Short,Able Sisters,Summer,Yes,320,-,80,64,4,3,-,-,-,blue,blue,sporty,Unisex,-,,No,-,あおいたいそうズボン,bermuda sport azul,bermuda sport azul,short sport bleu,Jogginghose,p. bermuda sport blu,파란 체육복 바지,1.0,26AC,272B,btms_gym_blu,,,-
015,blue pj bottoms,,Pants,Able Sisters,-,Yes,240,-,60,48,3,3,-,-,-,aqua,aqua,basic,Male,V-Striped,,No,-,あおパジャマズボン,pantalón pijama azul,pantalón pijama azul,pantalon pyj. bleu,Jungen-Pyjamahose,pantal. pigiama blu,파란 파자마 바지,1.0,26EA,2769,btms_pajama_blu,,,-
016,blue polka shorts,,Short,Able Sisters,-,Yes,400,-,100,80,5,3,-,Trendy,-,blue,aqua,cute,Male,Dotted,,No,-,ドットがらたんパン,bermuda topos azul,bermuda topos azul,short à pois bleu,Blaupünktchenhose,p. bermuda blu notte,도트무늬 반바지,1.0,26A7,2726,btms_half_dot,,,blue polka shorts
017,blue warm-up pants,,Pants,Able Sisters,-,Yes,480,-,120,96,6,3,-,-,-,blue,blue,sporty,Unisex,-,,No,-,あおジャージズボン,pantalón sport azul,pantalón sport azul,pantalon survêt bleu,Läuferhose,pantalone tuta blu,파란 트레이닝 바지,1.0,26B2,2731,btms_jersey_blu,,,-
018,blue-grid skirt,,Skirt,Able Sisters,Summer,Yes,360,-,90,72,4,3,-,-,-,aqua,beige,basic,Female,Plaid,,No,-,みずいろこうしのスカート,falda reja azul,falda reja azul,jupe grille bleue,Gitterrock,gonna biancoblu,하늘색 체크무늬 치마,1.0,26A9,2728,btms_grid_blu,,,-
019,blue-stripe pants,,Pants,Able Sisters,-,Yes,480,-,120,96,6,3,-,-,-,blue,blue,basic,Unisex,H-Striped,,No,-,あおいボーダーパンツ,pantalón playa azul,pantalón playa azul,pantalon rayé bleu,Blauringelhose,pantalone grigioblu,파란 줄무늬 바지,1.0,26E7,2766,btms_border_blu,,,-
020,blue-zap pants,,Pants,Able Sisters,-,Yes,800,-,200,160,10,3,blue superhero,Sci-Fi / Toy Shop,-,white,blue,sporty,Male,-,,No,-,ヒーローズボンB,superpantalón azul,superpantalón azul,pantalon héros bleu,Blauheldenhose,pantalone eroe blu,히어로 바지 B,1.0,26AF,272E,btms_hero_blu,,,-
021,bone pants,,Pants,Able Sisters,-,Yes,480,-,120,96,6,3,-,Quirky,-,black,white,rock 'n' roll,Unisex,Nature,,No,-,ボーンなズボン,pantalón esqueleto,pantalón esqueleto,pantalon os,Knochenhose,pantalone ossa,뼈다귀 바지,1.0,268D,270C,btms_bone,,,bone pants
022,brown argyle skirt,,Skirt,GracieGrace,-,No,"3,600",-,900,-,45,251,-,-,-,black,brown,iconic,Female,Argyle,,No,-,アーガイルスカート,falda rombos marrón,falda pija marrón,jupe écossaise brune,Braun-Argyle-Rock,gonna a rombi beige,아가일 치마,1.0,26E2,2761,btms_argyle_brw,,,-
023,brown formal pants,,Pants,Able Sisters,-,Yes,480,-,120,96,6,3,-,-,-,brown,brown,official,Unisex,-,,No,-,ちゃいろフォーマルパンツ,pantalón lino marrón,pantalón lino marrón,pantalon chic brun,Cordhose,pantal. formale ocra,갈색 정장 바지,1.0,26ED,276C,btms_formal_brw,,,-
024,brown plaid shorts,,Short,GracieGrace,-,No,"3,600",-,900,-,45,251,-,-,-,brown,brown,basic,Unisex,Plaid,,No,-,ちゃいろハーフパンツ,bermuda tartán,bermuda tartán,short tartan brun,Braun-Karo-Hose,paio bermuda rame,갈색 반바지,1.0,26A4,2723,btms_halfcheck_brw,,,-
025,Callie pants,,Short,Cece's RV,-,No,"1,200",-,300,-,15,300,-,-,-,black,pink,rock 'n' roll,Female,-,,No,-,アオリのボトムス,bermuda de Mar,bermuda de Mar,short Ayo,Aioli-Hose,pantalone Stella,아오리 바지,1.4,-,2774,btms_spl_aori,,,-
026,cargo pants,,Pants,Able Sisters,-,Yes,480,-,120,96,6,3,-,-,-,green,green,rock 'n' roll,Unisex,-,,No,-,カーゴパンツ,pantalón cargo,pantalón cargo,pantalon cargo,Cargohose,pantalone con tasche,카고 바지,1.0,267B,26FA,btms_cargo,,,cargo pants
027,caveman shorts,,Short,Able Sisters,-,Yes,360,-,90,72,4,3,-,-,-,brown,yellow,historical,Male,Nature,,No,-,げんしじんなズボン,bermuda cavernícola,bermuda cavernícola,short caverne,Steinzeithose,paio bermuda sapiens,원시인 바지,1.0,2690,270F,btms_caveman,,,-
028,checkerboard skirt,,Skirt,Able Sisters,-,Yes,480,-,120,96,6,3,-,-,-,red,black,rock 'n' roll,Female,Plaid,,No,-,ギャンブラーなスカート,falda rojinegra,falda rojinegra,jupe rouge & noire,Spielrock,gonna a scacchi,갬블러 치마,1.0,26A2,2721,btms_gambler,,,-
029,chino pants,,Pants,Able Sisters,-,Yes,480,-,120,96,6,3,-,-,-,beige,beige,basic,Unisex,-,,No,-,チノパン,pantalón chino,pantalón chino,pantalon en toile,Khaki-Hose,pantalone beige,치노 팬츠,1.0,26C7,2746,btms_tino,,,-
030,corseted skirt,,Skirt,Able Sisters,-,Yes,480,-,120,96,6,3,-,Fairy Tale / Quirky,-,black,aqua,ornate,Female,-,,No,-,ゴシックなスカート,falda gótica,falda gótica,jupe corset,Korsettrock,gonna gotica,고딕풍 치마,1.0,26A8,2727,btms_gothic,,,-
031,cow pants,,Pants,GracieGrace,-,No,"3,600",-,900,-,45,251,-,-,-,white,black,flashy,Unisex,Animal,,No,-,ホルスタインなズボン,pantalón vaca,pantalón vaca,pantalon vache,Kuhhose,pantalone mucca,젖소무늬 바지,1.0,2685,2704,btms_anml_cow,,,-
032,cuffed pants,,Pants,Able Sisters,-,Yes,480,-,120,96,6,3,-,-,-,brown,aqua,cute,Male,-,,No,-,すそみせズボン,pantalón bajo vuelto,pantalón bajo vuelto,pantalon à revers,Umkrempelhose,pantalone risvolti,롤업 바지,1.0,26C4,2743,btms_shorten,,,cuffed pants
033,dapper skirt,,Skirt,Able Sisters,Winter,Yes,480,-,120,96,6,3,-,-,-,yellow,green,basic,Female,Plaid,,No,-,きいろツイードスカート,falda paseo oro,falda paseo oro,jupe pimpante,Alpaka-Rock,gonna festosa,노란색 트웨이드 치마,1.0,26CB,274A,btms_tweed_ylw,,,-
034,dark polka skirt,,Skirt,Able Sisters,Winter,Yes,480,-,120,96,6,3,-,-,-,black,colorful,modern,Female,Dotted,,No,-,くろマーブルスカート,falda topos noche,falda topos noche,jupe noire à pois,Ballonrock,gonna scura pois,검정 마블 치마,1.0,26BD,273C,btms_polka_blk,,,dark polka skirt
035,denim skirt,,Skirt,Able Sisters,-,Yes,480,-,120,96,6,3,-,-,-,blue,blue,sporty,Female,Argyle,,No,-,デニムスカート,falda vaquera,falda vaquera,jupe en jean,Bluejeansrock,gonna di jeans,데님 스커트,1.0,2683,2702,btms_denim_skirt,,,denim skirt
036,desert-camo pants,,Pants,Able Sisters,-,Yes,480,-,120,96,6,3,-,-,-,beige,brown,rock 'n' roll,Unisex,Nature,,No,-,デザートめいさいズボン,pantalón desierto,pantalón desierto,pantal. motif désert,Wüstenhose,pantal. mimetico oro,멋낸 밀리터리 바지,1.0,268F,270E,btms_camo_desert,,,-
037,dogtooth pants,,Pants,Able Sisters,Winter,Yes,480,-,120,96,6,3,-,-,-,black,gray,iconic,Unisex,Nature,,No,-,ちどりごうしのズボン,pantalón pata gallo,pantalón pata gallo,pantalon pied de coq,Pepita-Hose,pant. pied de poule,바람개비무늬 바지,1.0,267C,26FB,btms_hound,,,-
038,dragon leggings,,Pants,Able Sisters,Summer,Yes,320,-,80,64,4,3,-,Toy Shop,-,orange,black,sporty,Male,-,,No,-,ドラゴンレギンス,pantalón dragón,pantalón dragón,pantalon dragon,Drachenhose,pantalone drago,드래곤 레깅스,1.0,269F,271E,btms_dragon,,,-
039,dry-denim pants,,Pants,Able Sisters,-,Yes,480,-,120,96,6,3,-,-,-,blue,blue,basic,Male,-,,No,-,ノンウォッシュデニム,pantalón tejano,pantalón tejano,pantalon jean brut,Stonewashed-Hose,paio jeans scuri,논워싱 데님 바지,1.0,26DB,275A,btms_denim_nwash,,,dry-denim pants
040,dry-denim skirt,,Skirt,Able Sisters,-,Yes,480,-,120,96,6,3,-,-,-,blue,blue,rock 'n' roll,Female,-,,No,-,ノンウォッシュスカート,falda tejana,falda tejana,jupe en jean brut,Stonewashed-Rock,gonna di jeans scura,논워싱 치마,1.0,26E5,2764,btms_denim_n_skt,,,dry-denim skirt
041,emerald polka skirt,,Skirt,Able Sisters,-,Yes,600,-,150,120,7,3,-,-,-,blue,green,cute,Female,Dotted,,No,-,エメラルドドットスカート,falda esmeralda,falda esmeralda,jupe à pois émeraude,Türkis-Pünktchenrock,gonna turchese,에메랄드 도트 치마,1.0,26E1,2760,btms_dot_emg,,,-
042,explorer pants,,Short,Able Sisters,-,Yes,360,-,90,72,4,3,explorer,-,-,beige,beige,sporty,Male,-,,No,-,たんけんズボン,bermuda explorador,bermuda explorador,short aventure,Safarihose,p. bermuda esplorat.,탐험 바지,1.0,26A0,271F,btms_explorer,,,explorer pants
043,Festivale pants,,Pants,Able Sisters,Summer,Yes,480,-,120,96,6,33,-,-,-,colorful,colorful,iconic,Unisex,-,,No,-,サンバなパンツ,pantalón de carnaval,pantalón de carnaval,pantalon carnaval,Karnevalshose,pantalone samba,삼바 팬츠,1.0,26E8,2767,btms_samba,,,-
044,firefighter pants,,Pants,Able Sisters,-,Yes,360,-,90,72,4,3,firefighter,-,-,black,yellow,sporty,Male,-,,No,-,しょうぼうズボン,pantalón de bombero,pantalón de bombero,pantalon pompier,Feuerwehrhose,pantalone pompiere,소방관 바지,1.0,26A1,2720,btms_firefighter,,,-
045,flame pants,,Pants,Able Sisters,-,Yes,360,-,90,72,4,3,-,-,-,black,red,rock 'n' roll,Unisex,-,,No,-,ファイアーなズボン,pantalón fuego,pantalón fuego,pantalon flamme,Flammenhose,pantalone fiamma,파이어 바지,1.0,269D,271C,btms_fire,,,-
046,frog-costume pants,,Pants,Able Sisters,-,Yes,600,-,150,120,7,3,frog,-,-,green,green,cute,Unisex,Animal,,No,-,カエルなズボン,pantalón rana,pantalón rana,bas grenouille,Froschhose,pantalone rana,개구리 바지,1.0,2698,2717,btms_cstm_frog,,,frog-costume pants
047,funky-dot skirt,,Skirt,Able Sisters,-,Yes,360,-,90,72,4,3,-,Trendy,-,pink,purple,cute,Female,Dotted,,No,-,パープルドットスカート,falda topos lila,falda topos lila,jupe points,Funky-Rock,gonna pois lilla,보라색 도트 치마,1.0,269C,271B,btms_dot_ppl,,,-
048,Ganondorf pants,,Pants,Ganon's RV,-,No,"1,200",-,300,-,15,300,-,Toy Shop,-,brown,brown,iconic,Unisex,-,,No,-,ガノンドロフのズボン,pantalón Ganondorf,pantalón Ganondorf,pantalon Ganondorf,Ganondorf-Hose,pantalone Ganondorf,가논돌프 바지,1.4,-,2772,btms_nin_ganondorf,,,-
049,genie pants,,Pants,Able Sisters,-,Yes,360,-,90,72,4,3,genie,-,-,red,white,iconic,Male,-,,No,-,ペルシャなズボン,pantalón persa,pantalón persa,pantalon persan,Orient-Hose,pantalone persiano,페르시아 바지,1.0,26BC,273B,btms_persian,,,-
050,giraffe pants,,Pants,GracieGrace,-,No,"3,600",-,900,-,45,251,-,-,-,yellow,brown,flashy,Unisex,Animal,,No,-,キリンのズボン,pantalón jirafa,pantalón jirafa,pantalon girafe,Giraffenhose,pantalone giraffa,기린무늬 바지,1.0,2686,2705,btms_anml_giraffe,,,-
051,gold-armor pants,,Pants,Able Sisters,Fall,Yes,800,-,200,160,10,3,centurion,Antique / Quirky,-,yellow,yellow,historical,Male,-,,No,-,きんのすねあて,greba de oro,greba de oro,pantalon plates or,Goldrüstungshose,pantal. armatura oro,금갑 정강이 보호대,1.0,268A,2709,btms_armor_gld,,,-
052,grass skirt,,Skirt,Able Sisters,-,Yes,480,-,120,96,6,3,-,Harmonious / Rustic,-,brown,red,iconic,Unisex,-,,No,-,こしみの,falda de paja,falda de paja,jupe savane,Baströckchen,gonna fieno,도롱이 하의,1.0,26D8,2757,btms_koshimino,,,-
053,gray formal pants,,Pants,Able Sisters,-,Yes,480,-,120,96,6,3,-,-,-,gray,gray,official,Male,-,,No,-,グレーフォーマルパンツ,pantalón lino gris,pantalón lino gris,pantalon chic gris,Bundfaltenhose,pantal. form. grigio,회색 정장 바지,1.0,26D1,2750,btms_formal_gry,,,gray formal pants
054,gray formal skirt,,Skirt,Able Sisters,-,Yes,360,-,90,72,4,3,-,-,-,gray,gray,basic,Female,-,,No,-,グレーのスカート,falda lino gris,falda lino gris,jupe chic grise,Graurock,gonna formale grigia,회색 치마,1.0,26F1,2770,btms_formal_skt_gry,,,gray formal skirt
055,gray sweatpants,,Pants,Able Sisters,-,Yes,480,-,120,96,6,3,-,-,-,gray,gray,basic,Unisex,-,,No,-,グレーのスウェットパンツ,pantalón cómodo gris,pantalón cómodo gris,pantalon gris,Sofahose,pantal. tuta grigia,회색 스웨트 팬츠,1.0,269A,2719,btms_sweat_gry,,,-
056,gray tartan skirt,,Skirt,Able Sisters,-,Yes,360,-,90,72,4,3,-,-,-,gray,white,iconic,Female,Plaid,,No,-,グレータータンのスカート,falda tartán gris,falda tartán gris,jupe tartan grise,Tartanrock,gonna tartan nera,회색 타탄 치마,1.0,26C8,2747,btms_tartan_gry,,,-
057,gray-stripe pants,,Pants,Able Sisters,-,Yes,480,-,120,96,6,3,-,-,-,gray,gray,basic,Unisex,H-Striped,,No,-,グレーのボーダーパンツ,pantalón rayas gris,pantalón rayas gris,pantalon rayé gris,Grauringelhose,pantalone comodo,회색 줄무늬 바지,1.0,26DE,275D,btms_border_gry,,,-
058,green gingham shorts,,Short,Toby's RV,-,No,"1,200",-,300,-,15,300,-,Fairy Tale / Toy Shop,-,green,green,cute,Unisex,Plaid,,No,-,けろけろけろっぴなズボン,pantalón jardín zen,pantalón jardín zen,bas Kerokerokeroppi,Teich-Hose,pantalone ranocchio,케로케로케로피 바지,1.4,-,2773,btms_snr_keroppi,,,-
059,green gym shorts,,Short,Able Sisters,-,Yes,320,-,80,64,4,3,-,-,-,green,green,sporty,Unisex,-,,No,-,みどりのたいそうズボン,bermuda sport verde,bermuda sport verde,short sport vert,Sporthose,p. berm. sport verdi,초록 체육복 바지,1.0,26AD,272C,btms_gym_grn,,,-
060,green plaid shorts,,Short,Able Sisters,-,Yes,360,-,90,72,4,3,-,-,-,green,green,cute,Unisex,-,,No,-,みどりのハーフパンツ,bermuda cuadros,bermuda cuadros,short tartan vert,Grün-Karo-Hose,p. bermuda scozzesi,초록 반바지,1.0,269E,271D,btms_halfcheck_grn,,,green plaid shorts
061,green tartan pants,,Pants,Able Sisters,-,Yes,480,-,120,96,6,3,-,-,-,green,black,basic,Unisex,Plaid,,No,-,みどりのタータンパンツ,pantalón tartán jade,pantalón tartán jade,pantalon tartan vert,Kontrast-Karo-Hose,pantal. tartan verde,초록색 타탄 바지,1.0,26E4,2763,btms_tartan_grn,,,green tartan pants
062,green warm-up pants,,Pants,Able Sisters,-,Yes,480,-,120,96,6,3,-,-,-,green,green,sporty,Unisex,-,,No,-,みどりジャージズボン,pantalón sport verde,pantalón sport verde,pantalon survêt vert,Waldlaufhose,pantalone tuta verde,녹색 트레이닝 바지,1.0,26B3,2732,btms_jersey_grn,,,-
063,green-zap pants,,Pants,Able Sisters,-,Yes,800,-,200,160,10,3,green superhero,Sci-Fi / Toy Shop,-,white,green,sporty,Male,-,,No,-,ヒーローズボンG,superpantalón verde,superpantalón verde,pantalon héros vert,Grünheldenhose,pantalone eroe verde,히어로 바지 G,1.0,26B0,272F,btms_hero_grn,,,-
064,hero's pants,,Pants,Fortune,-,No,-,-,210,-,10,151,hero,Antique / Toy Shop,-,white,white,iconic,Male,-,,No,-,ゆうしゃのズボン,pantalón del héroe,pantalón del héroe,pantalon héroïque,Heldenhose,pantalone Link,용사 바지,1.0,2680,26FF,btms_nin_link,,,-
065,high-spirits pants,,Short,Holden's RV,-,No,"1,200",-,300,-,15,300,-,-,-,red,red,rock 'n' roll,Unisex,-,,Yes,-,ノリノリなズボン,pantalón buen humor,pantalón buen humor,short radieux,Übermut-Hose,pantalone euforico,하이 스피릿 바지,1.4,-,2775,btms_fueki,,,-
066,hot spring skirt,,Skirt,Able Sisters,Spring,Yes,480,-,120,96,6,3,-,Fairy Tale,-,pink,beige,iconic,Female,Nature,,No,-,ピンクチャイナスカート,falda rocío,falda rocío,jupe iris mauve,Seidenrock,gonna rosa vivo,중국풍 핑크 치마,1.0,2695,2714,btms_china_pnk,,,-
067,imperial pants,,Pants,Able Sisters,-,Yes,480,-,120,96,6,3,imperial,Harmonious,-,red,red,iconic,Unisex,-,,No,-,ちゅうかなズボン,pantalón imperial,pantalón imperial,pantalon Chine,Rotseidenhose,pantalone cinese,중국풍 바지,1.0,2696,2715,btms_chinese,,,-
068,jester pants,,Pants,Able Sisters,Spring,Yes,480,-,120,96,6,3,jester,Toy Shop,-,purple,yellow,flashy,Unisex,V-Striped,,No,-,ピエロのズボン,pantalón de bufón,pantalón de bufón,pantalon bouffon,Narrenhose,pantalone giullare,피에로 바지,1.0,26B5,2734,btms_jester,,,-
069,jinbei shorts,,Short,Able Sisters,-,Yes,360,-,90,72,4,3,-,Harmonious,-,gray,blue,iconic,Male,V-Striped,,No,-,じんべいのズボン,bermuda batín,bermuda batín,short jinbei,Jimbei-Hose,p. bermuda giapp.,동양풍 여름옷 바지,1.0,26C2,2741,btms_jinbe,,,-
070,jungle-camo pants,,Pants,Able Sisters,-,Yes,640,-,160,128,8,3,soldier,-,-,green,brown,rock 'n' roll,Unisex,-,,No,-,めいさいパンツ,pantalón camuflaje,pantalón camuflaje,pantalon mot. jungle,Dschungelhose,pantalone mimetico,밀리터리 바지,1.0,267A,26F9,btms_camo,,,-
071,jungle-camo shorts,,Short,Able Sisters,-,Yes,640,-,160,128,8,3,soldier,-,-,green,brown,rock 'n' roll,Unisex,-,,No,-,めいさいハーフパンツ,bermuda camuflaje,bermuda camuflaje,short motif jungle,Dschungel-Sporthose,p. bermuda mimetici,밀리터리 반바지,1.0,2679,26F8,btms_camo,,,jungle-camo shorts
072,kappa-costume pants,,Pants,Souvenir Shop,-,No,-,15,187,149,9,199,turtle,-,-,green,green,flashy,Unisex,Animal,,No,-,カッパなズボン,pantalón kappa,pantalón kappa,bas kappa,Käpten-Hose,pantalone tartaruga,거북이 바지,1.0,2699,2718,btms_cstm_kappa,,,-
073,kilt,,Skirt,Able Sisters,-,Yes,600,-,150,120,7,3,-,-,-,purple,purple,iconic,Male,-,,No,-,キルト,kilt,kilt,kilt,Kilt,kilt,킬트,1.0,26C5,2744,btms_kilt,,,kilt
074,kung-fu pants,,Pants,Able Sisters,-,Yes,360,-,90,72,4,3,-,Harmonious,-,black,black,sporty,Male,-,,No,-,カンフーなズボン,pantalón kung-fu,pantalón kung-fu,pantalon kung-fu,Kung-Fu-Hose,pantalone kung-fu,쿵푸 바지,1.0,26B6,2735,btms_kungfu,,,-
075,leopard pants,,Pants,Able Sisters,-,Yes,480,-,120,96,6,3,-,-,-,yellow,brown,rock 'n' roll,Male,Animal,,No,-,ヒョウがらのズボン,pantalón leopardo,pantalón leopardo,pantalon léopard,Leopardenhose,pantalone leopardo,표범무늬 바지,1.0,2681,2700,btms_anml_leopard,,,-
076,leopard skirt,,Skirt,Able Sisters,-,Yes,480,-,120,96,6,3,-,-,-,yellow,brown,rock 'n' roll,Female,Animal,,No,-,ヒョウがらのスカート,falda leopardo,falda leopardo,jupe léopard,Leopardenrock,gonna leopardo,표범무늬 치마,1.0,2682,2701,btms_anml_leo_skt,,,-
077,lite polka skirt,,Skirt,Able Sisters,-,Yes,480,-,120,96,6,3,-,-,-,white,colorful,cute,Female,Dotted,,No,-,しろマーブルなスカート,falda topos día,falda topos día,jupe blanche à pois,Konfettirock,gonna tenue pois,하얀 마블 치마,1.0,2684,2703,btms_polka_wht,,,lite polka skirt
078,matador's pants,,Pants,GracieGrace,Winter,No,"3,600",-,900,-,45,299,-,-,-,black,orange,sporty,Male,-,,No,Iberian pants,とうぎゅうしのズボン,pantalón de luces,pantalón de luces,pantalon ibérique,Matadorhose,pantalone da torero,투우사 바지,1.0,268B,270A,btms_matador,,,-
079,military pants,,Pants,Able Sisters,-,Yes,600,-,150,120,7,3,-,Antique,-,green,green,official,Male,-,,No,-,へいたいズボン,pantalón militar,pantalón militar,pantalon militaire,Militärhose,pantalone militare,군인 바지,1.0,26B8,2737,btms_military,,,-
080,mint gingham skirt,,Skirt,Able Sisters,-,Yes,480,-,120,96,6,3,-,-,-,green,brown,basic,Female,Plaid,,No,-,ミントギンガムなスカート,falda vichy menta,falda vichy menta,jupe vichy menthe,Mint-Karo-Rock,gonna menta,민트 깅엄 치마,1.0,26A6,2725,btms_gingham_mint,,,-
081,mummy pants,,Pants,Able Sisters,-,Yes,480,-,120,96,6,3,mummy,Quirky,-,white,white,flashy,Male,-,,No,-,ほうたいパンツ,pantalón de momia,pantalón de momia,pantalon momie,Mumienhose,pantalone mummia,붕대 바지,1.0,26B9,2738,btms_mummy,,,mummy pants
082,natty skirt,,Skirt,Able Sisters,Summer,Yes,480,-,120,96,6,3,-,Fairy Tale,-,pink,blue,cute,Female,Plaid,,No,-,ピンクツイードスカート,falda paseo rosa,falda paseo rosa,jupe filet,Mohair-Rock,gonna di classe,핑크 트웨이드 치마,1.0,26CA,2749,btms_tweed_pnk,,,natty skirt
083,navy formal pants,,Pants,Able Sisters,-,Yes,480,-,120,96,6,3,-,-,-,blue,blue,official,Male,-,,No,-,こんいろフォーマルパンツ,pantalón lino azul,pantalón lino azul,pantalon chic marine,Nachtblauhose,pantal. formale blu,남색 정장 바지,1.0,26D2,2751,btms_formal_nvy,,,navy formal pants
084,navy formal skirt,,Skirt,Able Sisters,-,Yes,360,-,90,72,4,3,-,-,-,blue,blue,basic,Female,-,,No,-,こんいろスカート,falda lino azul,falda lino azul,jupe chic marine,Nachtblaurock,gonna formale blu,남색 치마,1.0,26F2,2771,btms_formal_skt_nvy,,,navy formal skirt
085,new spring skirt,,Skirt,Able Sisters,Spring,Yes,480,-,120,96,6,3,-,-,-,purple,pink,iconic,Female,Nature,,No,-,ブルーチャイナスカート,falda escarcha,falda escarcha,jupe iris bleue,Satinrock,gonna violette,중국풍 파란 치마,1.0,2694,2713,btms_china_blu,,,-
086,ninja pants,,Pants,Able Sisters,-,Yes,480,-,120,96,6,3,ninja,-,-,blue,blue,historical,Male,-,,No,-,しのびのズボン,pantalón de ninja,pantalón de ninja,pantalon ninja,Ninjahose,pantalone ninja,닌자 바지,1.0,26BB,273A,btms_ninja,,,-
087,orange pants,,Pants,Able Sisters,-,Yes,480,-,120,96,6,3,worker,-,-,orange,orange,sporty,Unisex,-,,No,-,オレンジさぎょうぎズボン,pantalón de trabajo,pantalón de trabajo,pantalon d'ouvrier,Arbeitshose,pantalone da lavoro,오렌지 작업복 바지,1.0,26CD,274C,btms_worker_org,,,orange pants
088,pastel-check skirt,,Skirt,Able Sisters,-,Yes,360,-,90,72,4,3,-,-,-,colorful,colorful,cute,Female,Plaid,,No,-,さわやかチェックスカート,falda cuadritos,falda cuadritos,jupe multicolore,Gute-Laune-Rock,gonna leggera,산뜻한 체크무늬 치마,1.0,26D7,2756,btms_check_fresh,,,-
089,patched-knee pants,,Pants,GracieGrace,-,No,"3,600",-,900,-,45,251,-,-,-,black,red,iconic,Unisex,-,,No,-,ひざあてズボン,pantalón rodilleras,pantalón rodilleras,pantalon renforcé,Spielplatzhose,pantal. toppe rosse,덧댄 바지,1.0,26AA,2729,btms_knee,,,patched-knee pants
090,pep-squad skirt,,Skirt,Able Sisters,-,Yes,640,-,160,128,8,3,-,-,-,white,white,sporty,Female,-,,No,-,チアリーダーなスカート,falda animadora,falda animadora,jupe soda,Cheerleader-Rock,gonna cheerleader,치어리더 치마,1.0,2693,2712,btms_cheer,,,pep-squad skirt
091,picnic skirt,,Skirt,Able Sisters,Fall,Yes,480,-,120,96,6,3,-,-,-,pink,purple,basic,Female,Plaid,,No,-,ベリーギンガムなスカート,falda vichy lila,falda vichy lila,jupe vichy sorbet,Rosa-Karo-Rock,gonna amarena,베리 깅엄 치마,1.0,26A3,2722,btms_gingham_berry,,,picnic skirt
092,pink argyle skirt,,Skirt,GracieGrace,-,No,"3,600",-,900,-,45,251,-,Fairy Tale,-,brown,pink,iconic,Female,Argyle,,No,-,ピンクアーガイルスカート,falda rombos rosa,falda pija rosa,jupe écossaise rose,Rosa-Argyle-Rock,gonna a rombi rosa,핑크색 아가일 치마,1.0,26E3,2762,btms_argyle_pnk,,,-
093,pink pj bottoms,,Pants,Able Sisters,-,Yes,240,-,60,48,3,3,-,-,-,pink,pink,basic,Female,V-Striped,,No,-,あかパジャマズボン,pantalón pijama rosa,pantalón pijama rosa,pantalon pyj. rose,Mädchen-Pyjamahose,pantal. pigiama rosa,빨간 파자마 바지,1.0,26E9,2768,btms_pajama_red,,,-
094,pink sweatpants,,Pants,Able Sisters,-,Yes,360,-,90,72,4,3,-,Fairy Tale,-,pink,pink,sporty,Unisex,-,,No,-,ピンクのスウェットパンツ,pantalón cómodo rosa,pantalón cómodo rosa,pantalon rose,Aerobic-Hose,pantalone tuta rosa,핑크색 스웨트 팬츠,1.0,26C6,2745,btms_sweat_pnk,,,-
095,pleather pants,,Pants,GracieGrace,-,No,"3,600",-,900,-,45,299,-,-,-,black,black,rock 'n' roll,Unisex,-,,No,-,レザーパンツ,pantalón polipiel,pantalón polipiel,pantalon en cuir,Kunstlederhose,pantalone ecopelle,가죽 바지,1.0,26B7,2736,btms_leather,,,pleather pants
096,racing pants,,Pants,Able Sisters,-,Yes,640,-,160,128,8,3,racer,Toy Shop,-,red,white,sporty,Male,-,,No,-,レーサーなズボン,pantalón carreras,pantalón carreras,pantalon pilote,Rennfahrerhose,pantalone da pilota,카레이서 바지,1.0,26BE,273D,btms_racer,,,-
097,rainbow plaid shorts,,Short,GracieGrace,-,No,"3,600",-,900,-,45,251,-,-,-,colorful,colorful,cute,Unisex,Plaid,,No,-,チェックのハーフパンツ,bermuda arcoíris,bermuda arcoíris,short arc-en-ciel,Regenbogenhose,paio bermuda allegri,체크무늬 반바지,1.0,26A5,2724,btms_half_colorful,,,rainbow plaid shorts
098,red boxing shorts,,Short,Able Sisters,-,Yes,400,-,100,80,5,3,-,-,-,gray,red,sporty,Unisex,-,,No,-,あかいボクサーパンツ,bermuda roja,bermuda roja,short de boxe rouge,Rotboxerhose,p. berm. boxe rossi,빨간 복서 팬츠,1.0,2692,2711,btms_boxing_red,,,-
099,red gym shorts,,Short,Able Sisters,Summer,Yes,320,-,80,64,4,3,-,-,-,red,red,sporty,Unisex,-,,No,-,あかいたいそうズボン,bermuda sport roja,bermuda sport roja,short sport rouge,Fitnesshose,p. berm. sport rossi,빨간 체육복 바지,1.0,26AE,272D,btms_gym_red,,,-
100,red plaid skirt,,Skirt,Able Sisters,-,Yes,360,-,90,72,4,3,-,-,-,red,orange,cute,Female,Plaid,,No,-,あかいチェックスカート,falda cuadros rojiza,falda cuadros rojiza,jupe losanges orange,Bernsteinrock,gonna settembrina,빨간 체크무늬 치마,1.0,26D6,2755,btms_check_red,,,red plaid skirt
101,red polka skirt,,Skirt,Able Sisters,-,Yes,360,-,90,72,4,3,-,-,-,red,red,cute,Female,Dotted,,No,-,あかいドットスカート,falda topos roja,falda topos roja,jupe à pois rouge,Fliegenpilzrock,gonna rossa puntini,빨간 도트 치마,1.0,26DA,2759,btms_dot_red,,,-
102,red tartan pants,,Pants,Able Sisters,Fall,Yes,360,-,90,72,4,3,-,-,-,red,orange,iconic,Unisex,Plaid,,No,-,あかいタータンパンツ,pantalón tartán rojo,pantalón tartán rojo,pantal. tartan rouge,Schottenkarohose,pantal. tartan rosso,빨간색 타탄 바지,1.0,26D9,2758,btms_tartan_red,,,red tartan pants
103,red warm-up pants,,Pants,Able Sisters,Winter,Yes,480,-,120,96,6,3,-,-,-,red,red,sporty,Unisex,-,,No,-,あかジャージズボン,pantalón sport rojo,pantalón sport rojo,pantal. survêt rouge,Trainingshose,pantalone tuta rossa,빨간 트레이닝 바지,1.0,26B4,2733,btms_jersey_red,,,-
104,red-grid skirt,,Skirt,Able Sisters,Fall,Yes,360,-,90,72,4,3,-,-,-,brown,beige,basic,Female,Plaid,,No,-,あきいろこうしのスカート,falda reja roja,falda reja roja,jupe grille rouge,Käfigrock,gonna giallorossa,가을색 체크무늬 치마,1.0,26AB,272A,btms_grid_fall,,,-
105,red-stripe pants,,Pants,Able Sisters,-,Yes,360,-,90,72,4,3,-,-,-,red,white,flashy,Unisex,H-Striped,,No,-,あかいボーダーパンツ,pantalón rayas rojo,pantalón rayas rojo,pantalon rayé rouge,Rotringelhose,pantal. rosa e beige,빨간 줄무늬 바지,1.0,26D5,2754,btms_border_red,,,red-stripe pants
106,red-zap pants,,Pants,Able Sisters,-,Yes,800,-,200,160,10,3,red superhero,Sci-Fi / Toy Shop,-,white,red,sporty,Male,-,,No,-,ヒーローズボンR,superpantalón rojo,superpantalón rojo,pantalon héros rouge,Rotheldenhose,pantalone eroe rosso,히어로 바지 R,1.0,26B1,2730,btms_hero_red,,,-
107,relay shorts,,Short,Able Sisters,-,Yes,360,-,90,72,4,3,-,-,-,purple,purple,sporty,Unisex,-,,No,-,りくじょうたんパン,bermuda maratón,bermuda maratón,short marathon,Radlerhose,p. bermuda maratona,육상 선수 반바지,1.0,26EC,276B,btms_ekiden,,,-
108,royal shorts,,Short,Able Sisters,-,Yes,"1,200",-,300,240,15,3,king,Antique,-,red,yellow,ornate,Male,-,,No,-,おうさまパンツ,bermuda real,bermuda real,short royal,Königshose,paio bermuda reali,임금님 바지,1.0,26EE,276D,btms_royal,,,-
109,running pants,,Pants,Able Sisters,-,Yes,360,-,90,72,4,3,-,-,-,black,white,sporty,Unisex,-,,No,-,ランニングスパッツ,pantalón jogging,pantalón jogging,pantalon footing,Sprinterhose,pantalone da jogging,러닝 스판 팬츠,1.0,26D0,274F,btms_spats,,,-
110,sailor skirt,,Skirt,Able Sisters,-,Yes,600,-,150,120,7,3,-,-,-,blue,blue,official,Female,-,,No,-,セーラーふくのスカート,falda marinera,falda marinera,jupe matelot,Marinerock,gonna marinara,세일러복 치마,1.0,26C0,273F,btms_sailor,,,sailor skirt
111,samurai pants,,Pants,Able Sisters,-,Yes,800,-,200,160,10,3,samurai,Harmonious / Antique / Quirky,-,black,blue,historical,Male,-,,No,-,かっちゅうのすねあて,pantalón samurái,pantalón samurái,pantalon samouraï,Samuraihose,pantalone samurai,일본 무사 정강이 보호대,1.0,26C1,2740,btms_samurai,,,-
112,Santa pants,,Pants,Able Sisters,Winter,Yes,800,-,200,160,10,33,-,Toy Shop,Dec 1-31,red,white,cute,Unisex,-,,No,-,サンタのズボン,pantalón festivo,pantalón festivo,pantalon père Noël,Weihnachtsmannhose,pantal. Babbo Natale,산타 바지,1.0,267F,26FE,btms_xmas,,,Santa pants
113,scale-armor pants,,Pants,Able Sisters,-,Yes,"1,000",-,250,200,12,3,viking,Antique / Quirky,-,blue,aqua,historical,Male,-,,No,-,うろこよろいズボン,greba cota de malla,greba cota de malla,pantalon d'écailles,Schuppenpanzerhose,pant. cotta di magl.,미늘갑옷 바지,1.0,26EF,276E,btms_scale,,,-
114,Sheik pants,,Pants,Epona's RV,-,No,"1,200",-,300,-,15,300,-,Toy Shop,-,blue,black,iconic,Unisex,-,,No,-,シークのズボン,pantalón de Sheik,pantalón de Sheik,pantalon Sheik,Shiek-Hose,pantalone Sheik,시크 바지,1.4,-,2776,btms_nin_sheik,,,-
115,soccer shorts,,Short,Able Sisters,-,Yes,600,-,150,120,7,3,-,-,-,blue,blue,sporty,Male,-,,No,-,ラテンユニフォームズボン,pantalón fútbol,pantalón fútbol,short Brésil,WM-Hose,paio bermuda calcio,라틴풍 유니폼 바지,1.0,26CC,274B,btms_unfm_latin,,,-
116,space pants,,Pants,Able Sisters,-,Yes,800,-,200,160,10,3,astronaut,Toy Shop,-,white,white,sporty,Male,-,,No,-,うちゅうふくのズボン,pantalón espacial,pantalón espacial,pantalon spatial,Astronautenhose,pantalone spaziale,우주복 바지,1.0,26C3,2742,btms_space,,,-
117,tan dogtooth pants,,Pants,Able Sisters,-,Yes,480,-,120,96,6,3,-,-,-,brown,brown,iconic,Unisex,Plaid,,No,-,セピアちどりごうしズボン,pantalón sabueso,pantalón sabueso,pantalon p. coq brun,Schokohose,pantalone zampetta,갈색 바람개비무늬 바지,1.0,267D,26FC,btms_hound_sepia,,,-
118,tiger pants,,Pants,GracieGrace,-,No,"3,600",-,900,-,45,251,-,-,-,yellow,black,rock 'n' roll,Unisex,Animal,,No,-,とらじまのズボン,pantalón tigre,pantalón tigre,pantalon tigre,Tigerhose,pantalone tigre,호랑이무늬 바지,1.0,2687,2706,btms_anml_tiger,,,-
119,two-tone pants,,Pants,GracieGrace,-,No,"3,600",-,900,-,45,251,-,-,-,beige,red,flashy,Unisex,-,,No,-,ツートンなズボン,pantalón bicolor,pantalón bicolor,pantalon bicolore,Zweifarbhose,pantalone bicolore,투톤 바지,1.0,26C9,2748,btms_two_tone,,,-
120,Varia Suit pants,,Pants,Fortune,-,No,-,-,210,-,10,151,bounty hunter,Sci-Fi / Toy Shop,-,orange,orange,rock 'n' roll,Unisex,-,,No,-,バリアスーツ・レッグ,pantalón climático,pantalón climático,pantalon Varia,Varia-Hose,pantalone termotuta,배리어 슈트 바지,1.0,26BA,2739,btms_nin_samus,,,-
121,western pants,,Pants,Able Sisters,-,Yes,360,-,90,72,4,3,cowboy,-,-,brown,brown,iconic,Male,-,,No,-,カウボーイパンツ,pantalón de vaquero,pantalón de vaquero,pantalon western,Western-Hose,pantalone cowboy,카우보이 바지,1.0,269B,271A,btms_cowboy,,,western pants
122,white formal pants,,Pants,GracieGrace,-,No,"3,600",-,900,-,45,299,-,-,-,white,white,official,Unisex,-,,No,-,しろいフォーマルパンツ,pantalón lino blanco,pantalón lino blanco,pantalon chic blanc,Yachthose,pant. formale bianco,하얀 정장 바지,1.0,26D4,2753,btms_formal_wht,,,white formal pants
123,white-lace skirt,,Skirt,GracieGrace,-,No,"3,600",-,900,-,45,251,-,-,-,white,white,cute,Female,-,,No,-,しろいレーススカート,falda encaje,falda encaje,jupe dentelle,Spitzenrock,gonna merlettata,하얀 레이스 치마,1.0,26BF,273E,btms_lace_wht,,,-
124,worn-out jeans,,Pants,GracieGrace,-,No,"3,600",-,900,-,45,299,-,-,-,blue,blue,rock 'n' roll,Unisex,-,,No,-,あなあきデニム,pantalón agujereado,pantalón agujereado,pantalon jean usé,Fetzenjeanshose,paio jeans strappati,찢어진 데님 바지,1.0,26E0,275F,btms_denim_hole,,,worn-out jeans
125,wrestler pants,,Pants,Able Sisters,-,Yes,360,-,90,72,4,3,pro wrestler,-,-,aqua,red,sporty,Male,-,,No,-,プロレスパンツ,pantalón luchador,pantalón luchador,pantalon catch,Wrestlinghose,pantalone wrestling,프로 레슬링 바지,1.0,26CE,274D,btms_wrestler,,,wrestler pants
126,zebra pants,,Pants,GracieGrace,-,No,"3,600",-,900,-,45,251,-,-,-,white,black,rock 'n' roll,Unisex,Animal,,No,-,ゼブラなズボン,pantalón cebra,pantalón cebra,pantalon zèbre,Zebrahose,pantalone zebra,얼룩말무늬 바지,1.0,2688,2707,btms_anml_zebra,,,-
-,patched pants,,Pants,Villagers,-,No,-,-,-400,-,-,51,-,-,-,beige,gray,historical,Unisex,-,,No,-,ボロのズボン,pantalón remiendos,pantalón remiendos,pantalon rapiécé,Flickenhose,pantalone rattoppato,낡은 바지,1.0,267E,26FD,btms_patched,,,-