#,Name,Image,Icon,Availability,Availability 1,Time 1,Availability 2,Time 2,Availability 3,Time 3,Availability 4,Time 4,Location,Tortimer Island Time,Spawn in Island Tour,Sell Price (Re-Tail),Sell Price (Nooklings),Sell Price (Leila),Season (Encyclopedia),Time (Encyclopedia),Size Range (Encyclopedia),Furniture Size,HHA Base Points,Furniture Image,When HHA Lucky,Source Group,Museum Description,Catch Quote,Catch Quote 2,Name (Japanese),Name (Spanish NA),Name (Spanish EU),Name (French),Name (German),Name (Italian),Name (Korean),Hex ID (1.0),Hex ID (1.4),Model Filename,New To Series,Name (GCN),Name (WW),Name (CF),Name (NH)
1,common butterfly,,,Mar - Jun; Sep,Mar - Jun,4 AM - 7 PM,Sep,8 AM - 4 PM,-,-,-,-,Flying near flowers,-,Yes,90,72,4,Spring,Morning-Evening,,1x1,3,,Feb 25 - May 31,75,"Seen flapping in the sun, common butterflies can be identified by black spots on their white wings. To the human eye, both males and females look white, but there are actually subtle differences. On closer inspection, the males' wings look black while the females' wings look white. The caterpillars have been known to cause damage to farmers' crops.",I caught a common butterfly! How could I resist?,-,モンシロチョウ,mariposa común,mariposa común,piéride de la rave,Kohlweißling,farfalla comune,배추흰나비,2286,228E,int_ins_monsiro,,,,,common butterfly
2,yellow butterfly,,,Mar - Jun; Sep,Mar - Jun,4 AM - 7 PM,Sep,8 AM - 4 PM,-,-,-,-,Flying near flowers,-,Yes,90,72,4,Spring,Morning-Evening,,1x1,3,,Feb 25 - May 31,75,"The yellow butterfly is similar to the common butterfly, with the two easily mistaken for one another. Males are more often a yellowish color, and females are more often white. The larvae feed on plants of the Fabaceae family, such as milk vetch or white clover.",I caught a yellow butterfly! Now to catch a toastfly!,-,モンキチョウ,mariposa colias,mariposa colias,citrin,Zitronenfalter,farfalla gialla,노랑나비,2287,228F,int_ins_monki,,,,,yellow butterfly
3,tiger butterfly,,,Mar - Sep,Mar - Jun,4 AM - 7 PM,Jul - Aug,8 AM - 5 PM,Sep,8 AM - 4 PM,-,-,Flying near red and pink flowers,8 AM - 5 PM,No,160,128,8,Spring-Summer,Morning-Evening,,1x1,3,,Feb 25 - May 31,75,"The larvae of tiger butterflies feed on leaves of orange trees until they metamorphose. When they're threatened, they emit a foul smell from their antennae to protect themselves. The dusting you see on your fingers whenever you touch their wings is actually from their scales. These scales form the wing pattern as well as repel rainwater, making them very important for survival.",I caught a tiger butterfly! Looks like I pounced first!,-,アゲハチョウ,mariposa tigre,mariposa tigre,machaon,Schwalbenschwanz,farfalla tigre,호랑나비,2288,2290,int_ins_ageha,,,,,tiger butterfly
4,peacock butterfly,,,Mar - Sep,Mar - Jun,4 AM - 7 PM,Jul,4 AM - 5 PM,Aug,8 AM - 5 PM,Sep,8 AM - 4 PM,"Flying near blue, purple, and black flowers",8 AM - 5 PM,No,220,176,11,Spring-Summer,Morning-Evening,,1x1,3,,-,0D,"The back of the wings of a peacock butterfly is black, while the front is blue or green. The males have black, velvet hair on their forewings and are easy to spot because of their beauty. Sometimes you may see a group of male peacock butterflies drinking water together.",I caught a peacock butterfly! Is it a bird or a bug?!,-,カラスアゲハ,mariposa bianor,mariposa bianor,papilio bianor,Pfaufalter,farfalla vanessa io,제비나비,2289,2291,int_ins_karasu,,,,,peacock butterfly
5,monarch butterfly,,,Sep - Nov,Sep - Oct,4 AM - 5 PM,Nov,8 AM - 5 PM,-,-,-,-,Flying near flowers,8 AM - 5 PM,No,140,112,7,Fall,Morning-Evening,,1x1,3,,-,0D,"Monarch butterflies are known for their lengthy southward migrations in the winter. Once spring rolls around, they return to their original homes until the weather turns cold again. In their southern habitat during winter, you may see thousands of them covering the trees.",I caught a monarch butterfly! Who rules now? I rule now!,-,オオカバマダラ,mariposa monarca,mariposa monarca,monarque,Monarchfalter,farfalla monarca,왕나비,228A,2292,int_ins_ookaba,,,,,monarch butterfly
6,emperor butterfly,,,Jun - Sep,Jun - Sep,5 PM - 8 AM,-,-,-,-,-,-,Flying near flowers,7 PM - 8 AM,No,"2,500","2,000",125,Summer,Night-Morning,,1x1,3,,-,0D,"Emperor butterflies are easily recognized because of their lovely, iridescent blue wings. Pigmentation isn't actually what causes the color, but rather the reflections on their wing scales. Since their wings shimmer when moving, noticing them is much easier when they are midflight.","I caught an emperor butterfly! Feeling blue, Your Majesty?",-,モルフォチョウ,mariposa celeste,mariposa celeste,morpho bleu,Himmelsfalter,farfalla morfo blu,몰포나비,228B,2293,int_ins_morpho,,,,,emperor butterfly
7,agrias butterfly,,,Jun - Sep,Jun - Sep,8 AM - 5 PM,-,-,-,-,-,-,Flying near flowers,8 AM - 5 PM,No,"3,000","2,400",150,Summer,Morning-Evening,,1x1,3,,-,0D,"Agrias butterflies are argued to have the most beautiful wings of all butterfly species. They're capable of flying quite fast, making them more difficult to catch than a number of their peers. Their wings sport three colors—red, blue, and black—but many have different patterns and shapes.",I caught an agrias butterfly! I guess this one agreed with me!,-,ミイロタテハ,mariposa narciso,mariposa narciso,agrias,Agrias-Falter,farfalla agrias,아그리스나비,228C,2294,int_ins_miiro,,,,,agrias butterfly
8,Raja B. butterfly,,,May - Sep,May - Sep,8 AM - 5 PM,-,-,-,-,-,-,Near freshwater,-,Yes,"2,500","2,000",125,Summer,Morning-Evening,,1x1,3,,-,0D,"Raja Brooke butterflies have red heads and a red strip around their necks, giving the look of a collar. They are known to drink hot-spring water and often hang around water flowing up from the ground. While males are vibrantly green, females are much more commonly seen with brown wings.",I caught a Raja Brooke butterfly! It's worth about as much as royalty!,-,アカエリアゲハ,mariposa alas Brooke,mariposa alas Brooke,brookiana,Rajah Brooke,farfalla Raja Brooke,부르키아나나비,228D,2295,int_ins_akaeri,,,,,Rajah Brooke's birdwing
9,birdwing butterfly,,,Jun - Sep,Jun - Sep,8 AM - 4 PM,-,-,-,-,-,-,Flying near flowers,8 AM - 4 PM,No,"4,000","3,200",200,Summer,Morning-Afternoon,,1x1,3,,-,0D,"The world's largest butterflies, birdwing butterflies, have wings that can measure 30 cm long. The females have longer wings than the males, while the males' wings have a deeper blue color. Though they are extremely popular with collectors, international trading is either limited or fully banned.",I caught a birdwing butterfly! Wow! It's about the size of a bird!,-,アレクサンドラアゲハ,mariposa alas pájaro,mariposa alas pájaro,ornithoptère,Vogelflügler,farfalla cobra,알렉산드라제비나비,228E,2296,int_ins_alex,,,,,Queen Alexandra's birdwing
10,moth,,,May - Sep,May - Sep,7 PM - 4 AM,-,-,-,-,-,-,Flying near light sources,-,No,60,48,-,Summer,Night,,1x1,3,,-,0D,"Moths are related to butterflies, but they're most often active at night instead of day. They use their large antennae to sense, smell, and guide themselves in the dark. Interestingly, the number of moth species is estimated at 160,000, so ""moth"" is a fairly broad descriptor.",I caught a moth! It finally saw the light!,-,ガ,polilla,polilla,papillon de nuit,Motte,falena,나방,228F,2297,int_ins_ga,,,,,moth
11,oak silk moth,,,Jun - Sep,Jun - Sep,7 PM - 4 AM,-,-,-,-,-,-,On trees (any kind),7 PM - 4 AM,No,"1,200",960,60,Summer,Night,,1x1,3,,-,0D,"Oak silk moths are seen in the summer and are one of the largest moth species in the world. They make silk from their mouths as they transition into the pupa stage. As adults, they don't eat anything and only live off the nutrients they stored while they were caterpillars.",I caught an oak silk moth! Who's smooth now?,-,ヤママユガ,polilla de seda,polilla de seda,coscinocera hercules,Seidenspinner,macaone,산누에나방,2290,2298,int_ins_ymmga,,,,,-
12,honeybee,,,Mar - Jul,Mar - Jun,8 AM - 5 PM,Jul,8 AM - 4 PM,-,-,-,-,Flying near flowers,-,No,100,80,-,Spring-Summer,Morning-Evening,,1x1,3,,-,0D,"Honeybees gather nectar from flowers and make honey, making them integral in many ecosystems. The worker bees are females and the only ones capable of stinging, though that is rather rare. The hive does contain males, but after mating season, they are all sent away. Honey has been consumed since ancient times. Cave paintings 8,000 years old show people eating honey.",I caught a honeybee! What a sweet catch!,-,ミツバチ,abeja melífera,abeja melífera,abeille naine,Honigbiene,ape operaia,꿀벌,2291,2299,int_ins_mitsu,,,,,honeybee
13,bee,,,All year,All year,All day,-,-,-,-,-,-,Shaking trees,-,No,"2,500","2,000",-,Year-round,Always,,1x1,3,,-,0D,"Bees are prone to attacking anyone who comes too close to their hive, so be careful when approaching! The yellow and black you see on their bodies are colors often used to convey danger. This danger is pretty significant, as many varieties of bees are capable of stinging multiple times.",I caught a bee! Bzzz! Bzzz! Bzzz! Phew! ...But why am I still holding it?!,-,ハチ,abeja,abeja,abeille,Biene,ape,벌,2292,229A,int_ins_suzume,,,,,wasp
14,long locust,,,May - Nov,May - Nov,8 AM - 7 PM,-,-,-,-,-,-,On the ground,8 AM – 7 PM,No,200,160,10,Summer-Fall,Morning-Evening,,1x1,3,,-,0D,"When male long locusts jump, you can hear the trademark stridulation noise they make. Long locusts can be green as well as brown. The brown ones usually hide near dried grass or brown areas. While males are long, females are consistently much longer, making it simple to tell them apart.",I caught a long locust! It got the short end of the stick!,-,ショウリョウバッタ,langosta alargada,langosta alargada,acrida cinerea,Nasenschrecke,acrida cinerea,방아깨비,2293,229B,int_ins_syouryou,,,,,long locust
15,migratory locust,,,Aug - Nov,Aug - Nov,8 AM - 7 PM,-,-,-,-,-,-,On the ground,8 AM - 7 PM,No,600,480,30,Summer-Fall,Morning-Evening,,1x1,3,,-,0D,"Migratory locusts are large insects that can jump up to 32 feet, as they open their wings when they jump. These locusts love to eat and can consume their own weight in food every single day. As a group, their hunger is enough that a million locusts can consume one ton of food per day. Oddly, when migratory locusts grow up surrounded only by other locusts, their shells will be entirely black.",I caught a migratory locust! It migrated to a good spot!,-,トノサマバッタ,langosta migratoria,langosta migratoria,criquet pèlerin,Wanderschrecke,locusta migratoria,섬풀무치,2294,229C,int_ins_tonosama,,,,,migratory locust
16,rice grasshopper,,,Aug - Nov,Aug - Nov,8 AM - 7 PM,-,-,-,-,-,-,On the ground,-,No,400,320,-,Summer-Fall,Morning-Evening,,1x1,3,,-,0D,"Rice grasshoppers are typically known as pests that eat farmers' crops, making them undesirable. But they're also edible, and boiling them in soy sauce is a typical way to prepare them in certain regions. While they are generally green, their shells will turn a darker color when heavily crowded in groups.",I caught a rice grasshopper! Now I just need a soy-sauce mantis!,-,イナゴ,langosta,langosta,criquet,Heuschrecke,locusta,메뚜기,2295,229D,int_ins_inago,,,,,rice grasshopper
17,mantis,,,Apr - Nov,Apr - Nov,8 AM - 5 PM,-,-,-,-,-,-,On flowers,8 AM – 5 PM,No,430,344,21,Spring-Fall,Morning-Evening,,1x1,3,,-,0D,"Mantises are known for the praying pose they sit in while ambushing unsuspecting prey. They'll snatch whatever is moving nearby and can even capture creatures larger than themselves. When threatened, mantises will spread their thin green wings to appear more intimidating.",I caught a mantis! Time to pay your respects!,-,カマキリ,mantis religiosa,mantis religiosa,mante religieuse,Gottesanbeterin,mantide,사마귀,2296,229E,int_ins_kama,,,,,mantis
18,orchid mantis,,,Apr - Nov,Apr - Nov,8 AM - 5 PM,-,-,-,-,-,-,On white flowers,8 AM - 5 PM,No,"2,400","1,920",120,Spring-Fall,Morning-Evening,,1x1,3,,-,0D,"Orchid mantises look like orchids and use them as camouflage for protection from predators. While this camouflage keeps them safe, it also helps them to surprise any prey that comes to the flowers. They are usually carnivorous, but they still eat the occasional banana to balance their vitamin intake.",I caught an orchid mantis! My eyes see all!,-,ハナカマキリ,mantis orquídea,mantis orquídea,mante orchidée,Orchideenmantis,mantide orchidea,연꽃사마귀,2297,229F,int_ins_hanakama,,,,,orchid mantis
19,brown cicada,,,Jul - Aug,Jul - Aug,8 AM - 5 PM,-,-,-,-,-,-,On trees (hardwood and cedar),-,No,200,160,-,Summer,Morning-Evening,,1x1,3,,Jun 1 - Aug 31,76,"The crying of brown cicadas is usually associated with the sound of hot oil sputtering. Their wings are brown instead of being transparent, making them a rare species throughout the world. While completely harmless by themselves, in swarms they can cause devastation to crops.",I caught a brown cicada! These things are everywhere!,-,アブラゼミ,cigarra marrón,cigarra marrón,cigale cercope,Erdzikade,cicala marrone,유지매미,2298,22A0,int_ins_abura,,,,,brown cicada
20,robust cicada,,,Jul - Aug,Jul - Aug,8 AM - 5 PM,-,-,-,-,-,-,On trees (hardwood and cedar),-,No,300,240,-,Summer,Morning-Evening,,1x1,3,,Jun 1 - Aug 31,76,"Robust cicadas are distinguished by the shortness of their bodies in relation to their wing size. They used to share territories with brown cicadas, but robust cicadas tend to prefer dry locales. As you'd expect, they make a rather robust call, though males actually change their sound around females.",I caught a robust cicada! It seems pretty lively to me!,I caught a robust cicada! They're pretty docile on rainy days.,ミンミンゼミ,cigarra oriental,cigarra oriental,cigale hyalessa,Mannazikade,cicala robusta,참매미,2299,22A1,int_ins_minmin,,,,,robust cicada
21,giant cicada,,,Jul - Aug,Jul - Aug,8 AM - 5 PM,-,-,-,-,-,-,On trees (hardwood and cedar),-,No,500,400,-,Summer,Morning-Evening,,1x1,3,,Jun 1 - Aug 31,76,"As the name might indicate, giant cicadas are one of the largest species of cicada in the world. They used to live mostly in warmer western Japan, but they've now also moved to urban eastern Japan. Though they're now common in these areas, they aren't well known in other parts of the world.",I caught a giant cicada! Luckily I didn't need a bean stalk!,I caught a giant cicada! Scratch that: a giant WET cicada!,クマゼミ,cigarra gigante,cigarra gigante,cigale géante,Riesenzikade,cicala gigante,곰매미,229A,22A2,int_ins_kuma,,,,,giant cicada
22,walker cicada,,,Jul - Sep,Jul - Sep,8 AM - 5 PM,-,-,-,-,-,-,On trees (hardwood and cedar),-,No,400,320,-,Summer,Morning-Evening,,1x1,3,,Jun 1 - Aug 31,76,"Walker cicadas have a unique crying sound that gives the impression they're all singing in harmony. They usually start crying late in the summer, so people can associate their sound with summer's end. This call is so related with summer in general, TV shows regularly use this cicada to indicate the season.",I caught a walker cicada! I'm the one walkin' the walk now!,"I caught a walker cicada! Walking in the rain, it seems!",ツクツクホウシ,cigarra común,cigarra común,cigale cicadelle,Bergzikade,cicala sputacchina,애매미,229B,22A3,int_ins_tsuku,,,,,walker cicada
23,evening cicada,,,Jul - Aug,Jul - Aug,4 AM - 8 AM & 4 PM - 7 PM,-,-,-,-,-,-,On trees (hardwood and cedar),-,No,550,440,-,Summer,Evening,,1x1,3,,-,0D,"Evening cicadas cry when it's dark out, regardless of what time of day it actually is. People tend to think it's the end of summer when they hear the cry of evening cicadas. However, this species of cicada starts crying at the end of the rainy season, which generally falls in July.",I caught an evening cicada! It just wasn't its night!,I caught an evening cicada! More like a RAINY-evening cicada!,ヒグラシ,cigarrilla,cigarrilla,cigale higurashi,Abendzikade,cicala notturna,쓰르라미,229C,22A4,int_ins_higu,,,,,evening cicada
24,cicada shell,,,Jul - Aug,Jul - Aug,All day,-,-,-,-,-,-,On trees (hardwood and cedar),-,No,100,80,-,Summer,Always,,1x1,3,,Jun 1 - Aug 31,76,"Cicada larvae emerge from the ground in the evening and molt on trees, leaving behind empty shells. It's possible to find out the species of cicadas just by looking at these shells. Collecting the shells will tell you how many and what kind of cicadas inhabit a certain area.",I found a cicada shell! It's just a shell of its former self!,-,セミのぬけがら,muda de cigarra,muda de cigarra,mue de cigale,Zikadenlarvenhaut,esuvia di cicala,매미 허물,229D,22A5,int_ins_seminuke,,,,,cicada shell
25,lantern fly,,,Jun - Sep,Jun; Sep,4 PM - 7 PM & 11 PM - 8 AM,Jul - Aug,4 PM - 8 AM,-,-,-,-,On trees (hardwood and cedar),4 PM – 8 AM,No,"1,800","1,440",90,Summer,Night-Morning,,1x1,3,,-,0D,"Lantern flies stay on trees to drink tree sap, which is where you'll most commonly find them. Their heads are shaped like alligators, though this is just an odd coincidence. Their wings have patterns that look like eyes so when they're open they can scare off predators. They don't really cry that much, but they are still related to cicadas to some extent.",I caught a lantern fly! Hmm. Must have run out of gas.,-,ビワハゴロモ,machaca,machaca,laternaria,Laternenträger,lanternaria,뿔매미,229E,22A6,int_ins_biwa,,,,,-
26,red dragonfly,,,Sep - Oct,Sep - Oct,8 AM - 7 PM,-,-,-,-,-,-,Flying,-,No,80,64,-,Fall,Morning-Evening,,1x1,3,,Sep 1 - Nov 24,77,"Red dragonflies are seen in the fall, as they're rather sensitive to the heat of summer. They stay in the mountains during summer and come down to the plains in cooler weather. The males' bodies turn red when they mature, but their heads and thoraxes are brownish. The females have a more yellowish color and aren't as red as the males, making them easy to tell apart.",I caught a red dragonfly! Wonder if it breathes fire...,-,アキアカネ,libélula roja,libélula roja,demoiselle,Feuerlibelle,libellula rossa,고추잠자리,229F,22A7,int_ins_akane,,,,,red dragonfly
27,darner dragonfly,,,Jun - Aug,Jun - Aug,8 AM - 5 PM,-,-,-,-,-,-,Flying,-,Yes,200,160,10,Summer,Morning-Evening,,1x1,3,,-,0D,"The heads and thoraxes of darner dragonflies are colored a lovely yellow green. The males have a light-blue spot on their bellies, which is not a trait the females share. Darner dragonflies can usually be seen flying around bodies of water such as lakes or ponds.",I caught a darner dragonfly! I got darn lucky!,-,ギンヤンマ,libélula cab. diablo,libélula cab. diablo,anax napolitain,Königslibelle,libellula depressa,왕잠자리,22A0,22A8,int_ins_ginyan,,,,,darner dragonfly
28,banded dragonfly,,,Jun - Aug,Jun - Aug,8 AM - 5 PM,-,-,-,-,-,-,Flying,-,Yes,"4,500","3,600",225,Summer,Morning-Evening,,1x1,3,,-,0D,"Banded dragonflies have black- and-yellow-striped bodies and bright-green eyes. They are large and can fly quite fast. They have strong jaws, so it might be painful if you're bitten. Their larval stage lasts two to four years, where they live near water, feeding on tadpoles and small fish.",I did it! I caught a banded dragonfly! Now to find the rest of its band!,-,オニヤンマ,libélula tigre,libélula tigre,cordulégastre,Quelljungfer,libellula striata,장수잠자리,22A1,22A9,int_ins_oniyan,,,,,banded dragonfly
29,petaltail dragonfly,,,Aug - Oct,Aug - Oct,5 PM - 7 PM,-,-,-,-,-,-,Flying,-,No,"8,000","6,400",-,Summer-Fall,Evening,,1x1,3,,-,0D,"Dragonflies very similar to petaltail dragonflies have been found in fossils from the Jurassic period. They are considered ""living fossils"" that haven't changed much since prehistoric times. Their wingspan is over 16 cm, making them the world's largest dragonfly.","I caught a petaltail dragonfly! It may be big, but I'm bigger!",-,テイオウムカシヤンマ,libélula gigante,libélula gigante,libellule géante,Riesenlibelle,libellula gigante,꽃잎꼬리잠자리,22A2,22AA,int_ins_mukashi,,,,,-
30,ant,,,All year,All year,All day,-,-,-,-,-,-,On rotten Turnips/Candy,-,No,80,64,-,Year-round,Always,,1x1,3,,-,0D,"Ants are small but very powerful and are able to carry items far heavier than they are. In the nest, there is a queen and also worker ants, making them somewhat similar to bees. In some habitats, ants actually make up between 15-20% of the area's total terrestrial-animal biomass.",I caught an ant! I'm exuber-ant! Well...not really...,-,アリ,hormiga,hormiga,fourmi,Ameise,formica,개미,22A3,22AB,int_ins_ari,,,,,ant
31,pondskater,,,May - Sep,May - Sep,8 AM - 7 PM,-,-,-,-,-,-,On rivers and ponds,-,No,130,104,-,Summer,Morning-Evening,,1x1,3,,-,0D,"Pondskaters distinguish themselves by having the ability to run on the surface of water. They have a mouth part that lets them suck up bugs that fall on the water's surface. Their wings allow them to freely move to different parts of the water's surface if the need arises. Some say they smell like candy, which is a rather curious association to make in the insect world.",I caught a pondskater! Why aren't they called pondskiers?,-,アメンボ,zapatero,zapatero,patineur,Wasserläufer,gerride,소금쟁이,22A4,22AC,int_ins_amembo,,,,,pondskater
32,diving beetle,,,May - Sep,May - Sep,8 AM - 5 PM,-,-,-,-,-,-,On rivers and ponds,-,No,800,640,-,Summer,Morning-Evening,,1x1,3,,-,0D,"Diving beetles swim using thick, hairy hind legs and clean the water by eating dead insects. They store a supply of air under their wings to breathe underwater and surface to replenish as needed. When they're caught by predators, they release a foul-smelling bluish fluid from their heads in defense.",I caught a diving beetle! It's like I have sonar or something!,-,ゲンゴロウ,escarabajo nadador,escarabajo nadador,dytique,Schwimmkäfer,ditisco,물방개,22A5,22AD,int_ins_gengorou,,,,,diving beetle
33,stinkbug,,,Apr - Oct,Apr - Oct,All day,-,-,-,-,-,-,On trees (hardwood and cedar),-,No,120,96,-,Spring-Fall,Always,,1x1,3,,-,0D,"Stinkbugs are known for their foul smell, enough to drive away most predators and people. The smell is so strong that if they release it in an airtight place, they pass out from their own smell. They like to gather in clumps to stay warm in sunshine, though they will seek out warm houses as well.","I caught a stinkbug! Yup, yup, that stinks all right!",-,カメムシ,chinche,chinche,punaise,Stinkwanze,cimice,노린재,22A6,22AE,int_ins_kamemushi,,,,,stinkbug
34,snail,,,Apr - Sep,Apr - Sep,All day,-,-,-,-,-,-,On Hibiscus Bushes (raining),-,No,250,200,-,Spring-Fall,Always,,1x1,3,,-,0D,"Snails are mollusks that live on land and are related to shellfish like clams and oysters. One snail can play the role of both a male and a female, so it can lay eggs all by itself. Newly hatched snails already have a tiny shell, so right from birth they are easily identified. Most species have clockwise spirals on their shells, though spirals that go counterclockwise are possible.","I caught a snail! OK, well, maybe I found a snail.",-,カタツムリ,caracol,caracol,escargot,Schnecke,chiocciola,달팽이,22A7,22AF,int_ins_kata,,,,,snail
35,cricket,,,Sep - Nov,Sep - Nov,5 PM - 8 AM,-,-,-,-,-,-,On the ground,-,No,130,104,-,Fall,Night-Morning,,1x1,3,,-,0D,"The chirping sound you often hear from male crickets is emitted by the stridulation of their wings. Crickets' ears are located just below the middle joint of each front leg. While this seems odd to us, it helps them easily pinpoint where various sounds are coming from.","I caught a cricket! That's a sticky wicket, isn't it?",-,コオロギ,grillo común,grillo común,grillon des prés,Grille,grillo,귀뚜라미,22A8,22B0,int_ins_koorogi,,,,,cricket
36,bell cricket,,,Sep - Oct,Sep - Oct,5 PM - 8 AM,-,-,-,-,-,-,On the ground,-,No,430,344,-,Fall,Night-Morning,,1x1,3,,-,0D,"The chirping sound of bell crickets is considered beautiful and tends to represent the coming of fall. This easily recognizable chirping is created when males of the species rub their forewings together. The resulting sound is much higher in pitch than the human voice, so it can't be heard over a phone.","I caught a bell cricket! Odd, it doesn't look like money...",-,スズムシ,grillo campana,grillo campana,grillon du Midi,Singgrille,suzumushi,방울벌레,22A9,22B1,int_ins_suzu,,,,,bell cricket
37,grasshopper,,,Jul - Sep,Jul,4 PM - 5 PM,Aug - Sep,8 AM - 5 PM,-,-,-,-,On the ground,8 AM - 5 PM,No,160,128,8,Summer,Morning-Evening,,1x1,3,,-,0D,"Grasshoppers are known for their unique songs, but unlike crickets, it doesn't come from their wings. Rather, the chirping sound comes from their rubbing their legs together. They look like a thicker version of locusts, but some species of grasshoppers actually eat locusts.",I caught a grasshopper! Seems it's hopped its last!,-,キリギリス,saltamontes,saltamontes,sauterelle,Grashüpfer,cavalletta,여치,22AA,22B2,int_ins_kirigiri,,,,,grasshopper
38,mole cricket,,,Nov - May,Nov - May,All day,-,-,-,-,-,-,Underground,-,No,280,224,-,Winter-Spring,Always,,1x1,3,,Nov 25 - Feb 24,78,"Mole crickets live underground in tunnels they dig themselves, moving freely through the soil. Their forelimbs resemble those of moles and are very suitable for the task of digging. They have large wings that allow them to fly, but they can also swim  if the need arises. In the past, people used to think the noise they made underground was actually coming from worms.",I caught a mole cricket! And I didn't even have to reset!,-,オケラ,grillo cebollero,grillo cebollero,taupe-grillon,Maulwurfsgrille,grillotalpa,땅강아지,22AB,22B3,int_ins_okera,,,,,mole cricket
39,walking leaf,,,Jul - Sep,Jul - Sep,8 AM - 5 PM,-,-,-,-,-,-,On the ground,-,No,600,480,-,Summer,Morning-Evening,,1x1,3,,-,0D,"Walking leaves look just like real leaves. They're related to walking sticks, which resemble twigs. The females are better at mimicking leaves than the males, though they can't fly. Their mimicking is so thorough that some of them even have fake bite marks on their bodies.",I caught a walking leaf! I'm glad it can't run!,-,コノハムシ,insecto hoja,insecto hoja,phyllie,Blattschrecke,insetto foglia,잎사귀벌레,22AC,22B4,int_ins_konoha,,,,,walking leaf
40,walking stick,,,Jul - Nov,Jul - Aug,4 AM - 8 AM & 5 PM - 7 PM,Sep - Nov,4 AM - 7 PM,-,-,-,-,On trees (any kind),4 AM - 8 AM & 5 PM - 7 PM,No,600,480,30,Summer-Fall,Morning-Evening,,1x1,3,,-,0D,"Walking sticks disguise themselves to confuse predators and are very closely related to walking leaves. They have cylindrical bodies that look like sticks. Some of them can even change their pigmentation. Females can lay eggs without the males, so most of the walking sticks you see are females.",I caught a walking stick! Check out its walking schtick!,-,ナナフシ,insecto palo,insecto palo,phasme,Stabschrecke,insetto stecco,긴수염대벌레,22AD,22B5,int_ins_nana,,,,,walking stick
41,bagworm,,,Oct - Feb,Oct - Feb,All day,-,-,-,-,-,-,Shaking trees (hardwood and cedar),-,No,300,240,-,Fall-Winter,Always,,1x1,3,,Nov 25 - Feb 24,78,"Bagworms are certain moths in caterpillar phase. They stay in cases or cocoons for warmth in winter. They construct their cases by sticking silk threads together between leaves or branches. Females don't have wings, and some simply wait inside their cocoons for males to come by to mate.",I caught a bagworm! Ain't no one baggin' on me now!,-,ミノムシ,oruga de bolsón,oruga de bolsón,psyché,Sackträger,bruco dal fodero,주머니나방,22AE,22B6,int_ins_mino,,,,,bagworm
42,ladybug,,,Mar - Jun; Oct,Mar - Jun; Oct,8 AM - 5 PM,-,-,-,-,-,-,On flowers,-,No,200,160,-,Spring,Morning-Evening,,1x1,3,,-,0D,"Despite the name, not all ladybugs are ""ladies."" There are also male ladybugs. Though you'll see different ladybugs with different numbers of spots, they don't get more as they age. Ladybugs eat insects harmful to crops. A few species eat the leaves of crops, but most are beneficial. They're tough against the cold, but during winter they stay in groups under dry leaves for warmth.",I caught a ladybug! Or is this one a man?,-,テントウムシ,catarina,mariquita,coccinelle,Marienkäfer,coccinella,무당벌레,22AF,22B7,int_ins_tentou,,,,,ladybug
43,violin beetle,,,Jun; Sep - Nov,Jun,4 AM - 7 PM,Sep - Oct,4 AM - 5 PM,Nov,8 AM - 5 PM,-,-,On tree stumps,-,No,260,208,-,Fall,Morning-Evening,,1x1,3,,-,0D,"As the name indicates, these bugs resemble violins. They're very thin and roughly five mm thick. They stay on top of fungi on trees and prey upon small bugs that happen by. When predators come near, violin beetles emit a noxious fluid to protect themselves. The fluid is toxic and can be painful if it touches your hands or eyes, so be careful!",I caught a violin beetle! But how do I tune it?,-,バイオリンムシ,escarabajo violín,escarabajo violín,mormolyce,Laufkäfer,carabo violino,바이올린벌레,22B0,22B8,int_ins_violin,,,,,violin beetle
44,longhorn beetle,,,Jul - Aug,Jul - Aug,11 PM - 7 PM,-,-,-,-,-,-,On tree stumps,11 PM - 7 PM,No,260,208,13,Summer,Morning-Night,,1x1,3,,-,0D,"Longhorn beetles have very strong mandibles, and both adult and larval forms eat through the bark of trees. They have extremely long antennae that are sometimes even longer than their bodies. The adults have such strong mandibles that they can bite off people's hair. And keep in mind that hair isn't the only thing they'll bite, so be careful when handling them!",I caught a longhorn beetle! I had to steer it toward my net!,-,カミキリムシ,longicornio,longicornio,longicorne,Fichtenbock,aromia,장수하늘소,22B1,22B9,int_ins_kamikiri,,,,,citrus long-horned beetle
45,tiger beetle,,,Mar - Oct,Mar - Sep,8 AM - 7 PM,Oct,4 AM - 5 PM,-,-,-,-,On the ground,4 PM - 11 PM,No,"1,500","1,200",75,Spring-Summer,Morning-Evening,,1x1,3,,-,0D,"Tiger beetles are known for their aggressive predatory habits and fast running speed. Their bodies are rather colorful and reflect the sunshine, giving them a shimmery appearance. Tiger-beetle larvae live in cylindrical burrows and capture insects that wander past with their mandibles.",I caught a tiger beetle! Who was really hunting whom?,-,ハンミョウ,escarabajo tigre,escarabajo tigre,cicindèle,Sandlaufkäfer,cicindela,길앞잡이,22B2,22BA,int_ins_hanmyou,,,,,tiger beetle
46,dung beetle,,,Dec - Feb,Dec - Feb,5 PM - 8 AM,-,-,-,-,-,-,Pushing snowballs,-,No,800,640,-,Winter,Night-Morning,,1x1,3,,Nov 25 - Feb 24,78,"Dung beetles are famous for the exact thing you'd assume they're famous for. In fact, they use their namesake both as a source of food and a place to lay their eggs. Dung beetles are very strong and can roll things 10 times the weight of their bodies. One species can even pull objects 1,141 times its weight, which is like a human pulling 6 packed buses!","I caught a dung beetle! Nah, the joke's just too easy.",-,フンコロガシ,escarabajo pelotero,escarabajo pelotero,bousier,Mistkäfer,scarabeo stercorario,쇠똥구리,22B3,22BB,int_ins_hunkoro,,,,,dung beetle
47,wharf roach,,,All year,All year,All day,-,-,-,-,-,-,On beach,All day,No,200,160,10,Year-round,Always,,1x1,3,,-,0D,"Wharf roaches can be seen along the sea, usually just above the waterline on rocky cliffs. They feed mainly on microalgae and detritus that drift to the seashore, making them cleaners of sorts. They often move in groups and run away quickly when they hear people approaching.",I caught a wharf roach! Even the beaches must be messy!,-,フナムシ,cochinilla de arena,cochinilla de arena,ligie,Strandassel,ligia exotica,갯강구,22B4,22BC,int_ins_funamushi,,,,,wharf roach
48,hermit crab,,,All year,All year,7 PM - 8 AM,-,-,-,-,-,-,On beach,7 PM - 8 AM,No,"1,000",800,50,Summer,Night-Morning,,1x1,3,,-,0D,"Hermit crabs live in empty shells they can fit their bodies into. As they grow, they find bigger shells. They're quite picky about each new shell and first measure the opening with their claws. The shells they choose usually fit well, and they'll sometimes fight one another over ownership rights.","I caught a hermit crab! Finally, it came out of its shell!",-,ヤドカリ,cangrejo ermitaño,cangrejo ermitaño,bernard-l'ermite,Einsiedlerkrebs,granchio paguro,소라게,22B5,22BD,int_ins_yadokari,,,,,hermit crab
49,firefly,,,Jun,Jun,7 PM - 4 AM,-,-,-,-,-,-,Flying near freshwater,-,No,300,240,-,Summer,Night,,1x1,3,,-,0D,"Both male and female fireflies are capable of producing light from their lower abdomens. This light isn't the same as the light from a lightbulb, though, and isn't hot when you touch it. Fireflies can actually glow when in the egg and larval stages, but that light is comparatively weaker.",I caught a firefly! Now I'm glowing with pride!,-,ホタル,luciérnaga,luciérnaga,luciole,Leuchtkäfer,lucciola,반디,22B6,22BE,int_ins_hotaru,,,,,firefly
50,fruit beetle,,,Jul - Sep,Jul - Aug,All day,Sep,7 PM - 8 AM,-,-,-,-,On trees (any kind),All day,No,100,80,5,Summer,Always,,1x1,3,,-,0D,The fruit beetle has a brilliant- green-colored body and tends to hang around fruit trees. They have a hard outer wing casing and lift this casing when they need to fly using their thin wings. The larvae of fruit beetles feed on decaying vegetable debris and plant roots.,I caught a fruit beetle! Orange you glad I did?!,-,コガネムシ,escarabajo verde,escarabajo verde,nitidule,Smaragdkäfer,maggiolino,풍뎅이,22B7,22BF,int_ins_kogane,,,,,-
51,scarab beetle,,,Jul - Aug,Jul - Aug,11 PM - 8 AM,-,-,-,-,-,-,On trees (any kind),11 PM - 8 AM,No,"6,000","4,800",300,Summer,Night-Morning,,1x1,3,,-,0D,"Scarab beetles have elegant, metallic-looking bodies and are shinier even than fruit beetles. They're so shiny that they're said to gleam like gold. They're very rare and can be sold for high prices. Like all beetles in the scarab family, the outer shell provides a very thick layer of protection from predators. The high value and golden shell do make them more vulnerable when it comes to Bell hunters, though.",I caught a scarab beetle! Pfff. I've seen scarier!,-,プラチナコガネ,escarabajo oro,escarabajo oro,scarabée,Skarabäus,dorifera,보석풍뎅이,22B8,22C0,int_ins_plakoga,,,,,scarab beetle
52,jewel beetle,,,Jul - Aug,Jul - Aug,8 AM - 5 PM,-,-,-,-,-,-,On trees (any kind),-,No,"2,400","1,920",-,Summer,Morning-Evening,,1x1,3,,-,0D,"Jewel beetles are very pretty insects that show a red line on their green bodies when refracting light. They're so pretty that it's believed people used them for craftwork a long time ago. Their shiny wings are easy to notice, but birds have a hard time targeting them. This is because birds aren't very good at seeing things that change color in different lights.",I caught a jewel beetle! A real diamond in the rough!,-,タマムシ,escarabajo joya,escarabajo joya,bupreste,Prachtkäfer,stigmodera,비단벌레,22B9,22C1,int_ins_tama,,,,,jewel beetle
53,miyama stag,,,Jul - Aug,Jul - Aug,All day,-,-,-,-,-,-,On trees (any kind),All day,No,"1,000",800,50,Summer,Always,,1x1,3,,-,0D,"Miyama stags look strong, with their thick, bumpy exoskeletons and yellow hair covering their bodies. They're active during the day but really don't prefer the heat during the summer. Contrary to their appearance, they are rather delicate insects, so be sure to handle with care.",I caught a miyama stag! Glad I overcame my stag fright!,-,ミヤマクワガタ,esc. ciervo Miyama,esc. ciervo Miyama,lucane miyama,Hirschkäfer,coleottero lucanide,사슴벌레,22BA,22C2,int_ins_miyakwa,,,,,miyama stag
54,saw stag,,,Jul - Aug,Jul - Aug,All day,-,-,-,-,-,-,On trees (any kind),All day,No,"2,000","1,600",100,Summer,Always,,1x1,3,,-,0D,"The most distinguishing feature of saw stags are their large, curved jaws. The inner parts of their jaws look like saws, which is how they get their moniker. When they feel vibrations, they stop moving right away and feign death as a defense mechanism.",I caught a saw stag! Is carpentry big in the bug world?,-,ノコギリクワガタ,esc. ciervo sierra,esc. ciervo sierra,lucane inclinatus,Sägezahn-Hirschkäfer,coleottero cervo,톱사슴벌레,22BB,22C3,int_ins_nokokwa,,,,,saw stag
55,giant stag,,,Jul - Aug,Jul - Aug,11 PM - 8 AM,-,-,-,-,-,-,On trees (any kind),11 PM - 8 AM,No,"10,000","8,000",500,Summer,Night-Morning,,1x1,3,,-,0D,"Giant stags are huge stag beetles with one tooth in each side of their large jaws. They're very territorial but careful at the same time, so they usually hide in holes in trees. They have a long life span. Records show that some have lived up to five years. They're very popular among collectors as pets, so they commonly fetch a high price.","Whoa! I caught a giant stag! Small world, isn't it?",-,オオクワガタ,esc. ciervo gigante,esc. ciervo gigante,lucane cerf-volant,Riesen-Hirschkäfer,coleottero gigante,왕사슴벌레,22BC,22C4,int_ins_ookwa,,,,,giant stag
56,rainbow stag,,,Jun - Sep,Jun; Sep,7 PM - 8 AM,Jul - Aug,5 PM - 8 AM,-,-,-,-,On trees (any kind),5 PM - 8 AM,No,"10,000","8,000",500,Summer,Night-Morning,,1x1,3,,-,0D,"Rainbow stags are called the most beautiful of stag beetles because of their metallic-rainbow color. Not only are their wings a pretty rainbow color, but their bellies are as well. They are quite laid back, but they can be seen every now and then fighting to protect their territories.",I caught a rainbow stag! Aren't you a colorful bug!,-,ニジイロクワガタ,esc. ciervo arcoíris,esc. ciervo arcoíris,lucane copris irisé,Pracht-Hirschkäfer,coleott. arcobaleno,뮤엘러리사슴벌레,22BD,22C5,int_ins_nijikwa,,,,,rainbow stag
57,cyclommatus stag,,,Jul - Aug,Jul - Aug,5 PM - 8 AM,-,-,-,-,-,-,On palm trees,5 PM – 8 AM,No,"8,000","6,400",400,Summer,Night-Morning,,1x1,3,,-,0D,"Cyclommatus stags are identified by their long pairs of mandibles, which can be as long as their bodies. Their large mandibles are actually already formed when they're in the pupal stage of life. Although these beetles are mostly easygoing, those living in mountains really can't stand the heat.",I caught a cyclommatus stag! Need some tweezers?,-,ホソアカクワガタ,esc. ciervo cyclom.,esc. ciervo cyclom.,lucane cyclommatus,Cyclommatus,coleott. cyclommatus,엘라푸스가위사슴벌레,22BE,22C6,int_ins_hosokwa,,,,,cyclommatus stag
58,golden stag,,,Jul - Aug,Jul - Aug,5 PM - 8 AM,-,-,-,-,-,-,On palm trees,5 PM – 8 AM,No,"12,000","9,600",600,Summer,Night-Morning,,1x1,3,,-,0D,"Golden stags are named after their unique gold color and are highly prized by collectors. They shine like gold when their bodies are dry, but when it's humid, they actually look black. Golden stags have short mandibles that aren't good for fighting, but males sometimes fight for territory. The males are surprisingly friendly to the females, which gives these beetles a likable quality.",Whoa! I caught a golden stag! Better not spend it all in one place!,-,オウゴンオニクワガタ,esc. ciervo tornasol,esc. ciervo tornasol,lucane lamprima,Lamprima aurata,coleottero dorato,황금사슴벌레,22BF,22C7,int_ins_ougon,,,,,golden stag
59,horned dynastid,,,Jul - Aug,Jul - Aug,5 PM - 8 AM,-,-,-,-,-,-,On trees (any kind),5 PM – 8 AM,No,"1,350","1,080",67,Summer,Night-Morning,,1x1,3,,-,0D,"Horned dynastids are part of the scarab family. Their horns are actually part of their exoskeleton. Horned dynastids don't have a nose or ears, but they can sense smells with their antennae. They are also able to feel the minor vibration of sounds traveling in the air using thin hair on their bodies. They are fairly loud when flying, plus they emit a rather sour odor, so they are hard not to notice.","I caught a horned dynastid! Your era just ended, buddy!",-,カブトムシ,esc. astado japonés,esc. astado japonés,scarabée kabuto,Nashornkäfer,scarabeo kabutomushi,장수풍뎅이,22C0,22C8,int_ins_kbt,,,,,horned dynastid
60,horned atlas,,,Jul - Aug,Jul - Aug,5 PM - 8 AM,-,-,-,-,-,-,On palm trees,5 PM – 8 AM,No,"8,000","6,400",400,Summer,Night-Morning,,1x1,3,,-,0D,"Horned atlases, though perhaps not the largest, are still known as the strongest of the dynastid beetles. Their 3 horns make them look like a mash-up of a dynastid beetle and a stag beetle! In the pupal stage, they already have 3 horns and tend to be pretty strong.",I caught a horned atlas! It's like a weight has been lifted!,-,コーカサスオオカブト,esc. astado atlas,esc. astado atlas,scarabée Atlas,Atlaskäfer,scarabeo atlas,코카서스장수풍뎅이,22C1,22C9,int_ins_kokbt,,,,,horned atlas
61,horned elephant,,,Jul - Aug,Jul - Aug,5 PM - 8 AM,-,-,-,-,-,-,On palm trees,5 PM – 8 AM,No,"8,000","6,400",400,Summer,Night-Morning,,1x1,3,,-,0D,"Horned elephants are some of the heaviest dynastid beetles in the world. The thin yellow hair that covers their bodies makes them rather attractive to mates and collectors. Their horns resemble an elephant raising its trunk, which is how they got their name. They're already big in their larval stage, but by their pupal stage, they are the size of a person's hand.",I caught a horned elephant! Did it get lost from the herd?,-,ゾウカブト,esc. astado elefante,esc. astado elefante,scarabée éléphant,Elefantenkäfer,scarabeo elefante,코끼리장수풍뎅이,22C2,22CA,int_ins_zokbt,,,,,horned elephant
62,horned hercules,,,Jul - Aug,Jul - Aug,5 PM - 8 AM,-,-,-,-,-,-,On palm trees,5 PM – 8 AM,No,"12,000","9,600",600,Summer,Night-Morning,,1x1,3,,-,0D,"Horned herculeses are the largest beetles in the world, reaching over 17 cm in exceptional cases. Their 2 long horns look pretty, but they're powerful and can hurt a lot if you're pinched by them. The longer horn is covered with short, soft yellow hair, which helps them to sense vibrations. The yellow on their bodies turns black when it's humid, making them difficult to spot on humid evenings.",I caught a horned hercules! Who's the mighty one now?,-,ヘラクレスオオカブト,esc. astado hércules,esc. astado hércules,scarabée Hercule,Herkuleskäfer,scarabeo Ercole,헤라클레스장수풍뎅이,22C3,22CB,int_ins_helkbt,,,,,horned hercules
63,goliath beetle,,,Jun - Sep,Jun; Sep,7 PM - 8 AM,Jul - Aug,5 PM - 8 AM,-,-,-,-,On palm trees,5 PM - 8 AM,No,"6,000","4,800",300,Summer,Night-Morning,,1x1,3,,-,0D,"Goliath beetles, named after the legendary giant, are among the largest insects in the world. The larvae can weigh four ounces or more. Once mature, they are only half that weight, however.  They spend their days flying from tree to tree to feed on tree sap or fruits.",I caught a goliath beetle! Hah! He doesn't look so big.,-,ゴライアスハナムグリ,goliat,goliat,scarabée Goliath,Goliathkäfer,scarabeo Golia,골리앗꽃무지,22C4,22CC,int_ins_gorias,,,,,goliath beetle
64,flea,,,Mar - Nov,Mar - Nov,All day,-,-,-,-,-,-,On villagers,-,No,70,56,-,Spring-Fall,Always,,1x1,3,,-,0D,"Fleas are tiny insects that feed on blood from humans and animals, which then results in an itchy rash. They use their piercing mouths to suck blood while injecting saliva into their host at the same time. Unlike mosquitoes, both males and females suck blood. The females are larger than the males.","I caught a flea! Oh no, now I'm itchy!",-,ノミ,pulga,pulga,puce,Floh,pulce,벼룩,22C5,22CD,int_ins_nomi,,,,,flea
65,pill bug,,,All year,Sep - June,All day,Jul - Aug,7 PM - 4 AM,-,-,-,-,From hitting rocks,-,No,250,200,-,Year-round,Always,,1x1,3,,-,0D,"Pill bugs live in moist places, which is why you will commonly find them under rocks and in stumps. When they're touched, they roll into a ball. Oddly enough, they're part of the crustacean family. As such, and since they don't like dry places, they can travel for a short time underwater if need be.",I caught a pill bug! I don't know... It seems nice to me!,-,ダンゴムシ,cochinilla,cochinilla,cloporte,Kugelassel,porcellino di terra,쥐며느리,22C6,22CE,int_ins_dango,,,,,pill bug
66,mosquito,,,Jun - Sep,Jun - Sep,5 PM - 4 AM,-,-,-,-,-,-,Flying,-,No,130,104,-,Summer,Night,,1x1,3,,-,0D,"Mosquitoes can easily be found flying around on warm summer nights looking for targets. Only the females feed on blood, and when they do so, they also inject saliva. The saliva is actually what causes the annoying itchy feeling, rather than the bite itself. Mosquitoes detect body heat, sweat, and carbon dioxide, so they are drawn to exercising humans.","I caught a mosquito! Why you be hatin', mosquito?!",-,カ,mosquito,mosquito,moustique,Mücke,zanzara,모기,22C7,22CF,int_ins_ka,,,,,mosquito
67,fly,,,All year,All year,All day,-,-,-,-,-,-,"Flying near rafflesia, trash, or rotten turnips/fruit",-,No,60,48,-,Year-round,Always,,1x1,3,,-,0D,"Flies are often seen rubbing their forelegs to clean them, which seems odd, because, well, they're flies. However, they need to keep their legs clean as they contain taste and tactile receptors. By doing so, they can better savor the flavor of whatever they find to eat next. The legs also contain a sticky liquid so flies can more easily land on smooth surfaces.",I caught a fly... Quite the buzzkill for it!,-,ハエ,mosca,mosca,mouche,Fliege,mosca,파리,22C8,22D0,int_ins_hae,,,,,fly
68,house centipede,,,Aug - Oct,Aug - Oct,7 PM - 8 AM,-,-,-,-,-,-,From hitting rocks,-,No,250,200,-,Summer-Fall,Night-Morning,,1x1,3,,-,0D,"The house centipede has many remarkably long legs that give it a very intimidating appearance. However, despite this intense look, they are for the most part harmless to humans. When an enemy is holding down one of its legs, the house centipede will drop that leg to make an escape. The dropped leg will continue to flail for a while, though, providing a distraction.",I caught a house centipede! Make yourself at home—in my net!,-,ゲジ,ciempiés doméstico,ciempiés doméstico,scutigère,Spinnenläufer,centogambe,그리마,22C9,22D1,int_ins_geji,,,,,-
69,centipede,,,Jun - Feb,Jun - Feb,4 PM - 11 PM,-,-,-,-,-,-,From hitting rocks,-,No,300,240,-,Summer-Winter,Night,,1x1,3,,-,0D,"Despite the name, centipedes have a varying number of legs, from about 30 to 46 rather than 100. They also have forcipules, which are a modification of the first pair of legs, that inject venom. Centipedes are sometimes used as an ingredient in herbal medicine, though the effect is questionable.",I caught a centipede! Impede the centipede!,-,ムカデ,ciempiés,ciempiés,mille-pattes,Hundertfüßer,centopiedi,지네,22CA,22D2,int_ins_mukade,,,,,centipede
70,spider,,,Mar - Oct,Mar - Jun; Sep,All day,Jul - Aug,7 PM - 8 AM,Oct,11 PM - 4 PM,-,-,Shaking trees,-,No,300,240,-,Spring-Fall,Always,,1x1,3,,-,0D,"Spiders emit silk from their spinnerets and use it to create elaborate webs to snag prey. The horizontal threads are sticky to the touch, allowing them to be used as very strong restraints. However, the vertical threads are smooth, allowing spiders to walk on them without getting stuck.","I caught a spider! My net is kinda like a web, right?",-,クモ,araña,araña,araignée,Spinne,ragno,거미,22CB,22D3,int_ins_kumo,,,,,spider
71,tarantula,,,Jun - Aug,Jun - Aug,7 PM - 4 AM,-,-,-,-,-,-,On the ground,-,No,"8,000","6,400",-,Summer,Night,,1x1,3,,-,0D,"Tarantulas are large arachnids that live in warm areas. They're some- times kept as pets. They have sharp fangs, and while it is painful if you're bitten by one, they aren't deadly to humans. What's scarier is the hair they kick off of their abdomens to protect themselves. The hair can cause serious itching and rashes wherever it sticks and can be rather difficult to remove.",I caught a tarantula! WHAAAA! Destroy it!,-,タランチュラ,tarántula,tarántula,tarentule,Tarantel,tarantola,타란툴라,22CC,22D4,int_ins_taran,,,,,tarantula
72,scorpion,,,Jul - Sep,Jul - Sep,7 PM - 4 AM,-,-,-,-,-,-,On the ground,-,No,"8,000","6,400",-,Summer,Night,,1x1,3,,-,0D,"Scorpions resemble crabs and are in the class arachnida, though they aren't aquatic. Most species possess venom, but of the 1,000 or more species, only 25 are deadly to humans. Scorpion eggs hatch inside the female's abdomen, and the young spend time on her back after birth.","I caught a scorpion! Not so fast now, are ya?!",-,サソリ,escorpión,escorpión,scorpion,Skorpion,scorpione,전갈,22CD,22D5,int_ins_sasori,,,,,scorpion