#,Name,Image,Icon,Equip Type,Type,Source,Reorderable,Buy Price (Bells),Buy Price (Medals),Sell Price (Re-Tail),Sell Price (Nooklings),Sell Price (Leila),HHA Base Points,Series,HHA Theme Challenge,When HHA Lucky,Color 1,Color 2,Fashion,Gender,Category,Prevents Tan,Catalog Keyword,DLC Exclusive,Name (English EU),Name (Japanese),Name (Spanish),Name (French NA),Name (French EU),Name (German),Name (Italian),Name (Korean),Notes,Version Added,Hex ID (1.0),Hex ID (1.4),Model Filename,New To Series,Name (WW),Name (CF),Name (NH),Name (HHD),Name (PC)
001,1-Up cap,,,Hat,Hat,Able Sisters,Yes,320,-,80,64,4,3,-,-,-,black,black,sporty,Unisex,Manufactured,Yes,,No,-,くろいキャップ,gorra 1UP,casquette 1UP,casquette 1UP,1-Up-Kappe,cappello 1-Up,검정 야구 모자,,1.0,277E,2810,cap_cap_blk,No,,1-Up cap,,,-
002,afro cap,,,Hat,Hood,Able Sisters,Yes,720,-,180,144,9,3,-,-,-,white,brown,flashy,Male,-,No,,No,-,ぼうしつきアフロ,gorra afro,coiffe afro,coiffe afro,Afromütze,parrucca con berr.,모자 쓴 뽀글파마 머리,,1.0,283A,28D6,hlmt_afro_cap,Yes,,-,,,-
003,afro wig,,,Hat,Wig,Able Sisters,Yes,600,-,150,120,7,3,-,-,-,brown,brown,flashy,Male,-,No,,No,-,アフロ,peluca afro,perruque afro,perruque afro,Afroperücke,parrucca afro,뽀글파마 머리,,1.0,27F8,2894,hlmt_wig_afro,No,,afro wig,,,-
004,alpinist hat,,,Hat,Hat,Able Sisters,Yes,320,-,80,64,4,3,alpinist,-,-,green,green,iconic,Unisex,-,Yes,,No,-,チロリアンハット,sombrero tirolés,chapeau tyrolien,chapeau tyrolien,Gebirgshut,cappello tirolese,알프스풍 모자,,1.0,27AA,283C,cap_hat_tyrolean,Yes,,-,,,alpinist hat
005,baby's hat,,,Hat,Hood,Able Sisters,Yes,400,-,100,80,5,3,-,Fairy Tale,-,white,white,cute,Unisex,-,Yes,,No,-,あかちゃんのぼうし,gorro de bebé,chapeau de bébé,chapeau de bébé,Babyhütchen,cuffietta,아기 모자,,1.0,27EF,288B,hlmt_hat_babys,No,,baby's hat,,,-
006,badge hat,,,Hat,Hat,Able Sisters,Yes,320,-,80,64,4,3,-,-,-,white,colorful,cute,Unisex,Manufactured,No,,No,-,カンバッジのニットぼう,gorro con chapas,chapeau badge,chapeau badge,Klecksmütze,berretto bianco,뱃지 달린 모자,,1.0,2787,2819,cap_knit_badge,No,,badge hat,,,-
007,balloon hat,,,Hat,Hat,Balloons,No,-,-,150,120,7,351,-,Toy Shop,-,colorful,colorful,cute,Unisex,-,Yes,,No,-,バルーンハット,sombrero de globos,chapeau ballons,chapeau ballons,Ballonhut,cappello palloncini,풍선 모자,,1.0,27DA,286C,cap_baloon,Yes,,-,,,-
008,banana-split hat,,,Hat,Hat,GracieGrace,No,"3,508",-,877,-,43,251,-,Fairy Tale,-,white,yellow,flashy,Unisex,-,No,,No,-,バナナスプリットのぼうし,sombrero postre,chapeau glacé,chapeau glacé,Bananensplit-Hut,capp. banana split,바나나 스플릿 모자,,1.0,27C5,2857,cap_hat_banana,Yes,,-,,,-
009,bandana,,,Hat,Hat,Able Sisters,Yes,200,-,50,40,2,3,-,-,-,red,red,sporty,Unisex,-,No,,No,-,バンダナ,bandana,bandana,bandana,Kopftuch,bandana,반다나,,1.0,2793,2825,cap_bandanna,No,,bandana,,,bandana
010,batter's helmet,,,Hat,Hood,Able Sisters,Yes,600,-,150,120,7,3,-,-,-,black,black,sporty,Unisex,-,Yes,,No,-,やきゅうのヘルメット,casco de bateador,casque de batteur,casque de batteur,Baseballhelm,elmetto da battitore,야구 헬멧,,1.0,2841,28DD,hlmt_baseball,Yes,,-,,,-
011,bear cap,,,Hat,Hood,Able Sisters,Yes,480,-,120,96,6,3,bear,-,-,brown,brown,cute,Unisex,Animal,No,,No,-,クマのかぶりもの,gorro de oso,cagoule ours,cagoule ours,Bärenmütze,cappello orso,곰 모자,,1.0,2802,289E,hlmt_hood_bear,No,,bear cap,,,-
012,beret,,,Hat,Hat,Able Sisters,Yes,320,-,80,64,4,3,-,-,-,brown,brown,iconic,Unisex,-,No,,No,-,ベレーぼう,boina,béret,béret,Barett,basco,베레모,,1.0,278B,281D,cap_beret,No,,beret,,,-
013,bicycle helmet,,,Hat,Hat,Able Sisters,Yes,400,-,100,80,5,3,cyclist,-,-,red,red,sporty,Unisex,-,No,,No,-,サイクルヘルメット,casco ciclista,casque de vélo,casque de vélo,Fahrradhelm,casco ciclista,자전거 헬멧,,1.0,279D,282F,cap_helmet_bicycle,No,,bicycle helmet,,,bicycle helmet
014,big bro's hat,,,Hat,Hat,Able Sisters,Yes,320,-,80,64,4,3,-,Toy Shop,-,red,red,cute,Male,-,Yes,,No,-,おにいさんのぼうし,gorra de Mario,casquette Mario,casquette Mario,Mario-Mütze,cappello fratellone,형 모자,,1.0,279A,282C,cap_hat_bigbros,No,,big bro's hat,,,-
015,birthday hat,,,Hat,Hat,Villagers,No,-,-,100,-,5,451,-,Fairy Tale,-,white,colorful,cute,Female,-,Yes,,No,-,バースデーハット,sombrero cumpleaños,chapeau anniv,chapeau anniv,Geburtstagshut,cappello compleanno,생일 모자,,1.0,27CC,285E,cap_birthday,Yes,,-,,,-
016,birthday shades,,,Helmet,Mask,Villagers,No,-,-,60,-,3,451,-,-,-,pink,pink,rock 'n' roll,Unisex,-,No,,No,-,バースデーサングラス,gafa de cumpleaños,monture anniv,monture anniv,Geburtstagsbrille,montatura compleanno,생일 선글라스,"In ""Accessories"" in 1.0",1.0,284A,28E6,hlmt_glass_birthday,Yes,,-,,,-
017,black veil,,,Helmet,Open Helmet,GracieGrace,No,"4,000",-,"1,000",-,50,251,-,Fairy Tale,-,black,black,official,Female,-,Yes,,No,-,ベールのぼうし,velo negro,voilette,voile noir,Schwarzschleier,parrucca con veletta,베일 모자,,1.0,2839,28D5,hlmt_viel,Yes,,-,,,-
018,blue cap,,,Hat,Hat,Able Sisters,Yes,320,-,80,64,4,3,-,-,-,blue,blue,sporty,Unisex,Manufactured,Yes,,No,-,あおいキャップ,gorra azul,casquette bleu foncé,casquette bleu foncé,Blaumütze,cappello blu,파란 야구 모자,,1.0,2780,2812,cap_cap_blu,No,,blue cap,,,blue cap
019,blue headgear,,,Helmet,Helmet,Able Sisters,Yes,800,-,200,160,10,3,-,-,-,blue,blue,sporty,Unisex,Manufactured,No,,No,-,あおいヘッドギア,protector azul,casque de boxe bleu,casque de boxe bleu,Blauboxerhelm,casco da boxe blu,파란 헤드기어,,1.0,2844,28E0,hlmt_helmet_headgear_blu,Yes,,-,,,-
020,blue New Year's hat,,,Hat,Hat,Redd,No,300,-,75,60,3,33,-,-,Year sold by Redd,blue,blue,cute,Unisex,Nature,Yes,,No,-,ニューイヤーハットあお,gorro Año Nuevo azul,chapeau nouvel an B,chapeau nouvel an B,Neujahrshut (blau),capp. Capodanno blu,파란 새해 모자,,1.0,27CF,2861,cap_newyear_cone,Yes,,-,,,blue New Year's hat
021,blue nightcap,,,Hat,Hat,Able Sisters,Yes,300,-,75,60,3,3,-,-,-,aqua,white,cute,Male,-,No,,No,-,あおいナイトキャップ,gorro de dormir azul,bonnet de nuit bleu,bonnet de nuit bleu,Jungen-Nachtmütze,berretto notte blu,파란 나이트캡,,1.0,27DB,286D,cap_nightcap_blu,Yes,,-,,,-
022,blue ogre mask,,,Helmet,Mask,Isabelle,No,-,-,160,-,8,499,-,Harmonious / Quirky,-,blue,blue,flashy,Unisex,-,Yes,,No,-,あおオニのおめん,careta ogro azul,masque d'ogre bleu,masque d'ogre bleu,Ogermaske (blau),masch. Setsubun blu,파란 도깨비 가면,,1.0,2816,28B2,hlmt_mask_demonblu,No,,blue ogre mask,,,-
023,blue Pikmin,,,Hat,Hood,Fortune,No,-,-,210,-,10,151,-,Toy Shop,-,blue,white,cute,Unisex,-,No,,No,-,あおピクミン,Pikmin brote,Pikmin bourgeon,Pikmin bourgeon,Knospen-Pikmin,berr. Pikmin blu,파랑피크민,,1.0,2822,28BE,hlmt_pikmin_blue,Yes,,-,,,-
024,blue plaid fedora,,,Hat,Hat,Able Sisters,Yes,320,-,80,64,4,3,-,-,-,blue,blue,official,Unisex,-,Yes,,No,-,なかおれハット,sombrero cuadros,borsalino plaid bleu,borsalino plaid bleu,Karo-Filzhut,cappello plaid blu,페도라,,1.0,27D5,2867,cap_softfelt,Yes,,-,,,-
025,blue pom-pom hat,,,Hat,Hat,Able Sisters,Yes,320,-,80,64,4,3,-,-,-,blue,blue,basic,Unisex,Manufactured,No,,No,-,あおいニットぼう,gorro montaña,bonnet bleu,bonnet bleu,Schneemütze,berretto blu,파란 털모자,,1.0,2781,2813,cap_knit_blu,No,,blue pom-pom hat,,,blue pom-pom hat
026,blue ribbon,,,Hat,Accessory,Able Sisters,Yes,240,-,60,48,3,3,-,Fairy Tale,-,blue,blue,cute,Female,Manufactured,No,,No,-,あおいリボン,lazo azul,ruban bleu,ruban bleu,Azurband,fiocco blu,파란 리본,,1.0,27B7,2849,cap_ribbon_blu,No,,blue ribbon,,,-
027,blue-zap helmet,,,Helmet,Helmet,Able Sisters,Yes,600,-,150,120,7,3,blue superhero,Sci-Fi / Toy Shop,-,white,blue,sporty,Male,-,Yes,,No,-,ヒーローヘルメットB,supercasco azul,casque de héros bleu,casque de héros bleu,Blauheldenhelm,casco eroe blu,히어로 헬멧 B,,1.0,2812,28AE,hlmt_helmet_heroB,Yes,,-,,,-
028,braided wig,,,Hat,Wig,Able Sisters,Yes,480,-,120,96,6,3,-,-,-,brown,brown,cute,Female,-,No,,No,-,みつあみ,peluca con trenza,perruque à nattes,perruque à nattes,Zöpfchenperücke,parrucca con treccia,땋은 머리,,1.0,2845,28E1,hlmt_wig_braid,Yes,,-,,,-
029,bridal veil,,,Hat,Wig,GracieGrace,No,"7,200",-,"1,800",-,90,251,bride,Fairy Tale,-,white,white,official,Female,-,No,,No,-,じゅんぱくのヴェール,velo de novia,voile de mariée,voile de mariée,Brautschleier,velo da sposa,순백 베일,,1.0,27FE,289A,hlmt_veil_wht,No,,bridal veil,,,-
030,bug mask,,,Helmet,Helmet,Able Sisters,Yes,"1,031",-,257,205,12,33,-,Quirky,-,black,black,flashy,Unisex,Animal,Yes,,No,-,ムシのかぶりもの,careta de bicho,masque d'insecte,masque d'insecte,Insektenmaske,maschera insettone,곤충 마스크,,1.0,281F,28BB,hlmt_hlwn_insect,Yes,,-,,,-
031,bulb bopper,,,Hat,Accessory,Isabelle,No,-,-,40,32,2,3,-,-,-,green,green,cute,Unisex,Manufactured,No,,No,-,ひかるボールアクセサリー,diadema luciérnagas,serre-tête lumières,serre-tête lumières,Leuchtkugelfühler,paio antenne fluo,빛나는 볼 액세서리,,1.0,27E5,2877,cap_glow_ball,Yes,,-,,,-
032,bun wig,,,Hat,Wig,Able Sisters,Yes,480,-,120,96,6,3,-,Harmonious,-,black,white,cute,Female,-,No,,No,-,おだんごあたま,moño,perruque beignet,perruque beignet,Dutt,parrucca chignon,양갈래 머리,,1.0,27FC,2898,hlmt_wig_dumpling,No,,bun wig,,,-
033,bunny hood,,,Hat,Hood,Able Sisters,Yes,"1,600",-,400,320,20,3,bunny,-,-,white,white,cute,Unisex,Animal,No,,No,-,うさぎのかぶりもの,gorro de conejito,cagoule lapin,cagoule lapin,Hasenkapuze,cappello coniglio,토끼 모자,,1.0,2800,289C,hlmt_hood_bunny,No,,bunny hood,,,bunny hood
034,Callie wig,,,Helmet,Wig,Cece's RV,No,-,-,600,-,30,300,-,Toy Shop,-,black,pink,rock 'n' roll,Unisex,-,No,,No,-,アオリのウィッグ,peluca de Mar,perruque Ayo,perruque Ayo,Aioli-Perücke,parrucca da Stella,아오리 가발,,1.4,-,28EC,hlmt_wig_aori,Yes,,-,,,-
035,captain's hat,,,Hat,Hat,Souvenir Shop,No,-,15,187,149,9,99,-,Sci-Fi / Toy Shop,-,white,white,official,Unisex,Manufactured,Yes,,No,-,キャプテンのぼうし,gorra de capitán,casquette capitaine,casquette capitaine,Kapitänsmütze,cappello da capitano,캡틴 모자,,1.0,27A4,2836,cap_hat_captains,No,,captain's hat,,,-
036,cat cap,,,Hat,Hood,Able Sisters,Yes,480,-,120,96,6,3,cat,-,-,blue,blue,cute,Unisex,Animal,No,,No,-,ネコのかぶりもの,gorro de gato,cagoule chat,cagoule chat,Katzenmütze,cappello gatto,고양이 모자,,1.0,2801,289D,hlmt_hood_cat,No,,cat cap,,,-
037,catcher's mask,,,Helmet,Helmet,Able Sisters,Yes,720,-,180,144,9,3,-,-,-,black,black,sporty,Unisex,-,Yes,,No,-,キャッチャーマスク,máscara de béisbol,masque de receveur,masque de receveur,Eishockeyhelm,maschera ricevitore,포수 마스크,,1.0,2843,28DF,hlmt_catcher_mask,Yes,,-,,,-
038,cavalier hat,,,Hat,Hat,Able Sisters,Yes,360,-,90,72,4,3,cavalier,Antique,-,black,black,iconic,Unisex,-,Yes,,No,-,じゅうきしのぼうし,sombrero mosquetero,chapeau d'équitation,chapeau d'équitation,Edelmann-Hut,capp. moschettiere,기사 모자,,1.0,27AC,283E,cap_hat_cavalier,No,,cavalier hat,,,-
039,celebration hat,,,Hat,Hat,Katrina,Yes,240,-,60,48,3,893,-,Harmonious,-,red,red,iconic,Unisex,-,No,,No,-,あかいだいこくぼう,gorro venerable,chapeau cérémoniel,chapeau cérémoniel,Zeremonienhut,basco rosso,빨간 빵모자,,1.0,27C3,2855,cap_beret_daikoku,No,,celebration hat,,,-
040,Celeste ribbon,,,Hat,Accessory,Celeste's RV,No,-,-,"1,600",-,80,300,-,-,-,pink,pink,cute,Female,-,No,,No,-,フーコのリボン,lazo de Estela,nœud de Céleste,nœud de Céleste,Eufemia-Schleife,fiocco di Celeste,부옥 리본,,1.4,-,2885,cap_ribbon_ows,Yes,,-,,,-
041,chef's hat,,,Hat,Hat,Able Sisters,Yes,360,-,90,72,4,3,chef,-,-,white,white,official,Unisex,-,No,,No,-,コックさんのぼうし,gorro de chef,toque,toque,Kochmütze,cappello da cuoco,요리사 모자,,1.0,279E,2830,cap_hat_chefs,No,,chef's hat,,,-
042,Cinnamoroll hat,,,Hat,Hat,Chai's RV,No,-,-,250,-,12,300,-,Fairy Tale / Toy Shop,-,white,blue,cute,Unisex,-,Yes,,No,-,シナモロールなぼうし,gorro Cinnamoroll,chapeau Cinnamoroll,chapeau Cinnamoroll,Cinnamoroll-Hut,cappello Cinnamoroll,시나모롤 모자,,1.4,-,2882,cap_snr_cinnamo,Yes,,-,,,Cinnamoroll hat
043,cloche hat,,,Hat,Hat,GracieGrace,No,"4,800",-,"1,200",-,60,251,-,Trendy,-,red,purple,modern,Female,-,Yes,,No,-,クロッシュ,sombrero cloché,chapeau cloche,chapeau cloche,Glockenhut,cappello cloche,클로시,,1.0,27E2,2874,cap_cloche,Yes,,-,,,cloche hat
044,coin headpiece,,,Hat,Hood,GracieGrace,No,"4,800",-,"1,200",-,60,251,-,Antique / Fairy Tale,-,yellow,red,ornate,Female,-,No,,No,-,コインヘッドピース,gorra de monedas,parure de sultane,parure de sultane,Münzen-Stirnband,copricapo con monete,코인 헤드피스,,1.0,2840,28DC,hlmt_coinhead,Yes,,-,,,-
045,combat helmet,,,Hat,Hat,Able Sisters,Yes,960,-,240,192,12,3,soldier,-,-,green,colorful,rock 'n' roll,Unisex,-,No,,No,-,コンバットヘルメット,casco de soldado,casque lourd,casque lourd,Soldatenhelm,elmetto,철모,,1.0,279F,2831,cap_helmet_combat,No,,combat helmet,,,-
046,conical straw hat,,,Hat,Hat,Gulliver,Yes,"1,200",-,300,240,15,1051,-,Harmonious,-,brown,brown,iconic,Unisex,-,Yes,,No,-,アジアなぼうし,gorro paja cónico,chapeau conique,chapeau conique,Kegel-Reishut,capp. paglia a cono,아시아풍 삿갓,,1.0,27D8,286A,cap_nonla,Yes,,-,,,conical straw hat
047,cow bone,,,Hat,Wig,Able Sisters,Yes,480,-,120,96,6,3,-,Quirky,-,white,white,historical,Male,Animal,No,,No,-,うしのほね,casco con cuernos,casque préhistorique,casque préhistorique,Kuhschädelhelm,teschio di mucca,황소 두개골,,1.0,27F3,288F,hlmt_bone_cow,No,,cow bone,,,-
048,crown,,,Hat,Accessory,Able Sisters,Yes,"1,000,000",-,"250,000","200,000","12,500",3,-,Antique / Fairy Tale,-,yellow,yellow,ornate,Female,-,No,,No,-,クイーンのかんむり,corona real,couronne,couronne,Königinnenkrone,corona,여왕 왕관,,1.0,27CA,285C,cap_crown_queen,No,,crown,,,crown
049,dandy hat,,,Hat,Hat,Able Sisters,Yes,320,-,80,64,4,3,-,-,-,white,aqua,cute,Unisex,Nature,Yes,,No,-,キャスケット,gorra bicolor,casquette de dandy,casquette de dandy,Dandymütze,basco colorato,카스케트,,1.0,278C,281E,cap_hat_dandy,No,,dandy hat,,,-
050,detective hat,,,Hat,Hat,Able Sisters,Yes,320,-,80,64,4,3,detective,-,-,brown,beige,iconic,Unisex,Plaid,Yes,,No,-,めいたんていのぼうし,gorra de detective,casquette détective,casquette détective,Detektivhut,cappello detective,명탐정 모자,,1.0,278E,2820,cap_hat_detective,No,,detective hat,,,-
051,diver's hood,,,Hat,Hood,Able Sisters,Yes,600,-,150,120,7,3,-,-,-,black,black,sporty,Female,-,No,,No,-,ウォーターフード,capucha de buzo,cagoule de plongeur,cagoule de plongeur,Taucherkappe,copricapo immersione,해녀 모자,,1.0,283D,28D9,hlmt_hood_marine,Yes,,-,,,-
052,diving mask,,,Helmet,Covered Helmet,Able Sisters,Yes,"2,200",-,550,440,27,3,-,Sci-Fi / Toy Shop,-,yellow,yellow,historical,Unisex,-,Yes,,No,-,せんすいヘルメット,casco de buzo,casque de scaphandre,casque de scaphandre,Taucherhelm,casco palombaro,잠수 헬멧,,1.0,280C,28A8,hlmt_mask_diving,No,,diving mask,,,-
053,DJ cap,,,Hat,Hood,Able Sisters,Yes,600,-,150,120,7,3,-,Sci-Fi,-,black,black,rock 'n' roll,Unisex,-,No,,No,-,ヘッドホン,gorra de DJ,casque de DJ,casque de DJ,DJ-Kappe,cappello con cuffie,헤드폰,,1.0,2831,28CD,hlmt_headphone,Yes,,-,,,DJ cap
054,do-rag,,,Hat,Hat,Able Sisters,Yes,640,-,160,128,8,3,-,-,-,yellow,orange,basic,Female,Nature,No,,No,-,さんかくきん,pañuelo anudado,bandana triangle,bandana triangle,Bandana,bandana triangoli,삼각 두건,,1.0,2795,2827,cap_bandanna_tri,No,,do-rag,,,-
055,driver's hat,,,Hat,Accessory,Kapp'n's RV,No,-,-,"1,600",-,80,300,-,-,-,blue,red,official,Unisex,-,No,,No,-,うんてんしゅのぼうし,gorra de chófer,casquette chauffeur,casquette chauffeur,Lokführerkappe,capp. da conducente,운전수 모자,,1.4,-,2886,cap_driver_kpp,Yes,,-,,,-
056,elegant hat,,,Hat,Hat,GracieGrace,No,"6,400",-,"1,600",-,80,251,-,Fairy Tale,-,white,white,ornate,Female,Manufactured,Yes,,No,-,エレガントなぼうし,pamela elegante,chapeau classe,chapeau classe,Schmuckhut,cappello elegante,엘레강스 모자,,1.0,2792,2824,cap_hat_elegant,No,,elegant hat,,,-
057,emperor's cap,,,Hat,Hat,Able Sisters,Yes,"1,320",-,330,264,16,3,-,Harmonious / Antique,-,black,black,official,Male,-,No,,No,-,おだいりさま,gorro de emperador,chapeau impérial,chapeau impérial,Kaiserhut,cappello imperatore,일본 전통 임금모자,,1.0,27C4,2856,cap_cap_eboshi,No,,emperor's cap,,,-
058,explorer's hat,,,Hat,Hat,Able Sisters,Yes,160,-,40,32,2,3,explorer,-,-,gray,gray,sporty,Unisex,-,Yes,,No,-,たんけんぼう,sombrero explorador,chapeau aventure,chapeau aventure,Safarihut,cappello esploratore,탐험 모자,,1.0,27A3,2835,cap_hat_explorers,No,,explorer's hat,,,explorer's hat
059,fencing mask,,,Helmet,Helmet,Able Sisters,Yes,680,-,170,136,8,3,-,-,-,black,black,sporty,Unisex,-,Yes,,No,-,フェンシングマスク,casco de esgrima,masque d'escrime,masque d'escrime,Fechtmaske,maschera da scherma,펜싱 마스크,,1.0,282F,28CB,hlmt_fencing_mask,Yes,,-,,,-
060,Festivale accessory,,,Hat,Accessory,Able Sisters,Yes,680,-,170,136,8,33,-,-,-,pink,colorful,ornate,Unisex,-,No,,No,-,サンバなかみかざり,tiara de carnaval,coiffe de carnaval,coiffe de carnaval,Karnevalsschmuck,copricapo samba,삼바 머리 장식,,1.0,27E1,2873,cap_samba,Yes,,-,,,-
061,Fi mask,,,Helmet,Covered Helmet,Fortune,No,-,-,210,-,10,151,-,Toy Shop,-,aqua,aqua,flashy,Unisex,-,Yes,,No,-,ファイ,máscara de Fay,masque de Fay,masque de Fay,Phai-Maske,maschera da Faih,파이,,1.0,283F,28DB,hlmt_Fai,Yes,,-,,,-
062,fireman's hat,,,Hat,Hood,Able Sisters,Yes,960,-,240,192,12,3,firefighter,-,-,black,black,sporty,Unisex,Manufactured,Yes,,No,-,しょうぼうしのぼうし,casco de bombero,casque de pompier,casque de pompier,Feuerwehrhut,elmo da pompiere,소방관 모자,,1.0,27EE,288A,hlmt_hat_firemans,No,,fireman's hat,,,-
063,flamenco hat,,,Hat,Hat,DLC,Yes,"1,600",-,400,320,20,300,-,-,-,black,black,official,Unisex,-,Yes,,Yes,-,フラメンコのぼうし,sombrero cordobés,chapeau flamenco,chapeau flamenco,Flamencohut,cappello da flamenco,플라멩코 모자,,1.0,27BF,2851,cap_hat_flamenco,No,,flamenco hat,,,-
064,flashy hairpin,,,Hat,Accessory,GracieGrace,No,"4,800",-,"1,200",-,60,251,-,Trendy,-,pink,pink,ornate,Female,Manufactured,No,,No,-,はでなかみかざり,horquilla flor,épingle luxueuse,épingle luxueuse,Blumenspange,fermaglio fiore,화려한 머리핀,,1.0,27E0,2872,cap_hair_ornament,Yes,,-,,,-
065,floppy hat,,,Hat,Hat,GracieGrace,No,"4,800",-,"1,200",-,60,251,-,Trendy,-,black,black,ornate,Female,-,Yes,,No,-,じょゆうなぼうし,pamela negra,capeline,capeline,Schlapphut,cappello da attrice,여배우 모자,,1.0,27DF,2871,cap_actress,Yes,,-,,,floppy hat
066,flower bopper,,,Hat,Accessory,Isabelle,No,-,-,40,32,2,3,-,Fairy Tale,-,aqua,aqua,cute,Unisex,Manufactured,No,,No,-,ひかるはなのアクセサリー,diadema florecillas,serre-tête fleurs,serre-tête fleurs,Leuchtblumenfühler,paio antenne fiori,빛나는 꽃 액세서리,,1.0,27E6,2878,cap_glow_flower,Yes,,-,,,-
067,Flower Fairy wig,,,Helmet,Wig,Puzzle League,No,-,-,600,-,30,551,-,-,-,pink,pink,cute,Female,-,No,,No,-,はなのようせいのウィッグ,peluca hada flores,perruque églantine,perruque églantine,Blumenelfenperücke,parr. fata dei fiori,꽃 요정 가발,,1.4,-,28F0,hlmt_wig_panepon,Yes,,-,,,-
068,football helmet,,,Helmet,Helmet,Able Sisters,Yes,"1,200",-,300,240,15,3,-,-,-,yellow,yellow,sporty,Male,-,Yes,,No,-,アメフトヘルメット,casco de rugby,casque de football,casque de football,Football-Helm,casco football,럭비 헬멧,,1.0,2809,28A5,hlmt_helmet_football,No,,football helmet,,,-
069,frog cap,,,Hat,Hood,Able Sisters,Yes,480,-,120,96,6,3,frog,-,-,green,green,cute,Unisex,Animal,No,,No,-,カエルのかぶりもの,gorro de rana,cagoule grenouille,cagoule grenouille,Froschmütze,cappello rana,개구리 모자,,1.0,2803,289F,hlmt_hood_frog,No,,frog cap,,,frog cap
070,funky wig,,,Hat,Wig,GracieGrace,No,"4,800",-,"1,200",-,60,251,-,Trendy,-,brown,brown,ornate,Female,-,No,,No,-,モードなウィッグ,peluca con mechas,perruque funky,perruque funky,Strähnchenperücke,parrucca funky,언밸런스 가발,,1.0,282D,28C9,hlmt_wig_mode,Yes,,-,,,-
071,Ganondorf wig,,,Helmet,Hood,Ganon's RV,No,-,-,600,-,30,300,-,Toy Shop / Quirky,-,orange,red,iconic,Unisex,-,No,,No,-,ガノンドロフのあたま,peluca de Ganondorf,perruque Ganondorf,perruque Ganondorf,Ganondorf-Perücke,parr. da Ganondorf,가논돌프 가발,,1.4,-,28E8,hlmt_wig_ganondorf,Yes,,-,,,-
072,geisha wig,,,Hat,Wig,Able Sisters,Yes,"1,600",-,400,320,20,3,geisha,Harmonious / Fairy Tale,-,brown,brown,iconic,Female,-,No,,No,-,ゲイシャさん,peluca de geisha,coiffe de geisha,coiffe de geisha,Geishaperücke,parrucca da geisha,게이샤 머리,,1.0,27F5,2891,hlmt_wig_geisha,No,,geisha wig,,,geisha wig
073,ghost mask,,,Helmet,Helmet,Able Sisters,Yes,"1,031",-,257,205,12,33,-,Quirky,-,white,white,flashy,Unisex,-,Yes,,No,-,オバケのかぶりもの,careta de fantasma,masque de fantôme,masque de fantôme,Gespenstermaske,maschera fantasma,유령 마스크,,1.0,281D,28B9,hlmt_hlwn_ghost,Yes,,-,,,-
074,Girl's Day updo,,,Hat,Wig,Able Sisters,Yes,"1,332",-,333,266,16,3,-,Harmonious / Antique / Fairy Tale,-,brown,yellow,ornate,Female,-,No,,No,-,おひなさま,moño de emperatriz,coiffe fête poupées,coiffe fête poupées,Mädchentag-Perücke,parrucca con diadema,일본 전통 왕비머리,,1.0,2824,28C0,hlmt_wig_ohinasama,No,,Girl's Day updo,,,-
075,Gracie hat,,,Hat,Hat,GracieGrace,No,"8,000",-,"2,000",-,100,251,-,Trendy,-,blue,colorful,modern,Unisex,Nature,No,,No,-,グレースのぼうし,pamela Graciela,chapeau Carla,chapeau Carla,Graziahut,cappello Griffa,그레이스 모자,,1.0,2791,2823,cap_hat_grace,No,,Gracie hat,,,-
076,grandpa hat,,,Hat,Hat,Able Sisters,Yes,420,-,105,84,5,3,-,-,-,gray,gray,iconic,Unisex,-,Yes,,No,-,ダンディなぼうし,sombrero de gánster,chapeau de papi,chapeau de papi,Spionhut,cappello del nonno,중절모,,1.0,2789,281B,cap_hat_grandpa,No,,grandpa hat,,,-
077,grape hat,,,Hat,Hat,Able Sisters,Yes,640,-,160,128,8,3,grape,Rustic,-,purple,green,cute,Unisex,Fruit,No,,No,-,ぶどうのぼうし,gorro uva,chapeau raisin,chapeau raisin,Traubenhut,cappello uva,포도 모자,,1.0,27B5,2847,cap_fruit_grape,No,,grape hat,,,-
078,green cap,,,Hat,Hat,Able Sisters,Yes,320,-,80,64,4,3,-,-,-,green,green,sporty,Unisex,Manufactured,Yes,,No,-,みどりのキャップ,gorra verde,casquette verte,casquette verte,Smaragdkappe,cappello verde,초록 야구 모자,,1.0,277C,280E,cap_cap_grn,No,,green cap,,,green cap
079,green headgear,,,Helmet,Helmet,Able Sisters,Yes,800,-,200,160,10,3,-,-,-,green,green,sporty,Unisex,-,No,,No,-,みどりのヘッドギア,protector verde,casque de boxe vert,casque de boxe vert,Grünboxerhelm,casco da boxe verde,초록 헤드기어,,1.0,2825,28C1,hlmt_helmet_headgear,No,,green headgear,,,-
080,green knit hat,,,Hat,Hat,Able Sisters,Yes,320,-,80,64,4,3,-,-,-,green,green,basic,Unisex,-,No,,No,-,みどりのニットぼう,gorro verde,bonnet vert,bonnet vert,Smaragdmütze,berretto verde,초록 털모자,,1.0,2782,2814,cap_knit_grn,No,,green knit hat,,,-
081,green New Year's hat,,,Hat,Hat,Redd,No,300,-,75,60,3,33,-,-,Year sold by Redd,green,green,cute,Unisex,-,Yes,,No,-,ニューイヤーハットみどり,gorro Año N. verde,chapeau nouvel an V,chapeau nouvel an V,Neujahrshut (grün),capp. Capodan. verde,초록 새해 모자,,1.0,27D0,2862,cap_newyear_grn,Yes,,-,,,-
082,green-pumpkin head,,,Helmet,Covered Helmet,Villagers,No,-,-,"1,000",800,50,51,-,Rustic / Quirky,-,green,green,flashy,Unisex,-,Yes,,No,-,グリーンかぼちゃマスク,calabaza verde,citrouille verte,citrouille verte,Kürbiskopf (grün),testa zucca verde,그린 호박 마스크,,1.0,2848,28E4,hlmt_jackolantern_3,Yes,,-,,,green-pumpkin head
083,green-zap helmet,,,Helmet,Helmet,Able Sisters,Yes,600,-,150,120,7,3,green superhero,Sci-Fi / Toy Shop,-,white,green,sporty,Male,-,Yes,,No,-,ヒーローヘルメットG,supercasco verde,casque de héros vert,casque de héros vert,Grünheldenhelm,casco eroe verde,히어로 헬멧 G,,1.0,2813,28AF,hlmt_helmet_heroG,Yes,,-,,,-
084,hair-bow wig,,,Hat,Wig,GracieGrace,No,"4,800",-,"1,200",-,60,251,-,Trendy / Fairy Tale,-,brown,brown,ornate,Female,-,No,,No,-,リボンウィッグ,peluca con lazo,perruque nœud pap,perruque nœud pap,Haarknotenperücke,parrucca fiocco,리본 가발,,1.0,2833,28CF,hlmt_wig_ribbon,Yes,,-,,,-
085,halo,,,Hat,Accessory,Able Sisters,Yes,"2,400",-,600,480,30,3,-,Fairy Tale / Toy Shop,-,yellow,yellow,cute,Unisex,-,No,,No,-,てんしのわ,halo,auréole,auréole,Lichtkranz,aureola,천사 링,,1.0,27BC,284E,cap_halo,No,,halo,,,halo
086,headband,,,Hat,Hood,GracieGrace,No,"4,800",-,"1,200",-,60,251,spa patron,-,-,white,white,flashy,Female,-,No,,No,-,ヘアターバン,cinta para el pelo,bandeau de sport,bandeau de sport,Haarturban,fascia,헤어밴드,,1.0,27FF,289B,hlmt_turban_hair,No,,headband,,,-
087,headkerchief,,,Helmet,Open Helmet,Able Sisters,Yes,480,-,120,96,6,3,-,-,-,green,green,historical,Unisex,-,No,,No,-,ほっかむり,pañuelo nudo nariz,foulard vert,foulard vert,Wanderkopftuch,fazzoletto giapp.,뒤집어쓴 보자기,,1.0,283E,28DA,hlmt_wraphead,Yes,,-,,,-
088,heart bopper,,,Hat,Accessory,Isabelle,No,-,-,40,32,2,3,-,Fairy Tale,-,pink,pink,cute,Unisex,Manufactured,No,,No,-,ひかるハートアクセサリー,diadema corazones,serre-tête cœurs,serre-tête cœurs,Leuchtherzchenfühler,paio antenne cuori,빛나는 하트 액세서리,,1.0,27E7,2879,cap_glow_heart,Yes,,-,,,-
089,heart hairpin,,,Hat,Accessory,Able Sisters,Yes,240,-,60,48,3,3,-,Fairy Tale,-,pink,pink,cute,Female,Manufactured,No,,No,-,ハートのかみかざり,clip corazón,épingle cœur,épingle cœur,Herzhaarnadel,molletta cuore,하트 머리핀,,1.0,27B9,284B,cap_hairpin_heart,No,,heart hairpin,,,-
090,Hello Kitty hat,,,Hat,Hat,Rilla's RV,No,-,-,250,-,12,300,-,Fairy Tale / Toy Shop,-,white,red,cute,Unisex,-,Yes,,No,-,ハローキティなぼうし,gorro Hello Kitty,bonnet Hello Kitty,bonnet Hello Kitty,Hello-Kitty-Hut,cappello Hello Kitty,헬로키티 모자,,1.4,-,287F,cap_snr_kitty,Yes,,-,,,Hello Kitty hat
091,hero's cap,,,Hat,Hood,Fortune,No,-,-,210,-,10,151,hero,Antique / Toy Shop,-,green,green,iconic,Male,-,Yes,,No,-,ゆうしゃのぼうし,gorro del héroe,coiffe héroïque,coiffe héroïque,Heldenhut,berretto Link,용사 모자,,1.0,2806,28A2,hlmt_wig_link,No,,hero's cap,,,-
092,hibiscus hairpin,,,Hat,Accessory,Souvenir Shop,No,-,20,250,200,12,451,-,Rustic,-,red,red,cute,Female,Manufactured,No,,No,-,ハイビスカスのかみかざり,horquilla hibisco,épingle hibiscus,épingle hibiscus,Hibiskus-Haarspange,molletta ibisco,히비스커스 머리핀,,1.0,27D6,2868,cap_hair_hibiscus,Yes,,-,,,hibiscus hairpin
093,high-spirits hat,,,Hat,Accessory,Holden's RV,No,-,-,"1,600",-,80,300,-,-,-,red,red,rock 'n' roll,Unisex,-,No,,Yes,-,ノリノリなぼうし,gorra buen humor,béret radieux,béret radieux,Übermut-Hut,cappello euforico,하이 스피릿 모자,,1.4,-,2884,cap_fueki,Yes,,-,,,-
094,hot-dog hat,,,Hat,Hat,GracieGrace,No,"1,200",-,300,-,15,251,-,-,-,brown,red,flashy,Unisex,-,No,,No,-,ホットドッグのぼうし,gorro salchicha,chapeau hot-dog,chapeau hot-dog,Hotdog-Hut,cappello hot dog,핫도그 모자,,1.0,27C2,2854,cap_hat_hotdog,Yes,,-,,,-
095,hunter's cap,,,Hat,Hat,Able Sisters,Yes,320,-,80,64,4,3,-,-,-,red,white,iconic,Unisex,-,Yes,,No,-,ハンターのぼうし,gorra cazador,casquette de chasse,casquette de chasse,Jägermütze,berretto cacciatore,사냥 모자,,1.0,278D,281F,cap_cap_hunters,No,,hunter's cap,,,-
096,jester's cap,,,Hat,Hat,Able Sisters,Yes,360,-,90,72,4,3,jester,Fairy Tale / Toy Shop,-,purple,yellow,flashy,Unisex,Nature,No,,No,-,ピエロのぼうし,gorro de bufón,chapeau de bouffon,chapeau de bouffon,Narrenkappe,cappello giullare,피에로 모자,,1.0,27AE,2840,cap_cap_jesters,No,,jester's cap,,,-
097,jockey's helmet,,,Hat,Wig,Able Sisters,Yes,680,-,170,136,8,3,-,-,-,red,black,sporty,Unisex,-,Yes,,No,-,ジョッキーヘルメット,casco de jinete,casque de jockey,casque de jockey,Jockeyhelm,casco da fantino,기수 헬멧,,1.0,2842,28DE,hlmt_jockey,Yes,,-,,,-
098,kaffiyeh,,,Hat,Wig,Able Sisters,Yes,320,-,80,64,4,3,-,-,-,white,white,iconic,Male,-,No,,No,-,アラビアのぼうし,pañuelo árabe,foulard noir blanc,keffieh,Kufiya,kefiah,아라비아 모자,,1.0,27F2,288E,hlmt_kaffiyeh,No,,kaffiyeh,,,-
099,kappa cap,,,Hat,Hood,Souvenir Shop,No,-,20,250,200,12,199,turtle,-,-,green,green,flashy,Unisex,Animal,No,,No,-,カッパのおさら,gorro kappa,cagoule kappa,cagoule kappa,Käpten-Mütze,cappello tartaruga,거북이 모자,,1.0,2804,28A0,hlmt_plate_waterimp,No,,kappa cap,,,-
100,Kerokerokeroppi pins,,,Hat,Accessory,Toby's RV,No,-,-,250,-,12,300,-,Fairy Tale / Toy Shop,-,white,beige,cute,Unisex,-,No,,No,-,けろけろけろっぴなかざり,clip jardín zen,clip Kerokerokeroppi,clip Kerokerokeroppi,Teich-Spange,paio clip ranocchio,케로케로케로피 장식,,1.4,-,2883,cap_snr_keroppi,Yes,,-,,,Kerokerokeroppi pins
101,Kiki and Lala pin,,,Hat,Accessory,Étoile's RV,No,-,-,250,-,12,300,-,Fairy Tale / Toy Shop,-,yellow,yellow,cute,Unisex,-,No,,No,-,キキ&ララなかみかざり,clip Kiki & Lala,broche Kiki & Lala,broche Kiki & Lala,Kiki-&-Lala-Hut,ferm. Kiki and Lala,리틀 트윈 스타 머리핀,,1.4,-,2881,cap_snr_kikirara,Yes,,-,,,Kiki and Lala pin
102,King Tut mask,,,Helmet,Covered Helmet,Able Sisters,Yes,"12,000",-,"3,000","2,400",150,3,pharaoh,Antique / Quirky,-,yellow,blue,historical,Unisex,Manufactured,Yes,,No,-,ツタンカーメン,máscara egipcia,masque de pharaon,masque de pharaon,Pharaomaske,maschera Re Tut,투탕카멘,,1.0,281C,28B8,hlmt_wig_kingtut,No,,King Tut mask,,,King Tut mask
103,Kintaro wig,,,Hat,Hood,Able Sisters,Yes,"3,200",-,800,640,40,3,-,Harmonious,-,brown,brown,cute,Male,-,No,,No,-,きんたろう,peluca Kintaro,perruque Kintaro,perruque Kintaro,Kintaro-Perücke,parrucca da Kintaro,빨간 리본 꼭지머리,,1.0,2829,28C5,hlmt_wig_kintarou,No,,Kintaro wig,,,-
104,kiwi hat,,,Hat,Hat,Able Sisters,Yes,640,-,160,128,8,3,kiwi,Rustic,-,brown,brown,cute,Unisex,Fruit,No,,No,-,キウイのぼうし,gorro kiwi,chapeau kiwi,chapeau kiwi,Kiwihut,cappello kiwi,키위 모자,,1.0,27B2,2844,cap_fruit_kiwi,No,,kiwi hat,,,-
105,knight's helmet,,,Helmet,Helmet,Able Sisters,Yes,"1,000",-,250,200,12,3,knight,Antique / Quirky,-,gray,gray,historical,Unisex,-,Yes,,No,-,てっかめん,yelmo,casque de chevalier,casque de chevalier,Ritterhelm,elmo medievale,철가면,,1.0,280A,28A6,hlmt_helmet_knights,No,,knight's helmet,,,knight's helmet
106,light-blue cap,,,Hat,Hat,Able Sisters,Yes,320,-,80,64,4,3,-,-,-,aqua,aqua,sporty,Unisex,Manufactured,Yes,,No,-,みずいろのキャップ,gorra celeste,casquette bleu clair,casquette bleu clair,Haikappe,cappello celeste,하늘색 야구 모자,,1.0,277B,280D,cap_cap_ltb,Yes,,-,,,light-blue cap
107,li'l bro's hat,,,Hat,Hat,Able Sisters,Yes,320,-,80,64,4,3,-,Toy Shop,-,green,green,cute,Male,-,Yes,,No,-,おとうとさんのぼうし,gorra de Luigi,casquette Luigi,casquette Luigi,Luigi-Mütze,cappello fratellino,아우 모자,,1.0,279B,282D,cap_hat_lilbros,No,,li'l bro's hat,,,-
108,Link hat,,,Helmet,Hood,Zelda RV,No,-,-,600,-,30,300,-,Toy Shop,-,green,yellow,iconic,Unisex,-,No,,No,-,リンクのぼうし,gorro de Link,tuque de Link,bonnet de Link,Link-Hut,cappello Link,링크 모자,,1.4,-,28E7,hlmt_wig_linkfirst,Yes,,-,,,-
109,lion-dance mask,,,Helmet,Covered Helmet,Able Sisters,Yes,"1,600",-,400,320,20,3,-,Harmonious,-,red,white,iconic,Unisex,Animal,Yes,,No,-,ししまい,máscara oriental,masque danse du lion,masque danse du lion,Löwentanzmaske,maschera danza leone,사자탈,,1.0,2832,28CE,hlmt_sisimai,Yes,,-,,,-
110,Lottie's bun,,,Helmet,Wig,Lottie's RV,No,-,-,600,-,30,300,-,-,-,brown,aqua,cute,Female,-,No,,No,-,タクミのおだんごヘア,peluca de Nuria,perruque de Lou,perruque de Lou,Karlotta-Dutt,parrucca da Casimira,솜이 올림머리,,1.4,-,28F3,hlmt_wig_otg,Yes,,-,,,-
111,mailman's hat,,,Hat,Hat,Post Office,No,-,-,500,-,25,499,-,-,-,green,orange,official,Male,-,Yes,,No,-,はいたついんのぼうし,gorra cartero,chapeau de facteur,chapeau de facteur,Briefträgermütze,cappello da postino,우체부 모자,,1.0,27E9,287B,cap_postman,Yes,,-,,,-
112,Majora's Mask,,,Helmet,Mask,Fortune,No,-,-,210,-,10,151,-,Toy Shop / Quirky,-,colorful,colorful,flashy,Unisex,-,Yes,,No,-,ムジュラのかめん,máscara de Majora,masque Majora,masque Majora,Majoramaske,maschera da Majora,무쥬라의 가면,,1.0,2817,28B3,hlmt_mask_majora,No,,Majora's mask,,,-
113,Makar's Mask,,,Helmet,Mask,Able Sisters,Yes,240,-,60,48,3,3,-,Rustic,-,green,green,flashy,Unisex,-,Yes,,No,-,はっぱのおめん,máscara de Makore,masque de Dumoria,masque de Dumoria,Makorusmaske,maschera da Macorè,나뭇잎 가면,,1.0,282E,28CA,hlmt_leaf,Yes,,-,,,-
114,mandarin hat,,,Hat,Hat,Able Sisters,Yes,640,-,160,128,8,3,tangerine,Rustic,-,orange,green,cute,Unisex,Fruit,No,,No,-,なつみかんのぼうし,gorro mandarina,chapeau mandarine,chapeau mandarine,Mandarinenhut,cappello mandarino,귤 모자,,1.0,27B3,2845,cap_fruit_citrus,No,,mandarin hat,,,mandarin hat
115,Marie wig,,,Helmet,Wig,Viché's RV,No,-,-,600,-,30,300,-,Toy Shop,-,gray,green,rock 'n' roll,Unisex,-,No,,No,-,ホタルのウィッグ,peluca de Tina,perruque Oly,perruque Oly,Limone-Perücke,parrucca da Marina,호타루 가발,,1.4,-,28ED,hlmt_wig_hotaru,Yes,,-,,,-
116,matador's hat,,,Hat,Hat,GracieGrace,No,"1,200",-,300,-,15,251,-,-,-,black,black,official,Male,-,No,,No,Iberian hat,とうぎゅうしのぼうし,montera,chapeau ibérique,chapeau ibérique,Matadorhut,cappello da torero,투우사 모자,,1.0,27D9,286B,cap_matador,Yes,,-,,,-
117,matronly bun,,,Hat,Wig,Able Sisters,Yes,480,-,120,96,6,3,-,-,-,brown,brown,ornate,Female,-,No,,No,-,たまねぎヘアー,peluca señora mayor,perruque de matrone,perruque de matrone,Großmutterperücke,parrucca da matrona,양파 머리,,1.0,2837,28D3,hlmt_onion_hair,Yes,,-,,,-
118,melon hat,,,Hat,Hat,Able Sisters,Yes,640,-,160,128,8,3,melon,Rustic,-,green,green,cute,Unisex,Fruit,No,,No,-,メロンのぼうし,gorro melón,chapeau melon,chapeau melon,Papayahut,cappello melone,멜론 모자,,1.0,27B0,2842,cap_fruit_melon,No,,melon hat,,,-
119,Midna's Mask,,,Helmet,Open Helmet,Fortune,No,-,-,210,-,10,151,-,Toy Shop / Quirky,-,gray,gray,flashy,Female,-,Yes,,No,-,ミドナのかめん,casco de Midna,masque Midona,masque Midona,Midnamaske,maschera da Midna,미드나 헬멧,,1.0,2819,28B5,hlmt_mask_midna,No,,Midna's Mask,,,-
120,milkmaid hat,,,Hat,Hat,Able Sisters,Yes,320,-,80,64,4,3,milkmaid,-,-,white,white,iconic,Female,-,No,,No,-,オランダのぼうし,tocado holandés,chapeau hollandais,chapeau hollandais,Trachtenhaube,cuffia olandese,네덜란드 모자,,1.0,27A8,283A,cap_hat_dutch,Yes,,-,,,milkmaid hat
121,mohawk wig,,,Hat,Wig,Able Sisters,Yes,480,-,120,96,6,3,-,-,-,black,brown,flashy,Male,-,No,,No,-,モヒカン,cresta india,perruque iroquoise,perruque iroquoise,Irokesenperücke,parrucca da moicano,모히칸,,1.0,27FA,2896,hlmt_wig_mohawk,No,,mohawk wig,,,-
122,monster mask,,,Helmet,Open Helmet,Able Sisters,Yes,"1,031",-,257,205,12,33,-,Quirky,-,blue,black,flashy,Unisex,-,Yes,,No,-,フランケンのマスク,careta de monstruo,masque de zombistein,masque de zombistein,Monstermaske,maschera mostro,프랑켄슈타인 마스크,,1.0,281E,28BA,hlmt_hlwn_flanken,Yes,,-,,,-
123,moon hairpin,,,Hat,Accessory,Able Sisters,Yes,240,-,60,48,3,3,-,-,-,yellow,yellow,cute,Female,Manufactured,No,,No,-,つきのかみかざり,clip luna,épingle lune,épingle lune,Mondhaarnadel,molletta luna,달 머리핀,,1.0,27BB,284D,cap_hairpin_moon,No,,moon hairpin,,,-
124,motocross helmet,,,Helmet,Helmet,Able Sisters,Yes,"1,400",-,350,280,17,3,racer,Toy Shop,-,blue,blue,sporty,Unisex,-,Yes,,No,-,モトクロスメット,casco de motocross,casque de motocross,casque de motocross,Motorradhelm,casco motocross,모터크로스 헬멧,,1.0,2808,28A4,hlmt_helmet_motocross,No,,motocross helmet,,,-
125,mummy mask,,,Helmet,Helmet,Able Sisters,Yes,"1,031",-,257,205,12,33,mummy,Quirky,-,white,white,flashy,Unisex,-,Yes,,No,-,ミイラのかぶりもの,careta de momia,masque de momie,masque de momie,Mumienmaske,maschera mummia,미라 마스크,,1.0,2820,28BC,hlmt_dressing,Yes,,-,,,mummy mask
126,My Melody hat,,,Hat,Hat,Chelsea's RV,No,-,-,250,-,12,300,-,Fairy Tale / Toy Shop,-,pink,pink,cute,Unisex,-,Yes,,No,-,マイメロディなぼうし,gorra My Melody,casquette My Melody,casquette My Melody,My-Melody-Hut,cappello My Melody,마이 멜로디 모자,,1.4,-,2880,cap_snr_mymelo,Yes,,-,,,My Melody hat
127,Nabiru mask,,,Helmet,Mask,Felyne's RV,No,-,-,600,-,30,300,-,-,-,beige,brown,cute,Unisex,-,No,,No,-,ナビルーのおめん,máscara de Navirou,masque de Navirou,masque de Navirou,Navirou-Maske,maschera da Navirou,나비루 마스크,,1.4,-,28F1,hlmt_mnh_navirou,Yes,,-,,,-
128,new hero wig,,,Helmet,Hood,Zelda RV,No,-,-,600,-,30,300,-,Toy Shop,-,yellow,yellow,iconic,Unisex,-,No,,No,-,あたらしいゆうしゃのかみ,peluca héroe nueva,perr. nouveau Link,perr. nouveau Link,Neuheld-Perücke,parr. da nuovo eroe,새로운 용사 가발,,1.4,-,28EB,hlmt_wig_linkwild,Yes,,-,,,-
129,newsprint helmet,,,Hat,Hat,Isabelle,No,-,-,20,-,1,499,-,Toy Shop,-,gray,gray,iconic,Male,-,No,,No,-,しんぶんしのかぶと,gorro de papel,casque en papier,casque en papier,Papierhut,elmo di carta,신문지 투구,,1.0,2798,282A,cap_helmet_npaper,No,,newsprint helmet,,,-
130,ninja hood,,,Hat,Hood,Able Sisters,Yes,480,-,120,96,6,3,ninja,Harmonious,-,blue,blue,historical,Unisex,-,No,,No,-,にんじゃずきん,caperuza ninja,cagoule de ninja,cagoule de ninja,Ninjakapuze,cappuccio ninja,닌자 두건,,1.0,27F6,2892,hlmt_hood_ninja,No,,ninja hood,,,-
131,nurse's cap,,,Hat,Accessory,Able Sisters,Yes,"1,200",-,300,240,15,3,-,-,-,white,white,official,Female,-,No,,No,-,ナースキャップ,cofia enfermera,coiffe d'infirmière,coiffe d'infirmière,Schwesternhaube,cuffia da infermiera,간호사 모자,,1.0,27D3,2865,cap_nurse,Yes,,-,,,-
132,ogre's wig,,,Hat,Wig,Able Sisters,Yes,"1,200",-,300,240,15,3,-,Harmonious / Quirky,-,brown,yellow,flashy,Unisex,-,No,,No,-,オニのかぶりもの,peluca de ogro,perruque d'ogre,perruque d'ogre,Oger-Perücke,parr. spirito malv.,도깨비 머리,,1.0,283C,28D8,hlmt_ogre,Yes,,-,,,-
133,orange knit hat,,,Hat,Hat,Able Sisters,Yes,320,-,80,64,4,3,-,-,-,orange,orange,cute,Unisex,V-Striped,No,,No,-,オレンジニットぼう,gorro naranja,bonnet orange,bonnet orange,Strickmütze,berretto arancione,오렌지색 털모자,,1.0,2783,2815,cap_knit_org,No,,orange knit hat,,,orange knit hat
134,outback hat,,,Hat,Hat,Able Sisters,Yes,320,-,80,64,4,3,cowboy,-,-,beige,beige,iconic,Unisex,-,Yes,,No,-,テンガロンハット,sombrero austral,feutre,feutre,Western-Hut,cappello australiano,카우보이 모자,,1.0,27A7,2839,cap_hat_outback,No,,outback hat,,,outback hat
135,paperboy cap,,,Hat,Hat,Able Sisters,Yes,460,-,115,92,5,3,-,-,-,aqua,aqua,iconic,Unisex,-,Yes,,No,-,ハンチング,gorra pilluelo,casquette de livreur,casquette de livreur,Botenmütze,coppola,헌팅캡,,1.0,278A,281C,cap_cap_paperboy,No,,paperboy cap,,,paperboy cap
136,pigtail,,,Hat,Wig,Able Sisters,Yes,400,-,100,80,5,3,imperial,Harmonious,-,black,black,iconic,Male,-,No,,No,-,べんぱつ,coleta mongola,natte,natte,Khan-Perücke,codino cinese,변발,,1.0,27FB,2897,hlmt_pigtail,No,,pigtail,,,-
137,pilot goggles,,,Helmet,Wig,Inkwell's RV,No,-,-,600,-,30,300,-,Toy Shop,-,blue,black,sporty,Male,-,No,,No,-,ボーイのかぶりもの,peluca inkling chico,perr. lunettes (),perr. lunettes (),Pilotenbrille,accessorio ragazzo,보이 고글,,1.4,-,28EE,hlmt_wig_splboy,Yes,,-,,,-
138,pilot's cap,,,Hat,Hood,Able Sisters,Yes,720,-,180,144,9,3,-,-,-,yellow,orange,sporty,Unisex,-,No,,No,-,ひこうぼう,gorra de aviador,casque de pilote,casque de pilote,Pilotenkappe,casco d'aviatore,비행 모자,,1.0,27ED,2889,hlmt_cap_pilots,No,,pilot's cap,,,-
139,pilot's hat,,,Hat,Hat,Able Sisters,Yes,960,-,240,192,12,3,pilot,Toy Shop,-,purple,purple,official,Male,Manufactured,Yes,,No,-,きちょうのぼうし,gorra de piloto,chapeau de capitaine,chapeau de capitaine,Pilotenmütze,cappello da pilota,기장 모자,,1.0,27E3,2875,cap_captain_sky,Yes,,-,,,-
140,pink knit hat,,,Hat,Hat,Able Sisters,Yes,320,-,80,64,4,3,-,Fairy Tale,-,pink,pink,cute,Female,-,No,,No,-,ピンクのニットぼう,gorro rosa,bonnet rose,bonnet rose,Wollmütze,berretto rosa,핑크 털모자,,1.0,2784,2816,cap_knit_pnk,No,,pink knit hat,,,pink knit hat
141,pink nightcap,,,Hat,Hat,Able Sisters,Yes,300,-,75,60,3,3,-,-,-,pink,pink,cute,Female,Nature,No,,No,-,あかいナイトキャップ,gorro de dormir rosa,bonnet de nuit rose,bonnet de nuit rose,Mädchen-Nachtmütze,berretto notte rosa,빨간 나이트캡,,1.0,27D4,2866,cap_nightcap_red,Yes,,-,,,-
142,pink-zap helmet,,,Helmet,Helmet,Able Sisters,Yes,600,-,150,120,7,3,pink superheroine,Fairy Tale / Sci-Fi / Toy Shop,-,white,pink,sporty,Female,-,Yes,,No,-,ヒロインヘルメット,supercasco rosa,casque d'héroïne,casque d'héroïne,Heldinnenhelm,casco eroina,히어로 헬멧 P,,1.0,2814,28B0,hlmt_helmet_heroineP,Yes,,-,,,-
143,pirate's hat,,,Hat,Hat,Souvenir Shop,No,-,15,187,149,9,99,pirate,Antique / Toy Shop / Quirky,-,black,black,rock 'n' roll,Male,Manufactured,No,,No,-,かいぞくのぼうし,sombrero pirata,chapeau de pirate,chapeau de pirate,Piratenhut,cappello pirata,해적 모자,,1.0,27AD,283F,cap_hat_pirates,No,,pirate's hat,,,-
144,plain black cap,,,Hat,Hat,Able Sisters,Yes,360,-,90,72,4,3,-,-,-,black,black,official,Unisex,-,Yes,,No,-,ワークキャップ,gorra negra sencilla,casquette militaire,casquette militaire,Schirmmütze,cappello da lavoro,워크캡,,1.0,27EA,287C,cap_workcap,Yes,,-,,,plain black cap
145,police cap,,,Hat,Hat,Able Sisters,Yes,480,-,120,96,6,3,police officer,-,-,black,black,official,Unisex,Manufactured,Yes,,No,-,けいかんのぼうし,gorra de policía,casquette de police,casquette de police,Polizeimütze,cappello poliziotto,경찰모,,1.0,27A2,2834,cap_cap_police,No,,police cap,,,police cap
146,Pompompurin hat,,,Helmet,Wig,Marty's RV,No,-,-,600,-,30,300,-,Fairy Tale / Toy Shop,-,yellow,brown,cute,Unisex,-,No,,No,-,ポムポムプリンなあたま,gorro Pompompurin,béret Pompompurin,béret Pompompurin,Pompompurin-Hut,cappello Pompompurin,폼폼푸린 머리,,1.4,-,28F2,hlmt_wig_prin,Yes,,-,,,Pompompurin hat
147,powdered wig,,,Hat,Hood,Able Sisters,Yes,600,-,150,120,7,3,-,-,-,gray,gray,historical,Male,-,No,,No,-,おんがくかのかつら,pelucón,perruque noble,perruque noble,Richterperücke,parrucca bianca,음악가 가발,,1.0,27F7,2893,hlmt_wig_powdered,No,,powdered wig,,,-
148,puffy hat,,,Hat,Hat,Able Sisters,Yes,360,-,90,72,4,3,-,-,-,blue,blue,iconic,Unisex,-,Yes,,No,-,もこもこなぼうし,gorro ruso,chapka,chapka,Flauschmütze,colbacco,폭신폭신한 모자,,1.0,2790,2822,cap_hat_puffy,No,,puffy hat,,,puffy hat
149,pumpkin head,,,Helmet,Covered Helmet,Villagers,Yes,"4,000",-,"1,000",800,50,51,-,Rustic / Quirky,-,orange,orange,flashy,Unisex,-,Yes,,No,-,かぼちゃのかぶりもの,calabaza,citrouille,citrouille,Kürbiskopf,testa di zucca,호박 머리,,1.0,281B,28B7,hlmt_jackolantern,No,,pumpkin head,,,pumpkin head
150,purple cap,,,Hat,Hat,Able Sisters,Yes,320,-,80,64,4,3,-,-,-,purple,purple,sporty,Unisex,Manufactured,Yes,,No,-,むらさきのキャップ,gorra morada,casquette mauve,casquette mauve,Lilakappe,cappello viola,보라색 야구 모자,,1.0,277F,2811,cap_cap_ppl,No,,purple cap,,,purple cap
151,purple knit hat,,,Hat,Hat,Able Sisters,Yes,320,-,80,64,4,3,-,-,-,purple,white,cute,Unisex,V-Striped,No,,No,-,むらさきのニットぼう,gorro listas,bonnet mauve,bonnet mauve,Streifenmütze,berretto viola,보라색 털모자,,1.0,2785,2817,cap_knit_ppl,No,,purple knit hat,,,purple knit hat
152,purple-imp hood,,,Hat,Hood,Able Sisters,Yes,"1,200",-,300,240,15,3,-,Quirky,-,purple,purple,flashy,Unisex,-,No,,No,-,デビルなかぶりもの,gorro diablo morado,capuche de diablotin,capuche de diablotin,Lila-Kobold-Mütze,copric. corna viola,악마 모자,,1.0,2835,28D1,hlmt_hood_devil,Yes,,-,,,-
153,purple-pumpkin head,,,Helmet,Covered Helmet,Villagers,No,-,-,"1,000",800,50,51,-,Rustic / Quirky,-,pink,pink,flashy,Unisex,-,Yes,,No,-,パープルかぼちゃマスク,calabaza morada,citrouille violette,citrouille violette,Kürbiskopf (lila),testa zucca viola,퍼플 호박 마스크,,1.0,2846,28E2,hlmt_jackolantern_1,Yes,,-,,,purple-pumpkin head
154,racing helmet,,,Helmet,Helmet,Able Sisters,Yes,"1,200",-,300,240,15,3,racer,-,-,red,red,sporty,Unisex,Manufactured,Yes,,No,-,フルフェイスメット,casco de carreras,casque de course,casque de course,Rennfahrerhelm,casco da pilota,풀페이스 헬멧,,1.0,2807,28A3,hlmt_helmet_racing,No,,racing helmet,,,-
155,red cap,,,Hat,Hat,Able Sisters,Yes,320,-,80,64,4,3,-,-,-,red,red,sporty,Unisex,Manufactured,Yes,,No,-,あかいキャップ,gorra roja,casquette rouge,casquette rouge,Tankstellenkappe,cappello rosso,빨간 야구 모자,,1.0,2779,280B,cap_cap_red,No,,red cap,,,-
156,red headgear,,,Helmet,Helmet,Able Sisters,Yes,800,-,200,160,10,3,-,-,-,red,red,sporty,Unisex,Manufactured,No,,No,-,あかいヘッドギア,protector rojo,casque de boxe rouge,casque de boxe rouge,Rotboxerhelm,casco da boxe rosso,빨간 헤드기어,,1.0,2826,28C2,hlmt_helmet_headgear_red,Yes,,-,,,-
157,red hood,,,Hat,Hood,Able Sisters,Yes,400,-,100,80,5,3,-,Fairy Tale,-,red,red,cute,Female,-,No,,No,-,あかずきん,caperuza roja,chaperon rouge,chaperon rouge,Rothaube,cappuccio rosso,빨간 두건,,1.0,282C,28C8,hlmt_redhood,Yes,,-,,,-
158,red New Year's hat,,,Hat,Hat,Redd,No,300,-,75,60,3,33,-,-,Year sold by Redd,red,red,cute,Unisex,Manufactured,Yes,,No,-,ニューイヤーハットあか,gorro Año Nuevo rojo,chapeau nouvel an R,chapeau nouvel an R,Neujahrshut (rot),capp. Capodan. rosso,빨간 새해 모자,,1.0,27CD,285F,cap_newyear_hat,Yes,,-,,,red New Year's hat
159,red ogre mask,,,Helmet,Mask,Isabelle,No,-,-,160,-,8,499,-,Harmonious / Quirky,-,red,red,flashy,Unisex,-,Yes,,No,-,あかオニのおめん,careta ogro rojo,masque d'ogre rouge,masque d'ogre rouge,Ogermaske (rot),masch. Setsub. rossa,빨간 도깨비 가면,,1.0,2815,28B1,hlmt_mask_demonred,No,,red ogre mask,,,-
160,red Pikmin,,,Hat,Hood,Fortune,No,-,-,210,-,10,151,-,Toy Shop,-,red,green,cute,Unisex,-,No,,No,-,あかピクミン,Pikmin hoja,Pikmin feuille,Pikmin feuille,Blatt-Pikmin,berr. Pikmin rosso,빨강피크민,,1.0,2821,28BD,hlmt_pikmin_red,No,,red Pikmin,,,-
161,red pom-pom hat,,,Hat,Hat,Able Sisters,Yes,320,-,80,64,4,3,-,-,-,red,white,cute,Unisex,-,No,,No,-,あかボンボンニットぼう,gorro pompón,pompon rouge,pompon rouge,Puschelmütze,berretto rosso,빨간 털모자,,1.0,2786,2818,cap_knit_red,No,,red pom-pom hat,,,-
162,red ribbon,,,Hat,Accessory,Able Sisters,Yes,240,-,60,48,3,3,-,Fairy Tale,-,red,red,cute,Female,Manufactured,No,,No,-,あかいリボン,lazo rojo,ruban rouge,ruban rouge,Rubinband,fiocco rosso,빨간 리본,,1.0,27B6,2848,cap_ribbon_red,No,,red ribbon,,,-
163,red-horned hat,,,Hat,Hood,DLC,Yes,"2,400",-,600,480,30,300,-,Quirky,-,red,red,sporty,Unisex,-,No,,Yes,-,あかいつののぼうし,casco cuernos rojos,chapeau cornu,chapeau cornu,Hörnerhelm,cappello corna rosse,필승 코리아 뿔모자,,1.0,282B,28C7,hlmt_hood_horn,Yes,,-,,,-
164,red-pumpkin head,,,Helmet,Covered Helmet,Villagers,No,-,-,"1,000",800,50,51,-,Rustic / Quirky,-,red,red,flashy,Unisex,-,Yes,,No,-,レッドかぼちゃマスク,calabaza roja,citrouille rouge,citrouille rouge,Kürbiskopf (rot),testa zucca rossa,레드 호박 마스크,,1.0,2849,28E5,hlmt_jackolantern_4,Yes,,-,,,red-pumpkin head
165,red-team cap,,,Hat,Hat,Able Sisters,Yes,360,-,90,72,4,3,-,-,-,red,red,sporty,Unisex,-,Yes,,No,-,あかぐみのぼうし,gorra rojos,casquette des rouges,casquette des rouges,Rotteamkappe,berretto team rosso,홍팀 모자,,1.0,27C0,2852,cap_cap_group_red,Yes,,-,,,-
166,red-zap helmet,,,Helmet,Helmet,Able Sisters,Yes,600,-,150,120,7,3,red superhero,Sci-Fi / Toy Shop,-,white,red,sporty,Male,-,Yes,,No,-,ヒーローヘルメットR,supercasco rojo,casque héros rouge,casque héros rouge,Rotheldenhelm,casco eroe rosso,히어로 헬멧 R,,1.0,2811,28AD,hlmt_helmet_hero,Yes,,-,,,-
167,regent wig,,,Hat,Wig,Able Sisters,Yes,480,-,120,96,6,3,-,-,-,black,black,rock 'n' roll,Male,-,No,,No,-,リーゼント,tupé rockabilly,perruque banane,perruque banane,Schlapp-Perücke,parrucca da principe,리젠트,,1.0,27F9,2895,hlmt_wig_regent,No,,regent wig,,,-
168,retro helmet,,,Helmet,Helmet,GracieGrace,No,"5,000",-,"1,250",-,62,251,-,Toy Shop,-,green,green,sporty,Unisex,-,Yes,,No,-,レトロなヘルメット,casco retro,casque rétro,casque rétro,Retro-Helm,casco rétro,복고풍 헬멧,,1.0,2810,28AC,hlmt_helmet_retro,No,,retro helmet,,,-
169,ribboned straw hat,,,Hat,Accessory,Able Sisters,Yes,320,-,80,64,4,3,-,-,-,yellow,brown,cute,Female,-,No,,No,-,ちいさめなぼうし,sombrero con lazo,chapeau paille ruban,chapeau paille ruban,Schleifchen-Strohhut,capp. paglia nastro,작은 모자,,1.0,27D2,2864,cap_small,Yes,,-,,,-
170,Roman helmet,,,Helmet,Open Helmet,Able Sisters,Yes,"1,200",-,300,240,15,3,centurion,Antique / Quirky,-,yellow,yellow,historical,Unisex,-,Yes,,No,-,ローマへいのかぶと,casco romano,casque romain,casque romain,Legionärshelm,elmo romano,로마병 투구,,1.0,280B,28A7,hlmt_helmet_roman,No,,Roman helmet,,,-
171,royal crown,,,Hat,Hat,Able Sisters,Yes,"1,200,000",-,"300,000","240,000","15,000",3,king,Antique / Fairy Tale,-,red,yellow,ornate,Unisex,Plaid,No,,No,-,おうかん,corona imperial,couronne royale,couronne royale,Königskrone,corona reale,왕관,,1.0,27C9,285B,cap_crown_royal,No,,royal crown,,,royal crown
172,safety helmet,,,Hat,Hat,Able Sisters,Yes,300,-,75,60,3,3,worker,-,-,yellow,yellow,sporty,Unisex,-,Yes,,No,-,あんぜんヘルメット,casco de obra,casque de chantier,casque de chantier,Baustellenhelm,casco da lavoro,안전모,,1.0,27A1,2833,cap_helmet_safety,No,,safety helmet,,,-
173,sailor's hat,,,Hat,Hat,Souvenir Shop,No,-,15,187,149,9,99,sailor,Sci-Fi / Toy Shop,-,white,blue,official,Unisex,Manufactured,No,,No,-,ふなのりのぼうし,gorro marinero,bonnet marin,bonnet marin,Matrosenmütze,cappello marinaio,선원 모자,,1.0,27A5,2837,cap_hat_sailors,No,,sailor's hat,,,-
174,samurai helmet,,,Hat,Hood,Able Sisters,Yes,"2,000",-,500,400,25,3,samurai,Harmonious / Antique / Quirky,-,black,yellow,historical,Male,-,No,,No,-,かぶと,casco samurái,casque de samouraï,casque de samouraï,Samuraihelm,elmo samurai,일본 무사 투구,,1.0,2805,28A1,hlmt_helmet_kabuto,Yes,,-,,,-
175,samurai wig,,,Hat,Wig,Able Sisters,Yes,"1,200",-,300,240,15,3,-,Harmonious,-,brown,yellow,historical,Male,-,No,,No,-,ちょんまげ,peluca de samurái,coiffe de samouraï,coiffe de samouraï,Samuraiperücke,parrucca da samurai,일본식 상투,,1.0,27F4,2890,hlmt_wig_samurai,No,,samurai wig,,,-
176,Samus mask,,,Helmet,Covered Helmet,Fortune,No,-,-,210,-,10,151,bounty hunter,Sci-Fi / Toy Shop,-,orange,orange,rock 'n' roll,Female,-,Yes,,No,-,バリアスーツ・ヘッド,casco de Samus,casque Varia,casque Varia,Samusmaske,maschera da Samus,배리어 슈트 헬멧,,1.0,2818,28B4,hlmt_helmet_samus,No,,Samus mask,,,-
177,Santa hat,,,Hat,Hat,Able Sisters,Yes,640,-,160,128,8,33,-,Toy Shop,Dec 1-31,red,white,cute,Unisex,-,No,,No,-,サンタのぼうし,gorro festivo,bonnet de père Noël,bonnet de père Noël,Weihnachtsmannhut,capp. Babbo Natale,산타 모자,,1.0,2799,282B,cap_hat_Xmas,Yes,,-,,,Santa hat
178,scholar's hat,,,Hat,Hat,Able Sisters,Yes,420,-,105,84,5,3,scholar,-,-,brown,brown,official,Unisex,-,No,,No,-,がくしのぼうし,birrete de graduado,chapeau diplôme,chapeau diplôme,Abschlusshut,cappello laurea,학사모,,1.0,27A0,2832,cap_hat_scholars,No,,scholar's hat,,,-
179,school cap,,,Hat,Hat,DLC,Yes,360,-,90,72,4,300,-,-,-,blue,blue,sporty,Unisex,-,Yes,,Yes,-,あおしろのぼうし,gorra colegio azul,casqu. écol. bleue,casqu. écol. bleue,Schulmütze (blau),cappellino azzurro,청팀 운동회 모자,,1.0,27C6,2858,cap_cap_group_blue,No,,school cap,,,-
180,school hat,,,Hat,Hat,Able Sisters,Yes,240,-,60,48,3,3,-,-,-,yellow,yellow,official,Unisex,-,Yes,,No,-,つうがくぼう,gorra de colegio,chapeau d'écolier,chapeau d'écolier,Schülerhut,cappello da scolaro,유치원생 모자,,1.0,27E4,2876,cap_scool_girl,Yes,,-,,,school hat
181,shamrock hat,,,Hat,Hat,Isabelle,No,-,-,400,-,20,499,-,Rustic,-,green,green,iconic,Unisex,Manufactured,Yes,,No,-,シャムロックハット,sombrero trébol,chapeau trèfle,chapeau trèfle,Kleehut,cappello trifoglio,성패트릭 모자,,1.0,27BD,284F,cap_hat_shamrock,No,,shamrock hat,,,shamrock hat
182,Sheik mask,,,Helmet,Hood,Epona's RV,No,-,-,600,-,30,300,-,Toy Shop,-,white,yellow,iconic,Unisex,-,No,,No,-,シークのあたま,máscara de Sheik,masque de Sheik,masque de Sheik,Shiek-Perücke,maschera da Sheik,시크 마스크,,1.4,-,28E9,hlmt_wig_sheik,Yes,,-,,,-
183,shower cap,,,Hat,Hat,Able Sisters,Yes,240,-,60,48,3,3,spa patron,-,-,pink,pink,flashy,Unisex,-,No,,No,-,シャワーキャップ,gorro de ducha,bonnet de bain,bonnet de bain,Duschhaube,cuffia da doccia,샤워캡,,1.0,27DE,2870,cap_showercap,Yes,,-,,,-
184,silk hat,,,Hat,Hat,Able Sisters,Yes,320,-,80,64,4,3,imperial,Harmonious,-,red,green,iconic,Unisex,Nature,No,,No,-,チャイナハット,gorro de seda,chapeau en soie,chapeau en soie,Seidenmütze,cappello di seta,중국풍 모자,,1.0,27A6,2838,cap_hat_silk,No,,silk hat,,,silk hat
185,skeleton hood,,,Hat,Hood,Able Sisters,Yes,"1,031",-,257,205,12,33,-,Quirky,-,white,white,flashy,Unisex,-,No,,No,-,ガイコツのかぶりもの,capucha calavera,masque de squelette,masque de squelette,Skelettkapuze,copricapo scheletro,해골 모자,,1.0,2838,28D4,hlmt_hlwn_skelton,Yes,,-,,,-
186,ski mask,,,Helmet,Helmet,Able Sisters,Yes,600,-,150,120,7,3,-,Quirky,-,black,black,flashy,Unisex,-,Yes,,No,-,めだしぼう,pasamontañas,cagoule,cagoule,Skimaske,passamontagna,복면 마스크,,1.0,280E,28AA,hlmt_mask_ski,No,,ski mask,,,-
187,small silk hat,,,Hat,Accessory,GracieGrace,No,"2,400",-,600,-,30,251,-,Fairy Tale,-,red,black,cute,Female,-,No,,No,-,ちいさめシルクハット,minichistera,chapeau de cavalière,chapeau de cavalière,Mini-Seidenhut,capp. di seta rossa,작은 실크해트,,1.0,27EB,287D,cap_silkhat_small,Yes,,-,,,small silk hat
188,snowman head,,,Hat,Hood,Snowboy,No,-,-,666,-,33,88,-,Fairy Tale / Toy Shop,-,white,white,cute,Unisex,-,No,,No,-,ゆきだるまのぼうし,casco de Copito,cagoule neige,cagoule neige,Schneemannhut,testa pupazzo neve,눈사람 모자,,1.0,2827,28C3,hlmt_snowball,No,,snowman head,,,-
189,sombrero,,,Hat,Hat,Able Sisters,Yes,240,-,60,48,3,3,vaquero,-,-,brown,brown,iconic,Unisex,-,Yes,,No,-,ソンブレロ,sombrero cuate,sombrero,sombrero,Sombrero,sombrero,솜브레로,,1.0,27A9,283B,cap_sombrero,No,,sombrero,,,sombrero
190,space helmet,,,Helmet,Helmet,Able Sisters,Yes,"2,400",-,600,480,30,3,astronaut,Sci-Fi / Toy Shop,-,aqua,aqua,sporty,Unisex,-,Yes,,No,-,アストロヘルメット,casco espacial,casque spatial,casque spatial,Astronautenhelm,casco spaziale,아스트로 헬멧,,1.0,280D,28A9,hlmt_helmet_space,No,,space helmet,,,-
191,stagehand hat,,,Helmet,Open Helmet,Able Sisters,Yes,600,-,150,120,7,3,-,Harmonious,-,black,black,iconic,Unisex,-,Yes,,No,-,くろこ,gorro negro con velo,chapeau machiniste,chapeau machiniste,Kabuki-Hut,cappuccio garza nera,검은 복면,,1.0,2836,28D2,hlmt_kuroko,Yes,,-,,,-
192,star bopper,,,Hat,Accessory,Isabelle,No,-,-,40,32,2,3,-,-,-,yellow,yellow,cute,Unisex,Manufactured,No,,No,-,ひかるスターアクセサリー,diadema estrellas,serre-tête étoiles,serre-tête étoiles,Leuchtsternfühler,paio antenne stelle,빛나는 별 액세서리,,1.0,27E8,287A,cap_glow_star,Yes,,-,,,star bopper
193,star cap,,,Hat,Hat,Able Sisters,Yes,320,-,80,64,4,3,-,Fairy Tale,-,pink,pink,sporty,Unisex,Nature,Yes,,No,-,ピンクのキャップ,gorra estrella,casquette étoile,casquette étoile,Sternkappe,cappello stella,핑크 야구 모자,,1.0,277D,280F,cap_cap_star,No,,star cap,,,star cap
194,star hairpin,,,Hat,Accessory,Able Sisters,Yes,240,-,60,48,3,3,-,-,-,yellow,yellow,cute,Female,Manufactured,No,,No,-,ほしのかみかざり,clip estrella,épingle étoile,épingle étoile,Sternhaarnadel,molletta stella,별 머리핀,,1.0,27BA,284C,cap_hairpin_star,No,,star hairpin,,,star hairpin
195,straw boater,,,Hat,Hat,Able Sisters,Yes,320,-,80,64,4,3,-,Trendy,-,brown,brown,basic,Unisex,-,Yes,,No,-,カンカンぼう,canotier,canotier,canotier,Kreissäge,paglietta,캉캉 모자,,1.0,27DC,286E,cap_boater,Yes,,-,,,straw boater
196,straw hat,,,Hat,Hat,Souvenir Shop,No,-,15,187,149,9,99,-,-,-,brown,brown,iconic,Unisex,-,Yes,,No,-,むぎわらぼうし,sombrero de paja,chapeau de paille,chapeau de paille,Strohhut,cappello di paglia,밀짚모자,,1.0,2788,281A,cap_hat_straw,No,,straw hat,,,-
197,straw umbrella hat,,,Hat,Hat,Able Sisters,Yes,240,-,60,48,3,3,-,Harmonious,-,brown,brown,historical,Unisex,-,Yes,,No,-,さんどがさ,gorro paja achatado,chapeau de bambou,chapeau de bambou,Flach-Reishut,capp. paglia oriente,일본풍 삿갓,,1.0,27D7,2869,cap_sandogasa,Yes,,-,,,-
198,strawberry hat,,,Hat,Hat,Able Sisters,Yes,640,-,160,128,8,3,strawberry,Rustic,-,red,pink,cute,Unisex,Fruit,No,,No,-,いちごのぼうし,gorro fresa,chapeau fraise,chapeau fraise,Erdbeerhut,cappello fragola,딸기 모자,,1.0,27B1,2843,cap_fruit_strawberry,No,,strawberry hat,,,-
199,stripe knit cap,,,Hat,Hood,Able Sisters,Yes,320,-,80,64,4,3,-,-,-,black,pink,basic,Unisex,V-Striped,No,,No,-,ボーダーニットぼう,gorro lana rayas,bonnet péruvien,bonnet péruvien,Streifenpudelmütze,berretto nero,줄무늬 털모자,,1.0,27EC,2888,hlmt_knit_blk,Yes,,-,,,-
200,student cap,,,Hat,Hat,Able Sisters,Yes,"1,600",-,400,320,20,3,-,-,-,black,black,official,Male,Manufactured,Yes,,No,-,がくせいぼう,gorra escolar,chapeau d'élève,chapeau d'élève,Schülermütze,cappello da studente,학생모,,1.0,27BE,2850,cap_cap_school,No,,student cap,,,-
201,studio headphones,,,Helmet,Wig,Inkwell's RV,No,-,-,600,-,30,300,-,Toy Shop,-,orange,black,sporty,Female,-,No,,No,-,ガールのかぶりもの,peluca inkling chica,perr. écouteurs (),perr. écouteurs (),Studio-Kopfhörer,accessorio ragazza,걸 헤드폰,,1.4,-,28EF,hlmt_wig_splgirl,Yes,,-,,,-
202,swimming cap,,,Hat,Hat,Able Sisters,Yes,200,-,50,40,2,3,-,-,-,yellow,yellow,sporty,Unisex,-,No,,No,-,すいえいキャップ,gorro piscina,bonnet de natation,bonnet de natation,Schwimmkappe,cuffia nuoto,수영 모자,,1.0,2796,2828,cap_cap_swimming,No,,swimming cap,,,-
203,Takoroka mesh,,,Hat,Hat,Inkwell's RV,No,-,-,250,-,12,300,-,Toy Shop,-,red,white,sporty,Unisex,Manufactured,Yes,,No,-,ヤコメッシュ,gorra malla Sepioca,casquet. filet Cubic,casquet. filet Cubic,Kalamati-Mütze,berretto Sepia,스플래툰 모자,,1.4,-,287E,cap_cap_yakomesh,Yes,,-,,,-
204,tam-o'-shanter,,,Hat,Hood,DLC,Yes,"4,000",-,"1,000",800,50,300,-,-,-,black,red,iconic,Unisex,-,No,,Yes,-,スコットランドぼうし,boina escocesa,béret écossais,béret écossais,Schottenmütze,cappello scozzese,스코틀랜드 모자,,1.0,282A,28C6,hlmt_hat_jimmy,Yes,,-,,,-
205,terry-cloth do-rag,,,Hat,Hat,Able Sisters,Yes,240,-,60,48,3,3,-,-,-,white,white,rock 'n' roll,Unisex,-,No,,No,-,タオル,pañuelo felpa,bandana blanc,bandana blanc,Handtuch,cappello asciugamano,수건,,1.0,27DD,286F,cap_towel,Yes,,-,,,-
206,tiara hair,,,Hat,Hood,GracieGrace,No,"7,200",-,"1,800",-,90,251,-,Antique / Fairy Tale,-,black,white,ornate,Female,-,No,,No,-,おひめさま,diadema princesa,diadème,diadème,Diadem,diadema,공주님 머리,,1.0,27FD,2899,hlmt_wig_princess,No,,tiara hair,,,-
207,Tingle hood,,,Hat,Hood,Katrina,Yes,"1,200",-,300,240,15,893,-,Toy Shop,-,green,green,flashy,Unisex,-,No,,No,-,チンクル,capucha de Tingle,capuche Tingle,capuche Tingle,Tingle-Mütze,berretto da Tingle,팅글,,1.0,2834,28D0,hlmt_hood_tinkle,Yes,,-,,,-
208,Toad hat,,,Helmet,Open Helmet,Fortune,No,-,-,210,-,10,151,-,Toy Shop,-,white,red,cute,Unisex,Dotted,No,,No,-,キノピオのぼうし,gorro de Toad,chapeau Toad,chapeau Toad,Toad-Mütze,cappello da Toad,키노피오 모자,,1.0,281A,28B6,hlmt_hat_kinopio,No,,Toad hat,,,Toad hat
209,top hat,,,Hat,Hat,Able Sisters,Yes,480,-,120,96,6,3,-,Antique / Fairy Tale,-,black,black,official,Male,-,Yes,,No,-,シルクハット,sombrero de copa,haut-de-forme,haut-de-forme,Zylinder,cilindro,실크해트,,1.0,278F,2821,cap_hat_top,No,,top hat,,,-
210,topknot wig,,,Hat,Hood,Able Sisters,Yes,"1,200",-,300,240,15,3,-,Harmonious,-,brown,brown,sporty,Male,-,No,,No,-,おおいちょう,peluca con moño,perruque à chignon,perruque à chignon,Hochsteckperücke,parrucca con codino,일본 스모선수 머리,,1.0,2830,28CC,hlmt_wig_ooichou,Yes,,-,,,-
211,tsunokakushi,,,Hat,Hood,Able Sisters,Yes,"2,400",-,600,480,30,3,-,Harmonious / Fairy Tale,-,white,white,official,Female,-,No,,No,-,つのかくし,tocado nupcial,coiffe de mariée,coiffe de mariée,Hochzeitshaube,capp. sposa asiatico,일본 전통 신부모자,,1.0,2828,28C4,hlmt_wig_thunokakushi,No,,tsunokakushi,,,-
212,tulip hat,,,Hat,Hat,Able Sisters,Yes,640,-,160,128,8,3,-,-,-,yellow,yellow,cute,Unisex,-,Yes,,No,-,チューリップハット,gorro tulipán,chapeau tulipe,chapeau tulipe,Tulpenhut,cappello tulipano,튤립 모자,,1.0,2794,2826,cap_hat_tulip,No,,tulip hat,,,-
213,turban,,,Hat,Hood,Able Sisters,Yes,600,-,150,120,7,3,genie,-,-,white,white,iconic,Male,Manufactured,No,,No,-,ターバン,turbante,turban,turban,Turban,turbante,터번,,1.0,27F0,288C,hlmt_turban,No,,turban,,,-
214,viking helmet,,,Hat,Hat,Able Sisters,Yes,540,-,135,108,6,3,viking,Antique / Toy Shop / Quirky,-,gray,gray,historical,Unisex,-,No,,No,-,バイキングのかぶと,casco vikingo,casque viking,casque viking,Wikingerhelm,elmo vichingo,바이킹 투구,,1.0,27AB,283D,cap_helmet_viking,No,,Viking helmet,,,-
215,warbonnet,,,Hat,Wig,Able Sisters,Yes,"1,000",-,250,200,12,3,chief,Antique,-,colorful,colorful,iconic,Male,-,No,,No,-,ウォーボネット,corona de plumas,coiffe amérindienne,coiffe d'indien,Federschmuck,cappello indiano,인디언 모자,,1.0,27F1,288D,hlmt_warbonnet,No,,warbonnet,,,-
216,Wario hat,,,Hat,Hat,Able Sisters,Yes,800,-,200,160,10,3,-,Toy Shop,-,yellow,yellow,flashy,Male,-,Yes,,No,-,ワリオのぼうし,gorra de Wario,casquette Wario,casquette Wario,Wario-Mütze,cappello Wario,와리오 모자,,1.0,279C,282E,cap_hat_wario,No,,Wario hat,,,-
217,watermelon hat,,,Hat,Hat,Able Sisters,Yes,640,-,160,128,8,3,watermelon,Rustic,-,green,green,cute,Unisex,Fruit,No,,No,-,すいかのぼうし,gorro sandía,chapeau pastèque,chapeau pastèque,Melonenhut,cappello anguria,수박 모자,,1.0,27B4,2846,cap_fruit_watermelon,No,,watermelon hat,,,-
218,werewolf hood,,,Helmet,Helmet,Able Sisters,Yes,"1,031",-,257,205,12,33,-,Quirky,-,yellow,brown,flashy,Unisex,Animal,No,,No,-,オオカミおとこのマスク,capucha hombre lobo,masque de loup-garou,masque de loup-garou,Werwolfmütze,copricapo licantropo,늑대 인간 마스크,,1.0,283B,28D7,hlmt_hlwn_fierceanml,Yes,,-,,,-
219,white cap,,,Hat,Hat,Able Sisters,Yes,320,-,80,64,4,3,-,-,-,white,white,sporty,Unisex,Manufactured,Yes,,No,-,しろいキャップ,gorra N,casquette blanche,casquette blanche,N-Kappe,cappello bianco,하얀 야구 모자,,1.0,27D1,2863,cap_cap_wht,No,,white cap,,,-
220,white police cap,,,Hat,Hat,DLC,Yes,480,-,120,96,6,300,-,-,-,white,black,official,Male,-,Yes,,Yes,-,しろいけいかんぼう,gorra policía blanca,casquette police B,casquette police B,Polizeimütze (weiß),capp. polizia bianco,하얀 경찰모,,1.0,27C8,285A,cap_cap_police_korean,No,,white police cap,,,-
221,white school cap,,,Hat,Hat,DLC,Yes,360,-,90,72,4,300,-,-,-,white,white,sporty,Unisex,-,Yes,,Yes,-,しろあおのぼうし,gorra colegio blanca,casqu. écol. blanche,casqu. écol. blanche,Schulmütze (weiß),cappellino bianco,백팀 운동회 모자,,1.0,27C7,2859,cap_cap_group_whiteBlue,No,,white school cap,,,-
222,white-team cap,,,Hat,Hat,Able Sisters,Yes,360,-,90,72,4,3,-,-,-,white,white,sporty,Unisex,-,Yes,,No,-,しろぐみのぼうし,gorra blancos,casquette des blancs,casquette des blancs,Weißteamkappe,berretto team bianco,백팀 모자,,1.0,27C1,2853,cap_cap_group_white,Yes,,-,,,-
223,witch's hat,,,Hat,Hat,GracieGrace,No,"4,800",-,"1,200",-,60,251,witch,Quirky,-,black,black,historical,Female,Manufactured,Yes,,No,-,まじょのぼうし,sombrero bruja,chapeau de sorcier,chapeau de sorcier,Hexenhut,cappello da strega,마녀 모자,,1.0,27AF,2841,cap_hat_witchs,No,,witch's hat,,,witch's hat
224,wizard's cap,,,Hat,Hat,Able Sisters,Yes,200,-,50,40,2,3,-,Toy Shop,-,green,green,cute,Unisex,Dotted,No,,No,-,とんがりぼうし,gorro mago,chapeau de magicien,chapeau de magicien,Zauberhut,cappello da mago,마법사 모자,,1.0,2797,2829,cap_cap_wizards,No,,wizard's cap,,,-
225,wrestling mask,,,Helmet,Helmet,Able Sisters,Yes,900,-,225,180,11,3,pro wrestler,-,-,red,red,sporty,Unisex,Nature,Yes,,No,-,プロレスのマスク,máscara de luchador,masque de catch,masque de catch,Wrestlingmaske,maschera wrestling,프로 레슬링 마스크,,1.0,280F,28AB,hlmt_mask_wrestling,No,,wrestling mask,,,wrestling mask
226,y. New Year's hat,,,Hat,Hat,Redd,No,300,-,75,60,3,33,-,-,Year sold by Redd,yellow,yellow,cute,Unisex,Nature,Yes,,No,-,ニューイヤーハットきいろ,gorro Año Nuevo ocre,chapeau nouvel an J,chapeau nouvel an J,Neujahrshut (gelb),capp. Capod. giallo,노란 새해 모자,,1.0,27CE,2860,cap_newyear_ylw,Yes,,-,,,-
227,yellow cap,,,Hat,Hat,Able Sisters,Yes,320,-,80,64,4,3,-,-,-,yellow,yellow,sporty,Unisex,Manufactured,Yes,,No,-,きいろいキャップ,gorra amarilla,casquette jaune,casquette jaune,Streifenkappe,cappello giallo,노란 야구 모자,,1.0,277A,280C,cap_cap_ylw,No,,yellow cap,,,yellow cap
228,yellow Pikmin,,,Hat,Hood,Fortune,No,-,-,210,-,10,151,-,Toy Shop,-,yellow,white,cute,Unisex,-,No,,No,-,きピクミン,Pikmin flor,Pikmin fleuri,Pikmin fleuri,Blüten-Pikmin,berr. Pikmin giallo,노랑피크민,,1.0,2823,28BF,hlmt_pikmin_yellow,Yes,,-,,,-
229,yellow ribbon,,,Hat,Accessory,Able Sisters,Yes,240,-,60,48,3,3,-,Fairy Tale,-,yellow,yellow,cute,Female,Manufactured,No,,No,-,きいろいリボン,lazo amarillo,ruban jaune,ruban jaune,Bernsteinband,fiocco giallo,노란 리본,,1.0,27B8,284A,cap_ribbon_ylw,No,,yellow ribbon,,,yellow ribbon
230,yellow-pumpkin head,,,Helmet,Covered Helmet,Villagers,No,-,-,"1,000",800,50,51,-,Rustic / Quirky,-,yellow,yellow,flashy,Unisex,-,Yes,,No,-,イエローかぼちゃマスク,calabaza amarilla,citrouille jaune,citrouille jaune,Kürbiskopf (gelb),testa zucca gialla,옐로 호박 마스크,,1.0,2847,28E3,hlmt_jackolantern_2,Yes,,-,,,yellow-pumpkin head
231,Zelda wig,,,Helmet,Hood,W. Link's RV,No,-,-,600,-,30,300,-,Fairy Tale / Toy Shop,-,brown,yellow,iconic,Unisex,-,No,,No,-,ゼルダひめのあたま,peluca de Zelda,perruque Zelda,perruque Zelda,Zelda-Perücke,parrucca da Zelda,젤다 공주 가발,,1.4,-,28EA,hlmt_wig_zelda,Yes,,-,,,-
-,patched hat,,,Hat,Hat,Villagers,No,-,-,-400,-,-,51,-,Quirky,-,gray,gray,historical,Unisex,-,No,,No,-,ボロのぼうし,gorro remiendos,chapeau rapiécé,chapeau rapiécé,Flickenmütze,berretto rattoppato,낡은 모자,,1.0,27CB,285D,cap_patched,Yes,,-,,,-